IDU,row_spacing,plant_spacing,rmse,match_rate,density_ratio,points_expected,points_found,unmatched_grid_pct,vines_missing_pct,vines_missing_pct_presence
840870000I1614,1.45,1.3,0.248,0.714,5.8,29,5,82.76,75.86,82.76
262750000E0193,1.9,1.25,0.482,0.68,9.7,1271,157,87.65,81.83,89.69
841330000G0674,2.1,1.15,0.519,0.48,2.52,1136,565,50.26,0.0,60.39
840300000D0607,1.25,1.35,0.189,0.714,183.4,917,5,99.45,99.24,99.45
841090000C0112,2.25,1.1,0.376,0.823,2.51,898,344,61.69,53.45,60.13
841380000F0469,2.0,1.25,0.552,0.745,6.31,1457,286,80.37,73.64,84.15
840560000B0053,2.35,1.05,0.524,0.606,3.85,3720,1161,68.79,48.49,74.03
830570000F0111,2.4,1.75,0.538,0.608,7.56,1059,183,82.72,71.58,86.78
263220000A0111,2.2,1.1,0.54,0.693,7.37,4832,828,82.86,75.29,86.42
830040000C1049,1.0,1.95,0.258,0.364,26.42,502,16,96.81,91.24,96.22
840390000G0372,1.75,1.25,0.443,0.701,2.59,888,354,60.14,43.13,61.37
84012000AO0360,1.95,1.1,0.098,0.667,57.25,229,4,98.25,97.38,98.25
26377000AT0279,1.6,1.2,0.433,0.643,13.97,1746,126,92.78,88.77,92.84
840160000L2553,1.8,1.2,0.502,0.66,8.28,17228,2346,86.38,79.35,87.93
07152000ZA0022,1.55,0.95,0.413,0.627,1.47,651,412,36.71,0.0,31.95
26377000AI0240,2.0,1.15,0.486,0.601,13.15,2169,185,91.47,85.8,92.39
830460000E0958,2.45,1.85,0.535,0.424,18.91,1267,89,92.98,83.43,94.71
830180000C1171,2.1,1.35,0.491,0.422,15.33,1303,97,92.56,82.35,93.48
841260000A0166,2.2,1.1,0.43,0.722,1.76,2628,1577,39.99,16.89,43.34
071520000D0003,1.8,1.15,0.456,0.497,2.19,591,296,49.92,0.0,54.31
84102000AH0036,1.9,1.25,0.498,0.592,27.89,6358,267,95.8,92.91,96.41
83096000AC0289,2.35,1.85,0.531,0.545,2.97,1326,584,55.96,19.23,66.37
830910000E0104,2.0,1.25,0.49,0.4,2.97,4158,1683,59.52,0.0,66.28
841360000A0227,2.15,1.05,0.34,0.98,13.02,2266,145,93.6,93.47,92.32
26220000AC0120,2.1,1.0,0.506,0.508,2.43,1847,933,49.49,0.6,58.8
070700000B0119,1.75,1.3,0.481,0.531,8.82,6844,878,87.17,75.85,88.66
841060000C0957,1.8,1.25,0.447,0.462,74.13,7858,114,98.55,96.86,98.65
83101000AC0489,2.15,0.85,0.498,0.524,2.22,2052,1073,47.71,0.15,54.92
840190000H0969,2.25,1.1,0.506,0.486,3.85,466,142,69.53,37.34,74.03
840220000B0367,1.9,1.25,0.478,0.45,13.36,3715,317,91.47,81.02,92.52
840290000E0854,2.2,1.1,0.515,0.582,3.88,16385,5185,68.36,45.65,74.26
831000000A1507,2.25,0.85,0.498,0.508,2.3,2184,1112,49.08,0.0,56.55
261190000H0334,2.1,0.7,0.118,0.8,49.43,346,4,98.84,98.55,97.98
840960000E0051,2.0,1.25,0.505,0.652,7.5,1305,202,84.52,76.25,86.67
830940000A0098,2.7,1.95,0.561,0.375,4.55,250,78,68.8,16.8,78.0
26345000AI0113,2.2,1.1,0.399,0.892,6.66,4220,593,85.95,84.24,84.98
07324000AX0442,1.5,0.95,0.386,0.531,1.69,1001,533,46.75,0.0,40.96
840100000A0825,2.3,1.4,0.573,0.52,4.72,4134,1238,70.05,42.4,78.83
831000000D0129,2.4,1.5,0.558,0.528,9.29,1848,281,84.79,71.21,89.23
84149000AI0058,1.55,1.15,0.329,0.6,23.52,588,24,95.92,93.2,95.75
840370000G0079,1.7,1.25,0.436,0.882,5.97,3292,563,82.9,80.62,83.26
83136000AL0040,2.3,1.2,0.496,0.404,19.51,2751,172,93.75,84.51,94.87
841000000B0165,2.0,1.25,0.504,0.466,5.57,3346,736,78.0,52.75,82.04
13050000CH0013,2.15,1.15,0.537,0.57,4.18,4656,1438,69.12,45.77,76.07
830320000E1337,2.45,1.3,0.545,0.598,15.32,2696,235,91.28,85.42,93.47
831400000F0611,2.15,1.25,0.55,0.511,2.62,3860,1960,49.22,0.6,61.81
841500000A0031,2.0,1.25,0.537,0.592,10.85,19615,2291,88.32,80.27,90.78
830270000H0148,2.25,1.1,0.407,0.733,1.94,1752,894,48.97,30.37,48.34
841170000A0436,2.1,1.15,0.511,0.525,3.53,399,148,62.91,29.32,71.68
263570000P0195,2.5,1.0,0.425,0.703,13.93,390,26,93.33,90.51,92.82
840870000B0525,1.8,1.2,0.474,0.472,4.89,8912,2030,77.22,51.74,79.57
07313000AH0316,1.7,1.35,0.498,0.619,6.4,2648,476,82.02,70.96,84.37
262750000H0246,1.9,0.95,0.474,0.57,1.87,3027,1754,42.05,0.0,46.55
830750000A1260,2.2,1.15,0.505,0.497,2.63,1674,804,51.97,3.35,61.95
830640000C0491,2.15,1.05,0.53,0.538,2.36,2954,1604,45.7,0.0,57.62
841330000G0664,2.1,1.1,0.514,0.484,2.52,4659,2249,51.73,0.3,60.31
830260000D0993,2.2,1.45,0.533,0.376,4.85,10073,2729,72.91,27.87,79.38
841090000B0057,2.15,1.15,0.479,0.703,2.61,719,310,56.88,38.66,61.61
841170000A0531,2.0,1.25,0.5,0.727,11.94,1636,157,90.4,86.8,91.63
072910000A0178,2.4,1.35,0.454,0.383,20.39,1101,59,94.64,86.01,95.1
840890000A0028,2.5,1.35,0.539,0.41,4.23,3168,991,68.72,23.71,76.36
84137000AC0212,2.05,1.2,0.528,0.552,6.87,2074,388,81.29,66.1,85.44
831430000E0317,2.55,1.15,0.393,0.678,13.37,2955,215,92.72,89.27,92.52
840390000G1255,2.0,1.1,0.489,0.527,2.96,1969,752,61.81,27.53,66.23
84004000BC0052,1.6,1.0,0.371,0.592,47.05,4658,90,98.07,96.74,97.87
84082000AS0030,2.5,1.0,0.464,0.837,2.97,4236,1447,65.84,59.21,66.31
830670000D1471,2.15,0.95,0.511,0.514,2.33,2766,1445,47.76,0.0,57.05
84137000AT0033,2.0,1.25,0.476,0.538,14.75,841,64,92.39,85.85,93.22
841300000B0142,2.4,1.0,0.4,0.551,2.48,355,146,58.87,25.35,59.72
261820000A1110,2.0,1.25,0.529,0.568,5.88,3823,831,78.26,61.71,83.0
263570000M0152,2.15,1.15,0.55,0.601,3.19,1669,686,58.9,31.64,68.66
830460000E0614,2.25,1.6,0.467,0.405,30.59,826,34,95.88,89.83,96.73
840780000B0662,2.1,1.15,0.394,0.705,2.34,3118,1399,55.13,36.34,57.34
071260000D0312,2.5,1.65,0.576,0.504,4.65,892,282,68.39,37.33,78.48
84145000AE0355,2.5,0.9,0.285,0.77,1.16,594,452,23.91,1.18,13.8
831000000D0833,2.05,0.7,0.47,0.564,1.88,4423,2485,43.82,0.45,46.89
840590000B0545,,,,,,,,,,
07279000AL0456,2.25,1.15,0.543,0.508,2.49,2173,1137,47.68,0.0,59.83
841460000B0657,1.95,1.2,0.509,0.528,3.32,282,104,63.12,30.14,69.86
26367000AI0126,2.0,1.25,0.533,0.621,5.4,3145,754,76.03,61.37,81.49
071690000B0724,1.9,1.2,0.475,0.403,4.21,2710,736,72.84,32.55,76.27
840490000A0341,1.95,1.25,0.491,0.658,7.49,854,133,84.43,76.35,86.65
830730000D0590,2.35,1.4,0.569,0.507,12.12,46795,5471,88.31,76.93,91.75
840960000C0429,1.95,1.2,0.484,0.708,11.34,1009,97,90.39,86.42,91.18
84149000AA0013,2.2,1.1,0.53,0.589,4.61,2850,781,72.6,53.44,78.32
840390000G0052,1.75,1.2,0.444,0.676,4.47,3257,767,76.45,65.15,77.65
830940000D0813,2.3,1.3,0.516,0.379,7.45,2064,351,82.99,55.14,86.58
841460000A0164,2.35,1.05,0.317,0.709,2.53,1301,501,61.49,45.66,60.42
841300000B0244,1.95,1.25,0.469,0.703,2.58,1065,466,56.24,37.75,61.22
840290000B0641,2.15,1.15,0.517,0.611,7.13,2260,375,83.41,72.83,85.97
073080000F0414,2.05,1.1,0.495,0.53,2.68,989,419,57.63,20.12,62.69
263770000B0356,1.8,1.25,0.446,0.467,14.92,1477,105,92.89,84.77,93.3
26054000AL0019,2.15,1.15,0.369,0.663,1.73,1503,923,38.59,7.39,42.05
263570000O0032,1.6,1.15,0.369,0.792,8.73,384,42,89.06,86.2,88.54
83148000BR0126,2.3,1.15,0.508,0.598,2.03,1262,746,40.89,1.11,50.71
840670000E0154,2.0,1.25,0.527,0.527,5.59,9314,2121,77.23,56.75,82.12
840490000E0190,2.0,1.25,0.53,0.703,8.88,2789,390,86.02,80.1,88.74
841360000A0935,2.05,1.15,0.464,0.492,6.77,792,127,83.96,67.42,85.23
26345000BD0201,2.1,1.15,0.397,0.779,2.82,3343,1177,64.79,54.8,64.58
840960000F0252,1.4,1.0,0.354,0.718,29.82,4354,107,97.54,96.58,96.65
84103000AH0318,2.5,1.0,0.357,0.904,4.05,965,207,78.55,76.27,75.34
840440000D1191,1.95,1.25,0.457,0.489,39.4,6422,186,97.1,94.08,97.46
84122000AT0189,2.45,1.0,0.478,0.688,16.68,2519,154,93.89,91.11,94.01
84069000AH0276,1.95,1.25,0.514,0.626,9.43,2394,300,87.47,79.99,89.39
840390000A0441,2.0,1.1,0.506,0.593,3.54,5663,1858,67.19,44.64,71.73
840700000A0203,1.9,1.05,0.474,0.528,2.07,1009,538,46.68,0.0,51.73
84008000AH0153,2.35,1.05,0.445,0.791,5.96,1430,246,82.8,78.25,83.22
83016000AE0229,1.75,1.4,0.38,0.523,3.21,106,34,67.92,38.68,68.87
840370000B0350,1.8,1.2,0.493,0.531,2.64,497,223,55.13,15.49,62.17
070990000D0820,2.3,1.45,0.549,0.535,7.06,9862,1858,81.16,64.81,85.83
261820000G0491,2.2,1.0,0.509,0.565,2.08,1944,1128,41.98,0.0,52.01
830330000E0004,2.3,1.05,0.518,0.511,2.37,769,393,48.89,0.0,57.87
841060000E0194,2.15,1.0,0.523,0.587,2.13,1115,657,41.08,0.0,53.0
84046000AK0077,2.25,1.1,0.391,0.71,1.44,374,264,29.41,0.53,30.48
840020000C0266,2.2,1.0,0.534,0.527,2.42,2457,1314,46.52,0.0,58.73
841220000B0617,,,,,,,,,,
84012000AS0061,2.15,1.05,0.442,0.433,11.43,926,88,90.5,78.08,91.25
261920000C0827,2.05,1.2,0.522,0.645,13.64,10120,918,90.93,85.93,92.67
840370000C1176,1.9,1.1,0.444,0.708,26.01,2913,114,96.09,94.47,96.16
261820000E0525,2.5,1.0,0.373,0.772,2.59,2671,938,64.88,54.51,61.36
841220000H0232,2.0,1.25,0.505,0.753,4.0,1221,353,71.09,61.59,75.02
84053000ZC0096,2.5,1.0,0.372,0.783,1.41,2259,1588,29.7,10.27,28.95
84012000AH0124,1.75,1.2,0.367,0.418,4.77,267,56,79.03,49.81,79.03
072910000B0596,2.15,1.15,0.352,0.947,29.28,527,18,96.58,96.39,96.58
07264000AB0247,2.2,1.1,0.366,0.805,1.59,3094,1934,37.49,22.37,36.94
830830000C0256,2.45,1.8,0.461,0.669,2.55,247,115,53.44,30.36,60.73
830650000B0240,2.2,1.35,0.56,0.532,2.64,866,455,47.46,1.27,62.12
262330000C0112,2.5,1.0,0.317,0.697,1.77,1115,634,43.14,18.48,43.59
840160000A1083,2.2,1.0,0.402,0.788,4.56,319,67,79.0,73.35,78.06
261100000A0457,2.2,1.65,0.57,0.522,5.03,533,152,71.48,45.4,80.11
84118000AB0069,2.15,1.15,0.474,0.42,7.49,1821,279,84.68,63.48,86.66
840400000C1232,1.75,1.25,0.256,0.5,45.53,774,17,97.8,95.61,97.8
841090000A0336,2.25,1.1,0.356,0.837,4.97,616,123,80.03,76.14,79.87
262850000D0437,2.05,1.2,0.531,0.66,13.28,7713,735,90.47,85.56,92.47
07042000BK0230,2.0,1.25,0.537,0.646,4.82,2932,795,72.89,58.02,79.26
07317000AC0144,2.0,1.15,0.499,0.506,3.85,36129,10920,69.77,40.32,74.05
26250000ZH0352,1.9,1.25,0.483,0.537,17.47,2253,146,93.52,87.93,94.27
26220000AC0203,2.0,1.25,0.507,0.446,4.83,7476,1871,74.97,43.93,79.28
071690000B0728,1.9,1.2,0.42,0.571,17.79,694,40,94.24,89.91,94.38
840720000E0145,2.25,1.1,0.555,0.625,2.96,418,188,55.02,27.99,66.27
830720000B1188,2.25,1.35,0.435,0.899,9.03,3288,393,88.05,86.71,88.93
840870000L0653,1.75,1.2,0.453,0.523,8.96,2178,261,88.02,77.09,88.84
261880000B0379,2.3,0.9,0.338,0.473,17.44,1727,89,94.85,89.11,94.27
83027000AD0049,2.2,1.1,0.371,0.872,3.7,943,238,74.76,71.05,72.96
07168000AB0422,2.25,1.25,0.523,0.394,3.75,2383,806,66.18,14.06,73.31
13110000BV0074,2.25,1.6,0.536,0.399,8.5,1589,250,84.27,60.54,88.23
07174000AC0251,2.2,1.0,0.497,0.573,2.25,766,393,48.69,10.44,55.48
84082000AN0025,2.25,0.75,0.493,0.579,2.12,1062,582,45.2,5.27,52.92
840440000A0275,2.0,1.25,0.483,0.402,3.63,646,202,68.73,22.29,72.45
84028000AL0172,,,,,,,,,,
830320000B1267,2.5,1.3,0.518,0.526,51.75,4295,103,97.6,95.44,98.07
830720000L0035,2.35,1.25,0.446,0.714,37.83,1324,40,96.98,95.77,97.36
84081000BK0092,2.05,1.2,0.478,0.477,6.16,2654,479,81.95,62.13,83.76
07345000ZC0386,1.85,0.85,0.437,0.58,1.68,518,305,41.12,0.0,40.54
070150000C0706,1.55,1.15,0.437,0.582,1.67,1939,1138,41.31,0.0,40.18
841260000F0457,2.2,1.1,0.417,0.902,3.63,2173,587,72.99,70.04,72.48
83023000BM0119,2.4,2.25,0.532,0.382,4.29,146,42,71.23,24.66,76.71
840960000D0509,2.0,1.25,0.544,0.624,4.22,12548,3865,69.2,50.66,76.29
070130000B1065,2.25,0.9,0.525,0.584,2.09,2048,1211,40.87,0.0,52.15
831480000C0282,1.95,1.1,0.45,0.386,3.29,22540,7468,66.87,14.2,69.65
840720000C0080,2.1,1.15,0.525,0.657,4.29,789,224,71.61,56.78,76.68
13050000BS0034,2.45,0.9,0.353,0.821,18.93,776,32,95.88,94.97,94.72
262750000C0382,1.3,1.1,0.329,0.705,36.54,1352,31,97.71,96.75,97.26
831080000H0019,2.45,1.4,0.54,0.38,7.24,8649,1592,81.59,51.58,86.19
841000000A0011,2.05,1.2,0.48,0.584,4.27,927,257,72.28,52.54,76.59
84122000AI0107,2.05,1.2,0.496,0.593,7.77,1126,169,84.99,74.69,87.12
84137000AZ0096,2.0,0.95,0.346,0.438,128.81,2061,14,99.32,98.45,99.22
830490000D2084,2.35,1.25,0.499,0.376,9.18,257,32,87.55,66.93,89.11
830830000C0933,2.45,1.5,0.525,0.448,3.67,191,69,63.87,19.37,72.77
830180000C0250,2.4,1.8,0.512,0.531,4.2,1281,391,69.48,42.47,76.19
83101000AC0486,1.9,0.95,0.456,0.502,2.12,3785,1903,49.72,0.0,52.76
840470000D1471,2.35,1.05,0.363,0.719,1.77,969,542,44.07,22.19,43.34
070700000B0472,1.9,1.2,0.48,0.44,2.81,5318,2183,58.95,6.77,64.4
261560000D0768,1.85,1.05,0.409,0.386,2.72,87,34,60.92,0.0,63.22
07264000AL0036,2.5,0.95,0.381,0.765,1.3,3310,2491,24.74,1.6,23.35
841220000H0352,2.2,1.1,0.529,0.493,3.25,3921,1556,60.32,19.48,69.19
263480000C0481,2.05,1.15,0.399,0.75,29.5,531,18,96.61,95.48,96.61
841260000B0390,2.05,1.2,0.532,0.626,6.6,7356,1398,81.0,69.62,84.86
840870000C1077,,,,,,,,,,
073170000B0147,1.9,1.2,0.483,0.63,3.57,1480,472,68.11,49.39,72.03
07264000AV0175,2.2,0.95,0.34,0.944,47.69,2003,34,98.3,98.2,97.9
83097000AK0167,2.25,2.0,0.479,0.365,5.57,117,23,80.34,46.15,82.05
841380000B0092,2.15,1.15,0.554,0.616,3.24,6782,2829,58.29,32.34,69.09
841170000B0744,2.25,1.1,0.482,0.842,2.25,1530,762,50.2,40.85,55.62
840420000C0453,2.5,1.35,0.523,0.472,18.12,5616,403,92.82,84.81,94.48
840020000A1082,2.5,1.4,0.434,0.535,2.09,2489,1317,47.09,1.08,52.07
840560000A0826,2.0,1.25,0.537,0.652,13.02,12112,1182,90.24,85.02,92.32
263570000Y0055,2.4,0.95,0.383,0.556,23.35,864,35,95.95,92.71,95.72
840190000H0976,2.15,1.1,0.403,0.59,2.9,342,121,64.62,40.06,65.5
841340000A0287,2.0,1.25,0.546,0.603,3.33,2133,847,60.29,34.13,69.95
070090000B0642,2.0,1.15,0.512,0.584,3.99,4615,1350,70.75,49.92,74.91
840720000D0358,,,,,,,,,,
840120000A0408,2.0,1.25,0.52,0.697,9.17,1513,191,87.38,81.89,89.09
830890000B0279,2.2,1.8,0.55,0.407,5.47,1285,324,74.79,37.98,81.71
07264000AS0202,2.15,1.15,0.548,0.582,2.53,3073,1594,48.13,10.8,60.4
84122000AV0024,2.15,1.15,0.452,0.936,8.91,1123,132,88.25,87.44,88.78
26345000AW0045,2.25,1.05,0.45,0.6,12.76,434,36,91.71,86.18,92.17
830670000D1348,1.65,1.2,0.43,0.39,2.74,1385,536,61.3,0.79,63.47
841460000B0494,1.65,1.3,0.473,0.437,2.6,328,143,56.4,0.3,61.59
841380000D0019,2.4,1.0,0.421,0.87,5.59,8339,1382,83.43,80.96,82.11
830310000F1325,2.35,0.8,0.436,0.781,1.23,1310,1040,20.61,0.0,18.93
26345000AO0198,2.0,1.25,0.506,0.692,6.78,644,110,82.92,75.31,85.25
84012000AD0352,1.95,1.25,0.5,0.703,13.97,1579,128,91.89,88.47,92.84
840100000A0117,2.35,1.4,0.559,0.581,4.19,1098,360,67.21,43.53,76.14
840450000C0817,2.25,1.1,0.488,0.691,3.72,1416,438,69.07,55.23,73.09
840570000C0198,,,,,,,,,,
830040000C0302,2.25,1.85,0.561,0.586,2.55,648,352,45.68,7.25,60.8
830210000C0082,1.7,1.0,0.292,0.667,247.0,4940,18,99.64,99.45,99.6
841170000A0022,1.8,0.85,0.451,0.596,1.73,504,298,40.87,0.79,42.06
841220000A0133,2.05,1.15,0.435,0.384,3.71,390,118,69.74,21.28,73.08
131090000A0911,2.1,1.7,0.509,0.392,8.38,1408,215,84.73,61.08,88.07
840300000D0016,2.05,1.2,0.494,0.55,4.29,1097,316,71.19,47.58,76.66
830670000C1766,2.5,1.85,0.529,0.555,3.75,1798,623,65.35,37.6,73.36
07245000AT0073,1.7,1.05,0.441,0.598,1.64,618,378,38.83,0.0,39.16
840370000G0062,1.85,1.15,0.433,0.783,2.57,887,358,59.64,48.48,61.1
83068000CP0031,2.35,0.9,0.494,0.604,1.85,2721,1678,38.33,0.0,46.05
830510000F0736,2.05,1.45,0.47,0.406,15.96,1484,108,92.72,82.08,93.73
840390000F1059,2.0,1.1,0.502,0.582,2.62,734,320,56.4,25.07,61.85
830460000E1996,2.35,1.7,0.576,0.443,6.35,5151,1183,77.03,48.2,84.26
830920000A1105,1.7,0.9,0.406,0.492,1.92,3291,1622,50.71,0.0,47.92
840370000D0019,1.75,1.25,0.424,0.845,1.97,1107,577,47.88,38.3,49.32
840940000C0213,2.25,1.1,0.533,0.505,2.59,1545,752,51.33,3.62,61.36
841370000B0348,2.15,1.15,0.531,0.618,6.75,2078,392,81.14,69.49,85.18
84118000AT0099,1.55,1.25,0.455,0.464,2.32,2754,1283,53.41,0.0,56.9
26345000AV0105,2.2,1.05,0.306,0.743,1.32,1787,1344,24.79,0.0,24.51
07279000AT0016,2.45,1.25,0.562,0.554,5.96,292,67,77.05,58.56,83.22
831080000F0387,2.15,1.05,0.529,0.531,2.37,5908,3153,46.63,0.0,57.87
07168000AC0037,2.4,1.45,0.562,0.511,8.18,1922,333,82.67,66.08,87.77
13001000NP0070,2.5,1.1,0.339,0.706,1.39,7452,5284,29.09,0.0,28.09
840390000D0123,1.9,1.15,0.428,0.674,2.97,398,145,63.57,45.98,66.33
840020000A0662,2.15,1.0,0.516,0.525,2.32,6693,3525,47.33,0.0,56.82
072640000B0139,2.15,1.15,0.538,0.619,3.65,1819,654,64.05,41.95,72.62
13091000AH0049,2.25,1.1,0.544,0.522,2.72,2658,1291,51.43,6.92,63.28
840470000C1626,2.0,1.2,0.51,0.481,2.57,6013,2849,52.62,1.51,61.1
840370000H0339,2.5,0.85,0.306,0.831,1.61,716,393,45.11,33.94,37.85
830040000C0986,2.25,1.9,0.543,0.369,10.63,914,118,87.09,64.99,90.59
84041000AH0105,,,,,,,,,,
26345000AP0280,2.0,1.25,0.531,0.587,3.24,2268,911,59.83,31.53,69.18
83068000AZ0132,2.15,1.15,0.529,0.534,2.36,5094,2758,45.86,0.0,57.6
830190000G2020,2.5,1.25,0.552,0.493,2.81,9350,4511,51.75,2.21,64.36
84028000AK0074,2.1,1.15,0.507,0.692,7.29,1298,216,83.36,75.96,86.29
830490000C1332,2.5,2.15,0.562,0.484,2.96,2051,873,57.44,12.04,66.26
84012000AE0028,2.0,1.25,0.459,0.404,7.34,778,124,84.06,60.54,86.38
841090000C0555,2.25,1.1,0.504,0.694,3.79,477,150,68.55,54.72,73.58
263570000H0549,2.0,1.25,0.52,0.477,4.86,11322,2935,74.08,45.7,79.41
830920000D1377,2.0,0.85,0.476,0.543,1.98,4535,2525,44.32,0.0,49.61
84104000AB0035,2.0,1.25,0.54,0.57,3.14,6488,2658,59.03,28.18,68.19
841260000A0115,1.95,1.1,0.475,0.661,23.16,3914,187,95.22,92.77,95.68
841260000E1722,2.15,1.1,0.492,0.677,1.7,2323,1581,31.94,0.0,41.15
83023000AH0050,2.45,1.4,0.464,0.496,10.08,1411,166,88.24,76.26,90.08
840520000F0606,2.45,1.45,0.57,0.468,3.23,2440,1086,55.49,4.88,69.02
072910000A0575,2.45,1.45,0.578,0.481,3.45,943,397,57.9,12.41,71.05
83016000AM0222,2.15,1.15,0.508,0.532,3.49,3910,1382,64.65,33.58,71.36
84122000AN0025,2.2,1.1,0.506,0.486,2.53,678,334,50.74,0.0,60.47
840020000D0511,2.5,1.45,0.494,0.647,2.82,994,410,58.75,36.22,64.49
830280000L0231,2.2,0.95,0.527,0.549,2.32,2325,1268,45.46,0.73,56.82
841330000C0294,2.35,1.4,0.566,0.487,3.82,943,353,62.57,23.12,73.81
26345000BH0008,2.0,1.2,0.484,0.702,11.14,958,92,90.4,86.33,91.02
831340000E0537,2.35,1.25,0.527,0.538,22.52,4414,240,94.56,89.9,95.56
841260000F2007,2.15,1.15,0.531,0.583,4.34,2070,597,71.16,50.53,76.96
840290000D0678,2.0,1.25,0.537,0.694,5.08,2896,721,75.1,64.12,80.32
841330000F1012,2.25,1.45,0.584,0.565,4.12,1610,588,63.48,35.34,75.71
84129000BS0008,1.85,1.15,0.483,0.699,11.59,3951,381,90.36,86.21,91.37
840300000E1555,2.0,1.25,0.547,0.609,4.18,1069,346,67.63,46.87,76.05
84024000AC0061,,,,,,,,,,
831000000E1111,1.6,1.1,0.428,0.443,2.31,2046,904,55.82,0.2,56.7
840960000B0350,2.25,1.05,0.46,0.532,39.59,4672,116,97.52,95.33,97.47
13050000BW0216,1.6,1.35,0.42,0.649,20.66,1219,61,95.0,92.29,95.16
831000000D0681,2.2,1.25,0.513,0.498,2.71,317,147,53.63,6.94,63.09
841220000A0754,,,,,,,,,,
26348000AL0037,2.35,1.05,0.356,0.918,3.48,2365,626,73.53,71.16,71.29
261800000C0478,2.1,1.15,0.505,0.633,10.01,1471,164,88.85,82.39,90.01
071690000C1107,2.2,0.95,0.506,0.54,2.18,2211,1199,45.77,0.0,54.09
840020000A0769,2.35,1.45,0.594,0.46,4.77,4837,1555,67.85,30.04,79.04
84127000AX0175,2.0,1.25,0.381,0.892,4.37,761,173,77.27,74.51,77.14
840560000A0040,2.05,1.2,0.544,0.644,2.85,527,244,53.7,28.08,64.9
831080000D0147,2.5,1.6,0.505,0.441,2.9,4112,1814,55.89,0.0,65.52
84012000AD0365,2.2,1.1,0.497,0.619,2.36,1648,819,50.3,19.72,57.65
830460000F0745,2.5,1.85,0.407,0.395,19.53,293,15,94.88,87.03,94.88
84008000AO0076,2.05,1.2,0.503,0.478,7.41,3869,642,83.41,65.31,86.51
840300000D0261,2.05,1.2,0.512,0.653,6.44,695,128,81.58,71.8,84.46
831240000K0291,2.4,1.85,0.559,0.458,4.12,734,240,67.3,28.61,75.75
830270000C0563,2.0,1.25,0.513,0.526,3.97,1170,362,69.06,41.2,74.79
841360000B0156,2.0,1.2,0.492,0.446,2.63,2723,1228,54.9,0.0,62.03
83112000CZ0076,2.0,1.25,0.533,0.582,3.5,2432,899,63.03,36.43,71.42
830850000C0015,1.9,1.15,0.482,0.473,2.39,5521,2649,52.02,0.0,58.14
84028000AY0104,1.45,1.1,0.351,0.736,14.47,1071,64,94.02,91.88,93.09
073430000A0054,2.05,1.15,0.518,0.529,2.39,1701,903,46.91,0.0,58.14
830430000D0244,2.5,1.35,0.398,0.548,2.1,1358,697,48.67,6.26,52.28
13110000BI0026,2.5,1.3,0.531,0.409,3.26,4346,1714,60.56,3.54,69.31
262750000B0141,1.95,0.95,0.486,0.56,1.97,1244,694,44.21,0.4,49.36
070150000C0997,2.0,1.15,0.517,0.562,2.36,958,505,47.29,6.26,57.62
840960000C0209,1.75,0.9,0.306,0.541,47.82,1817,33,98.18,96.64,97.91
841000000A0027,2.1,1.15,0.52,0.5,2.55,1874,928,50.48,0.91,60.78
830570000B0734,2.2,1.3,0.559,0.6,12.08,14828,1654,88.85,81.41,91.73
263220000B0439,2.5,1.0,0.285,0.981,9.5,2204,202,90.83,90.65,89.47
840870000L0199,1.45,1.2,0.405,0.7,30.56,2628,77,97.07,95.81,96.73
840090000G0458,1.9,0.95,0.459,0.487,2.23,4316,2096,51.44,0.19,55.24
831000000A0635,2.25,1.3,0.548,0.392,4.21,11293,3654,67.64,17.45,76.27
07228000AA0311,2.4,0.8,0.277,0.73,1.27,1421,1021,28.15,1.55,21.46
13072000AL0048,2.45,1.05,0.435,0.611,1.71,2648,1640,38.07,0.0,41.47
830940000G0701,2.15,1.65,0.553,0.41,3.32,1220,495,59.43,1.07,69.92
840870000N0543,2.0,1.1,0.503,0.52,3.64,13470,4382,67.47,37.41,72.51
840720000A0239,1.8,1.0,0.454,0.493,2.11,855,429,49.82,0.0,52.63
840710000A1765,2.15,1.05,0.523,0.557,2.24,5865,3270,44.25,0.0,55.31
840390000G1403,2.05,1.05,0.495,0.561,2.68,1039,440,57.65,24.45,62.66
830910000D0148,1.55,0.8,0.376,0.513,1.66,3813,1959,48.62,0.0,39.71
830870000C0509,2.2,1.3,0.551,0.456,3.05,7035,3155,55.15,1.75,67.24
830190000G0621,2.0,1.35,0.419,0.641,7.32,10370,1515,85.39,77.21,86.34
840490000A0720,1.95,1.25,0.439,0.489,2.36,394,185,53.05,4.06,57.61
073080000A1510,1.85,1.2,0.477,0.47,3.21,613,219,64.27,23.98,68.84
841480000E0167,,,,,,,,,,
84082000BH0335,2.25,1.1,0.448,0.779,1.93,1188,669,43.69,27.69,48.15
26271000ZC0175,2.0,1.25,0.541,0.624,3.6,3293,1204,63.44,41.42,72.21
84036000AY0331,1.8,0.75,0.425,0.561,1.7,1066,592,44.47,0.94,41.09
830250000C0214,,,,,,,,,,
831000000E0632,2.1,0.95,0.505,0.544,2.17,7368,4031,45.29,0.0,54.02
26179000ZC0129,2.0,1.25,0.542,0.646,5.61,12441,2900,76.69,63.93,82.18
830950000H0739,,,,,,,,,,
830880000D0351,1.55,0.95,0.4,0.494,1.88,790,393,50.25,0.0,46.71
841130000C0572,2.2,1.25,0.521,0.443,4.31,2450,727,70.33,32.98,76.82
840490000B0442,1.75,1.25,0.188,0.8,106.5,426,4,99.06,98.83,99.06
84127000BM0016,2.05,1.2,0.538,0.588,3.32,6621,2576,61.09,33.82,69.91
84137000AD0231,1.85,1.1,0.467,0.461,2.45,1146,527,54.01,0.35,59.25
841380000L0200,2.05,1.2,0.504,0.513,4.88,2260,543,75.97,53.19,79.51
84137000AX0232,1.9,1.0,0.413,0.411,2.52,722,292,59.56,1.66,60.25
830180000C0796,2.5,1.35,0.367,0.596,1.86,750,433,42.27,3.2,46.27
261800000C0819,,,,,,,,,,
841220000B0067,2.15,1.15,0.505,0.6,10.81,843,90,89.32,82.21,90.75
841260000F0305,2.2,1.1,0.397,0.832,2.7,508,193,62.01,54.33,62.99
84086000AP0249,2.5,1.45,0.583,0.476,3.58,1624,679,58.19,12.13,72.11
83047000BP0003,2.45,0.8,0.391,0.616,1.59,682,419,38.56,0.29,37.24
840510000D0642,,,,,,,,,,
840420000C0355,2.15,1.35,0.546,0.415,3.2,2507,1047,58.24,0.0,68.73
840160000A1203,0.75,1.35,0.033,1.0,405.5,811,2,99.75,99.75,99.75
840390000H1918,2.0,1.1,0.475,0.712,7.0,840,126,85.0,78.93,85.71
263800000C1571,2.0,1.25,0.541,0.721,3.32,601,233,61.23,46.26,69.88
841460000A0307,2.2,1.1,0.549,0.568,2.46,1100,613,44.27,1.91,59.27
830850000A0136,2.3,1.55,0.559,0.401,3.5,4059,1613,60.26,0.96,71.42
840170000C0397,2.3,0.6,0.254,0.658,1.23,949,652,31.3,0.0,18.44
84012000AD0160,2.15,1.15,0.376,0.702,1.6,473,302,36.15,9.09,37.42
840960000B0815,2.05,1.2,0.5,0.52,4.65,1954,484,75.23,52.41,78.51
840160000A0912,2.05,0.95,0.253,0.871,9.38,272,27,90.07,88.6,89.34
26038000ZI0055,2.45,1.0,0.447,0.541,3.53,5577,1689,69.71,44.0,71.67
13034000CO0064,1.75,1.3,0.462,0.404,2.83,715,285,60.14,1.4,64.62
84008000AO0164,2.15,1.15,0.544,0.6,4.16,711,213,70.04,50.07,75.95
263570000S0121,2.0,1.25,0.536,0.586,2.56,1458,752,48.42,12.0,60.97
26250000ZD0026,2.0,1.25,0.519,0.531,3.63,4412,1510,65.78,35.49,72.44
13110000BN0149,2.25,1.5,0.57,0.439,3.61,5269,2110,59.95,8.83,72.29
830450000H0305,2.5,1.9,0.493,0.758,6.11,226,47,79.2,72.57,83.63
830560000C0510,2.35,1.95,0.621,0.496,4.41,344,130,62.21,23.84,77.33
830320000E1536,2.2,1.55,0.514,0.629,32.82,2527,95,96.24,94.02,96.95
831080000D0109,2.45,0.9,0.315,0.685,1.41,1088,743,31.71,0.28,28.86
263570000Y0192,2.2,0.85,0.511,0.608,1.97,2090,1267,39.38,0.33,49.19
830320000A0723,2.45,1.75,0.296,0.778,13.29,93,7,92.47,90.32,92.47
841170000C0369,1.95,1.25,0.462,0.538,4.23,1167,308,73.61,50.99,76.35
830570000B0551,2.5,1.3,0.388,0.9,5.22,3094,613,80.19,77.99,80.83
07279000AO0398,,,,,,,,,,
841500000H0500,2.0,1.25,0.537,0.52,4.41,58183,17302,70.26,42.79,77.3
841000000C0436,2.2,1.1,0.431,0.631,2.3,1867,851,54.42,27.8,56.51
83149000AE0185,,,,,,,,,,
840520000A0195,2.5,1.45,0.423,0.632,1.77,1880,1182,37.13,0.48,43.51
263570000Y0026,2.2,1.1,0.533,0.554,2.32,10532,5820,44.74,0.31,56.91
84104000AB0096,1.75,1.2,0.23,0.556,358.0,1790,5,99.72,99.5,99.72
830320000A0089,2.4,1.8,0.551,0.477,4.34,334,102,69.46,35.93,76.95
070700000B0732,2.3,0.95,0.448,0.54,7.26,741,108,85.43,73.01,86.23
840200000B1136,2.3,1.4,0.564,0.62,6.54,1459,318,78.2,64.84,84.72
830570000B0118,2.15,1.25,0.46,0.562,34.77,1217,36,97.04,94.74,97.12
840020000D0724,2.05,1.25,0.519,0.443,2.87,12288,5369,56.31,1.42,65.16
840440000D1326,2.15,1.15,0.534,0.583,2.66,599,287,52.09,17.86,62.44
830910000E0250,2.1,1.2,0.514,0.397,3.2,20848,8229,60.53,0.7,68.72
841160000D0783,2.0,1.25,0.545,0.636,5.32,11509,2816,75.53,61.53,81.21
840940000E0307,1.95,1.25,0.455,0.411,8.97,538,69,87.17,68.77,88.85
84104000AN0594,1.6,1.25,0.429,0.58,46.42,3899,87,97.77,96.15,97.85
831540000E0286,2.4,1.0,0.51,0.644,1.85,466,300,35.62,0.0,45.92
07056000AE0535,1.9,1.0,0.479,0.562,2.0,1713,961,43.9,0.23,49.97
830720000F0088,2.6,1.25,0.488,0.512,8.18,401,63,84.29,69.33,87.78
84138000BH0116,2.25,1.1,0.3,0.752,1.58,168,103,38.69,18.45,36.9
841370000A0856,2.5,1.0,0.399,0.529,27.9,809,27,96.66,93.7,96.42
072680000B0343,1.95,1.25,0.53,0.635,5.24,4927,1194,75.77,61.82,80.9
830460000F0748,2.25,1.5,0.534,0.494,14.64,1435,123,91.43,82.65,93.17
83097000AH0207,2.25,1.25,0.564,0.527,2.67,2282,1203,47.28,0.0,62.58
84082000AL0129,2.0,1.25,0.536,0.602,2.96,1786,785,56.05,26.99,66.24
263570000N0234,2.1,1.15,0.383,0.9,2.99,2321,755,67.47,63.85,66.52
263220000B0068,1.75,1.25,0.442,0.487,11.12,801,76,90.51,80.52,91.01
830250000H0144,2.35,1.95,0.52,0.375,6.1,177,36,79.66,45.76,83.62
840690000C0175,2.1,1.15,0.515,0.613,11.22,4466,467,89.54,82.94,91.09
830570000C0761,2.35,1.25,0.509,0.387,4.72,731,188,74.28,33.52,78.8
841380000N0378,2.15,1.15,0.556,0.593,3.52,3973,1527,61.57,35.21,71.58
840890000B0168,2.55,1.4,0.519,0.414,7.54,15308,2564,83.25,59.54,86.73
26345000AM0061,2.05,1.2,0.521,0.593,5.41,1900,437,77.0,61.21,81.53
84012000AK0096,2.2,1.05,0.474,0.649,1.79,699,451,35.48,0.57,44.06
840160000A1972,2.15,1.0,0.343,0.66,3.54,453,124,72.63,58.5,71.74
830790000A0733,2.2,1.35,0.523,0.379,4.66,8206,2244,72.65,27.87,78.55
840100000B0007,1.7,0.95,0.368,0.64,33.26,2029,55,97.29,95.76,96.99
841170000B0718,2.15,1.15,0.503,0.426,3.87,1974,606,69.3,27.86,74.16
830970000D0498,2.25,1.25,0.557,0.592,2.37,2978,1711,42.55,3.02,57.89
84104000AH0026,2.25,1.1,0.504,0.67,7.49,442,75,83.03,74.66,86.65
841330000C0573,2.2,1.4,0.568,0.464,3.05,14381,6730,53.2,0.0,67.22
830730000E0070,2.5,1.5,0.562,0.465,3.07,847,387,54.31,1.65,67.41
26071000AC0240,2.4,0.95,0.351,0.419,89.08,1158,13,98.88,97.32,98.88
84106000AO0006,2.0,1.25,0.533,0.667,3.96,737,244,66.89,50.34,74.76
073430000D0155,2.2,1.0,0.529,0.524,2.42,969,507,47.68,0.1,58.72
07324000AX0245,1.7,0.95,0.413,0.514,1.86,3490,1778,49.05,0.83,46.3
26038000ZL0018,2.4,1.0,0.411,0.673,1.6,1496,985,34.16,2.21,37.37
840220000D0027,2.25,1.1,0.395,0.942,3.87,1445,355,75.43,73.91,74.19
840570000B0187,1.65,1.35,0.382,0.507,55.34,1937,36,98.14,96.33,98.19
071130000B0507,2.5,1.6,0.444,0.665,3.69,1799,564,68.65,52.86,72.93
072910000A0758,2.35,1.45,0.566,0.455,3.38,2712,1113,58.96,9.73,70.43
841220000A0776,1.95,1.25,0.504,0.782,12.02,1226,122,90.05,87.28,91.68
26367000AD0166,2.45,1.0,0.39,0.788,1.44,2026,1404,30.7,12.04,30.5
830860000B0644,2.5,0.95,0.416,0.661,1.48,1126,740,34.28,0.53,32.5
840780000B0736,2.0,1.25,0.402,0.831,7.44,387,54,86.05,83.2,86.56
261460000B0958,2.55,1.45,0.501,0.426,4.61,83,23,72.29,34.94,78.31
07143000AK0431,2.0,0.75,0.418,0.716,1.56,744,465,37.5,12.77,35.75
840200000C0591,2.5,1.45,0.556,0.425,6.95,2064,399,80.67,54.55,85.61
261100000B0195,1.9,1.65,0.506,0.507,10.42,1313,151,88.5,77.3,90.4
26038000ZK0057,2.5,0.9,0.275,0.701,1.41,2982,2039,31.62,2.45,29.24
841060000C0850,2.15,0.85,0.47,0.74,1.44,3505,2601,25.79,0.0,30.73
830850000D0553,2.45,1.45,0.529,0.577,2.26,2478,1408,43.18,1.57,55.73
84135000BO0150,2.5,1.0,0.5,0.617,1.88,2633,1659,36.99,0.0,46.79
26220000AK0283,,,,,,,,,,
840960000F0401,2.1,1.1,0.373,0.857,3.81,484,120,75.21,71.07,73.76
83023000BN0083,2.2,1.7,0.562,0.366,5.4,68922,18067,73.79,28.32,81.5
84039000AA0060,2.05,0.85,0.48,0.533,2.05,3974,2097,47.23,1.01,51.11
831350000E0239,1.85,1.05,0.38,0.371,9.57,622,66,89.39,71.38,89.55
841360000B0085,2.25,0.9,0.448,0.758,1.39,4715,3496,25.85,2.14,28.04
830460000E1694,2.35,1.85,0.589,0.458,7.36,3335,681,79.58,55.41,86.42
071260000H0827,2.2,1.45,0.577,0.539,4.37,3250,1103,66.06,37.08,77.11
263570000Y0169,2.0,1.25,0.522,0.57,10.25,5082,616,87.88,78.73,90.24
841360000B0196,2.15,1.15,0.469,0.75,1.76,2189,1401,36.0,14.66,43.08
830040000F0705,2.3,1.3,0.408,0.78,8.68,538,64,88.1,84.76,88.48
830040000G1712,2.45,1.65,0.57,0.478,6.18,1223,278,77.27,52.49,83.81
261820000G0707,1.95,1.25,0.512,0.54,5.63,1521,332,78.17,59.57,82.25
840200000C0844,2.5,1.45,0.478,0.536,2.88,1270,507,60.08,25.51,65.28
840370000D0311,1.8,1.15,0.444,0.77,2.6,1011,392,61.23,49.65,61.52
262750000D0184,2.0,1.25,0.553,0.671,4.1,1245,401,67.79,51.97,75.58
841010000A0248,2.5,1.0,0.405,0.749,1.78,2891,1638,43.34,24.32,43.69
840220000B0378,2.0,1.25,0.533,0.577,5.15,2472,609,75.36,57.32,80.58
841090000C0502,2.1,1.15,0.538,0.622,2.98,3104,1338,56.89,30.73,66.49
830570000A0241,2.2,1.3,0.542,0.505,25.18,20269,1050,94.82,89.74,96.03
830270000B0090,2.0,1.25,0.527,0.48,4.49,17942,5087,71.65,40.93,77.73
07279000AM0368,2.2,1.05,0.532,0.525,2.45,561,295,47.42,0.0,59.18
831340000B0174,2.3,1.45,0.402,0.567,1.98,4154,2340,43.67,0.65,49.42
07152000ZB0101,1.6,1.4,0.435,0.579,3.11,28,11,60.71,32.14,67.86
841300000B0519,2.15,1.15,0.484,0.569,3.48,609,205,66.34,40.89,71.26
84082000AH0054,2.0,1.25,0.498,0.724,11.13,2238,241,89.23,85.12,91.02
840370000F0126,1.95,0.9,0.466,0.545,2.02,741,398,46.29,1.48,50.47
840960000D0327,2.1,1.15,0.414,0.721,1.45,2931,2113,27.91,0.0,31.12
840960000B0729,2.1,0.95,0.493,0.583,2.01,505,292,42.18,0.79,50.3
13110000CK0074,2.5,1.05,0.505,0.652,1.81,6277,4116,34.43,0.0,44.86
072340000A0764,2.3,1.0,0.502,0.524,2.34,745,382,48.72,2.15,57.32
841260000E0022,2.05,1.2,0.383,0.762,1.57,587,388,33.9,13.29,36.12
830920000A0492,2.4,0.75,0.275,0.682,1.33,2914,2038,30.06,0.0,24.67
830850000E0166,2.5,1.45,0.471,0.573,2.02,9560,5518,42.28,0.0,50.55
070130000B1041,2.3,1.0,0.451,0.718,1.78,686,422,38.48,14.29,43.88
840770000C0410,2.0,1.2,0.505,0.633,5.63,1324,280,78.85,66.62,82.25
26345000AZ0036,2.0,1.25,0.518,0.684,3.27,7371,2807,61.92,44.35,69.42
830310000C0065,1.25,0.85,0.273,0.682,162.43,7472,30,99.6,99.41,99.38
830730000A0153,2.35,1.9,0.51,0.52,13.22,423,39,90.78,82.27,92.43
830670000A1073,1.9,1.2,0.465,0.391,3.05,43059,15857,63.17,5.84,67.16
830730000A0158,1.45,0.85,0.034,0.667,657.5,1315,2,99.85,99.77,99.85
26038000ZB0153,2.5,1.0,0.315,0.788,1.66,755,419,44.5,29.54,39.6
07245000AI0079,2.0,1.15,0.493,0.482,2.97,722,290,59.83,16.62,66.34
84004000AM0085,1.9,1.1,0.459,0.662,15.36,1444,100,93.07,89.54,93.49
84104000AO0172,1.95,1.15,0.414,0.589,19.7,788,43,94.54,90.74,94.92
84007000BS0031,2.15,1.15,0.527,0.557,5.2,1461,350,76.04,57.02,80.77
13082000BS0011,2.0,1.25,0.502,0.452,3.47,1924,665,65.44,23.6,71.15
830310000F0588,2.3,2.05,0.596,0.481,5.95,1160,281,75.78,49.66,83.19
830570000C0200,2.4,2.2,0.581,0.403,7.82,1103,174,84.22,60.83,87.22
070150000C0263,1.85,1.15,0.486,0.575,1.98,1589,918,42.23,0.0,49.47
263570000X0131,2.1,1.15,0.466,0.554,15.65,1205,87,92.78,86.97,93.61
26271000ZC0026,1.55,0.95,0.377,0.581,53.57,8089,122,98.49,97.4,98.13
07279000AM0176,2.5,1.25,0.387,0.731,1.45,1935,1402,27.55,0.83,31.01
830470000C0040,2.1,0.85,0.472,0.492,2.24,1316,654,50.3,0.0,55.4
26377000AY0172,1.7,1.1,0.387,0.495,36.73,1910,52,97.28,94.5,97.28
841380000H0493,2.4,1.0,0.324,0.885,10.82,4835,408,91.56,90.47,90.75
83112000DR0044,2.0,1.25,0.51,0.607,11.45,1992,205,89.71,83.03,91.27
841340000E0159,2.2,1.1,0.466,0.778,7.85,13154,1808,86.26,82.33,87.27
840300000D0930,2.25,1.1,0.367,0.652,2.26,3449,1572,54.42,30.12,55.84
84024000AK0005,2.15,1.35,0.56,0.492,2.96,3111,1483,52.33,3.12,66.18
261190000H0402,1.7,1.35,0.399,0.565,11.89,416,35,91.59,85.1,91.59
130800000E0167,2.15,1.15,0.539,0.491,2.79,8409,3965,52.85,3.96,64.15
840960000B0683,2.0,1.25,0.518,0.655,3.84,338,108,68.05,51.18,73.96
831490000E0291,2.45,1.45,0.548,0.387,8.59,7475,1177,84.25,59.33,88.36
261800000B0920,2.0,1.1,0.492,0.47,2.5,9874,4651,52.9,0.0,60.01
841380000B0050,2.05,1.2,0.499,0.684,7.94,826,117,85.84,79.3,87.41
84041000AE0369,2.0,1.15,0.488,0.717,15.43,1805,129,92.85,90.03,93.52
830510000D0431,2.45,1.35,0.476,0.381,138.17,5803,45,99.22,97.97,99.28
84028000AC0167,1.95,1.25,0.495,0.625,10.17,2329,267,88.54,81.67,90.17
84003000CR0028,2.3,1.1,0.443,0.611,26.77,803,33,95.89,93.28,96.26
830910000D0156,2.05,0.9,0.482,0.502,2.19,4529,2284,49.57,0.0,54.25
831480000C3869,2.15,1.2,0.499,0.378,5.16,5510,1280,76.77,38.51,80.64
840720000C0053,2.15,0.9,0.516,0.601,1.97,701,421,39.94,0.0,49.22
83097000AN0202,2.15,2.0,0.529,0.427,4.81,457,119,73.96,38.95,79.21
84016000AB0158,1.95,1.1,0.471,0.548,2.58,488,217,55.53,18.85,61.27
84129000BR0172,1.6,1.3,0.427,0.558,11.13,1024,92,91.02,83.89,91.02
260930000J0251,2.2,0.85,0.514,0.579,2.05,6038,3484,42.3,0.35,51.28
840490000E1194,2.0,1.25,0.52,0.497,6.45,142617,26814,81.2,62.17,84.5
83116000AY0096,2.1,1.2,0.535,0.516,2.56,1556,805,48.26,0.0,60.93
13079000AE0174,1.75,1.0,0.439,0.509,2.0,4037,2055,49.1,0.0,50.04
26345000BD0135,1.95,1.25,0.506,0.635,18.5,4199,264,93.71,90.09,94.59
84012000AP0097,2.05,1.2,0.508,0.559,6.81,919,160,82.59,68.88,85.31
84137000AD0300,2.4,1.0,0.354,0.666,1.83,7549,4135,45.22,17.72,45.48
840420000F0006,1.75,1.15,0.455,0.468,2.24,1912,907,52.56,0.0,55.44
83148000AI0090,2.5,1.35,0.49,0.476,18.39,1122,68,93.94,87.25,94.56
261800000C0603,2.05,1.0,0.385,0.418,14.03,435,33,92.41,81.84,92.87
07345000ZC0252,2.0,1.15,0.483,0.575,2.52,848,398,53.07,18.4,60.26
261820000A0514,2.45,1.0,0.408,0.798,3.53,622,166,73.31,66.56,71.7
26345000BD0245,2.15,1.15,0.533,0.627,3.58,880,308,65.0,44.2,72.05
130800000E0117,2.15,1.15,0.552,0.601,4.44,1133,344,69.64,49.51,77.49
263480000E0346,2.25,1.1,0.411,0.727,2.14,1361,658,51.65,33.5,53.2
263800000G0119,2.0,1.2,0.49,0.647,7.02,639,108,83.1,73.87,85.76
841220000B1397,2.05,1.15,0.481,0.656,11.38,1081,107,90.1,84.92,91.21
831540000E0911,2.35,1.65,0.57,0.379,5.74,69253,17317,74.99,33.96,82.59
841220000B0560,2.15,1.15,0.547,0.606,3.14,871,382,56.14,27.67,68.2
84102000AI0238,,,,,,,,,,
840840000B0284,2.35,1.3,0.563,0.504,3.06,721,328,54.51,9.71,67.27
840470000D1760,2.25,1.1,0.506,0.531,7.1,696,119,82.9,67.82,85.92
841460000D0729,2.3,1.05,0.378,0.883,3.71,3917,998,74.52,71.15,73.04
841360000A0833,2.05,1.2,0.535,0.653,5.45,2686,638,76.25,63.63,81.65
840710000A0547,2.2,1.0,0.384,0.717,1.28,548,411,25.0,0.0,22.08
840960000D0295,2.0,1.25,0.392,0.935,4.54,735,157,78.64,77.14,77.96
83042000AZ0053,1.9,0.8,0.445,0.519,1.95,4528,2371,47.64,0.0,48.7
83107000BT0006,2.3,1.2,0.496,0.654,1.75,3085,2060,33.23,0.0,42.79
830160000A0876,2.2,1.05,0.523,0.511,2.38,14095,7214,48.82,0.0,58.01
831160000B0805,2.15,2.0,0.53,0.368,5.74,356,82,76.97,37.36,82.58
84104000AH0256,2.05,1.2,0.519,0.7,13.68,1779,152,91.46,87.8,92.69
841360000C0473,2.0,1.25,0.499,0.478,3.49,2621,892,65.97,28.84,71.35
840370000A0012,2.05,1.05,0.464,0.68,1.97,1978,1082,45.3,19.57,49.34
83107000AS0431,2.2,1.3,0.551,0.481,2.78,11885,5732,51.77,0.0,63.98
263570000O0056,1.95,1.25,0.544,0.671,3.51,558,204,63.44,45.52,71.51
13087000AO0270,2.25,1.35,0.558,0.489,2.95,3103,1441,53.56,5.0,66.1
070150000A0437,2.25,1.0,0.5,0.544,2.21,406,217,46.55,1.72,54.68
830350000E1675,1.85,1.2,0.433,0.481,17.77,1066,63,94.09,87.71,94.37
840170000B0442,1.9,1.1,0.448,0.523,1.98,376,196,47.87,0.27,49.47
830650000A0809,1.3,0.85,0.312,0.519,1.64,272,138,49.26,2.21,38.97
830770000E0241,2.45,1.35,0.478,0.453,2.73,5768,2465,57.26,5.63,63.33
840300000D1152,2.2,1.1,0.536,0.583,3.9,4594,1522,66.87,43.19,74.36
840290000F0010,,,,,,,,,,
26367000AK0131,2.0,1.25,0.541,0.588,4.12,8964,2846,68.25,45.98,75.74
073120000B1197,1.8,1.25,0.48,0.654,4.41,1044,261,75.0,61.78,77.3
26377000AI0003,1.95,1.25,0.521,0.617,10.09,3129,371,88.14,80.79,90.09
84016000AZ0019,2.0,1.1,0.484,0.544,4.88,2650,600,77.36,58.38,79.51
84012000AK0118,,,,,,,,,,
840960000B0428,2.2,1.05,0.438,0.578,1.86,3161,1824,42.3,0.09,46.12
831480000G0633,1.85,1.15,0.418,0.418,52.47,9760,191,98.04,95.32,98.09
841380000A0188,1.9,1.25,0.511,0.572,6.81,16233,2819,82.63,69.65,85.33
840370000H0046,1.9,1.15,0.5,0.595,4.83,2531,632,75.03,58.0,79.3
841000000A0341,2.1,1.05,0.431,0.443,2.5,302,131,56.62,1.99,59.93
841260000F0154,2.05,1.2,0.501,0.523,3.99,966,297,69.25,41.2,74.95
840370000C0020,2.15,0.8,0.286,0.438,168.26,3197,14,99.56,99.0,99.41
840370000E0612,1.8,1.2,0.489,0.697,7.19,2781,418,84.97,78.43,86.08
83063000AT0228,2.1,1.05,0.509,0.507,2.37,607,307,49.42,0.16,57.83
841060000C0379,2.0,1.15,0.465,0.534,7.18,740,119,83.92,69.86,86.08
841380000H0625,2.0,1.25,0.539,0.675,6.23,4027,825,79.51,69.63,83.96
07042000AO0236,2.2,1.05,0.533,0.583,2.15,1023,617,39.69,0.0,53.47
07042000AI0154,2.3,1.05,0.53,0.546,2.36,945,518,45.19,0.0,57.57
263220000A0948,2.05,1.2,0.493,0.775,14.0,1358,110,91.9,89.54,92.86
261790000C0257,1.3,0.95,0.353,0.506,1.65,339,178,47.49,0.0,39.53
263570000D0195,2.2,0.95,0.312,0.739,1.3,2884,2122,26.42,0.38,22.88
830920000D0742,1.9,1.1,0.479,0.495,2.31,1548,776,49.87,0.0,56.72
070990000D0133,2.2,1.45,0.451,0.612,1.88,440,268,39.09,0.45,46.82
263480000F0447,2.15,1.15,0.535,0.559,2.9,841,364,56.72,22.59,65.52
07345000ZB0043,1.9,1.2,0.52,0.663,4.0,1053,319,69.71,54.32,75.02
070990000D0138,2.3,1.15,0.399,0.666,1.6,766,514,32.9,0.0,37.6
841220000B0157,1.95,1.05,0.384,0.694,34.15,1161,34,97.07,95.78,97.07
830910000C0820,2.3,1.55,0.426,0.445,2.91,3569,1392,61.0,12.3,65.65
261820000B0493,2.35,1.05,0.529,0.573,2.32,1241,681,45.12,4.19,56.97
841260000F0037,2.1,1.1,0.499,0.604,1.96,835,512,38.68,0.0,48.86
84082000AI0228,2.3,0.85,0.523,0.596,2.07,2813,1704,39.42,0.0,51.8
830040000B0871,2.35,0.9,0.508,0.562,2.03,2653,1522,42.63,0.0,50.81
262750000B0026,2.0,1.25,0.459,0.9,3.85,3090,876,71.65,68.51,74.05
840720000I0628,2.4,1.0,0.47,0.807,2.87,192,71,63.02,54.17,65.1
130480000D0852,2.15,1.15,0.546,0.522,3.37,3928,1568,60.08,23.52,70.32
263570000S0077,2.05,1.2,0.542,0.576,2.49,597,317,46.9,7.87,59.8
840940000F0946,2.2,1.1,0.535,0.658,4.75,7065,1848,73.84,60.25,78.94
840300000E1248,2.05,1.2,0.542,0.656,5.33,4708,1136,75.87,63.23,81.22
841380000R0443,2.3,1.05,0.507,0.64,2.3,3953,2077,47.46,17.91,56.62
26179000ZK0055,2.0,1.25,0.535,0.633,8.44,3907,600,84.64,75.74,88.15
263570000K0192,1.45,1.05,0.413,0.489,1.9,610,300,50.82,0.0,47.38
84081000BM0225,2.45,0.8,0.286,0.608,1.63,183,107,41.53,3.83,38.8
13043000BM0005,2.5,1.0,0.45,0.657,2.23,12096,5585,53.83,29.77,55.2
840450000A0079,2.0,1.25,0.53,0.568,3.87,963,317,67.08,42.06,74.14
841060000A0279,2.15,1.15,0.464,0.852,8.55,821,109,86.72,84.41,88.31
26345000AY0049,1.95,1.25,0.497,0.633,19.24,2155,131,93.92,90.39,94.8
262750000F0609,,,,,,,,,,
841500000E0556,2.15,0.8,0.478,0.589,1.8,18073,10710,40.74,0.0,44.31
26054000AO0153,2.0,1.25,0.535,0.526,2.73,3226,1531,52.54,9.76,63.42
841510000A0476,2.5,1.35,0.56,0.476,3.89,385,138,64.16,24.68,74.29
840590000A0323,2.25,1.1,0.545,0.58,2.69,3268,1592,51.29,16.03,62.76
841220000B0442,2.05,1.2,0.381,0.478,2.98,158,55,65.19,27.22,66.46
840960000B0802,2.1,1.15,0.411,0.778,10.2,2999,288,90.4,87.66,90.2
26317000AB0043,1.3,0.85,0.11,0.6,436.75,1747,3,99.83,99.71,99.77
071690000C0821,2.1,1.05,0.517,0.57,2.19,247,142,42.51,0.0,54.25
83136000AS0209,2.4,1.3,0.141,0.8,63.5,254,4,98.43,98.03,98.43
263800000C2267,,,,,,,,,,
841060000A1266,2.0,1.15,0.318,0.722,1.39,9353,6767,27.65,0.0,28.09
84012000AO0432,2.15,1.1,0.34,0.699,6.49,344,51,85.17,78.78,84.59
261920000C0141,2.25,1.1,0.447,0.401,4.2,437,118,73.0,32.72,76.2
840720000I0779,2.15,0.95,0.356,0.365,171.09,3935,23,99.42,98.4,99.42
26179000ZM0162,2.05,1.0,0.507,0.575,2.06,5605,3249,42.03,0.0,51.4
840170000G1256,2.3,1.05,0.363,0.756,2.02,1436,704,50.97,35.17,50.56
83068000AK0010,2.2,1.5,0.584,0.504,3.06,2471,1206,51.19,3.12,67.3
840560000F0067,2.0,1.25,0.431,0.661,2.52,1908,851,55.4,32.49,60.32
84086000AC0125,2.5,1.35,0.536,0.39,5.14,832,215,74.16,33.77,80.53
841400000D0042,2.2,1.25,0.552,0.521,2.69,733,368,49.8,3.55,62.89
83097000AK0187,,,,,,,,,,
830490000D2132,2.3,0.75,0.481,0.601,1.83,2270,1344,40.79,1.41,45.42
831540000E1162,2.2,1.9,0.527,0.437,18.63,1509,107,92.91,83.76,94.63
830720000H1626,2.3,1.6,0.546,0.449,10.78,1250,151,87.92,73.12,90.72
830040000C1131,2.4,0.95,0.51,0.535,2.26,1478,782,47.09,1.01,55.82
26377000AN0124,2.25,1.05,0.472,0.719,8.71,679,82,87.92,83.21,88.51
84016000BB0012,1.9,1.15,0.496,0.598,2.73,3461,1477,57.32,28.63,63.42
830670000C0244,2.4,2.0,0.563,0.459,6.62,675,135,80.0,56.44,84.89
841000000C0608,1.9,1.3,0.526,0.617,4.38,1541,441,71.38,53.6,77.16
841380000O0225,2.4,1.0,0.355,0.779,4.01,1684,374,77.79,71.5,75.06
840680000C0551,2.5,1.15,0.457,0.674,1.69,1211,798,34.1,2.23,40.71
83061000AS0022,2.2,1.25,0.505,0.394,8.93,3232,437,86.48,65.69,88.8
841330000D1119,2.2,1.3,0.528,0.389,3.44,2961,1118,62.24,3.01,70.89
073080000A1529,,,,,,,,,,
841170000B0539,2.2,1.1,0.377,0.801,1.96,357,189,47.06,33.89,49.02
84118000AS0165,2.0,1.25,0.493,0.433,3.27,1324,493,62.76,13.97,69.41
841170000C1101,2.15,1.15,0.46,0.64,4.16,4482,1163,74.05,59.48,75.95
26345000AT0202,2.0,1.25,0.519,0.583,4.4,1242,356,71.34,50.81,77.29
840160000L2506,2.0,1.1,0.508,0.555,3.18,4287,1645,61.63,30.91,68.56
84041000AH0032,2.35,1.05,0.415,0.877,6.83,519,71,86.32,84.39,85.36
840390000H0238,1.95,1.1,0.514,0.568,1.95,2939,1737,40.9,0.0,48.72
84104000AN0013,2.0,1.25,0.531,0.576,3.22,2303,915,60.27,31.0,68.91
841330000F0635,2.0,1.3,0.475,0.422,17.37,1911,125,93.46,84.51,94.24
263570000M0235,1.7,0.85,0.286,0.684,110.38,1766,13,99.26,98.92,99.09
840980000B0240,2.35,0.95,0.243,0.6,124.57,872,6,99.31,98.85,99.2
84118000AX0313,2.15,1.15,0.543,0.544,2.85,1058,490,53.69,14.93,64.93
841220000B1073,2.25,1.1,0.37,0.615,2.52,983,407,58.6,32.66,60.33
830510000A0698,1.6,1.05,0.381,0.575,35.45,3935,104,97.36,95.4,97.18
841360000B0113,2.15,1.15,0.338,0.702,2.22,857,396,53.79,34.19,54.96
84129000AA0032,1.9,1.15,0.513,0.674,3.01,11197,4250,62.04,43.73,66.72
841220000B0781,2.25,1.1,0.542,0.679,3.63,356,129,63.76,46.63,72.47
263570000O0084,2.2,1.1,0.511,0.645,4.56,324,89,72.53,57.41,78.09
840160000A2136,1.8,1.2,0.502,0.688,6.12,7966,1473,81.51,73.14,83.66
840160000K0356,1.55,1.3,0.443,0.702,12.87,1738,134,92.29,89.01,92.23
840300000B0303,2.0,1.25,0.52,0.642,9.13,1150,147,87.22,80.09,89.04
830280000L0167,2.2,1.35,0.546,0.439,3.11,7477,3234,56.75,1.46,67.83
841360000B0139,2.1,1.15,0.514,0.479,3.4,574,209,63.59,24.04,70.56
831340000C0601,2.35,1.9,0.565,0.469,9.06,1260,181,85.63,69.37,88.97
072640000G0180,2.05,1.2,0.485,0.592,11.86,1210,113,90.66,84.21,91.57
07228000AC0285,2.0,1.15,0.511,0.586,4.66,2640,668,74.7,56.82,78.52
841500000D0493,2.15,1.15,0.5,0.531,2.22,1222,653,46.56,0.0,54.91
840720000E0680,1.95,1.25,0.521,0.624,3.32,664,244,63.25,41.11,69.88
840960000C0435,1.95,1.15,0.47,0.724,23.32,2868,134,95.33,93.55,95.71
830350000A0958,2.25,1.1,0.5,0.536,3.68,1816,580,68.06,40.42,72.8
830320000B0575,2.4,1.8,0.47,0.726,6.24,1060,201,81.04,73.87,83.96
841380000S0260,2.15,1.15,0.543,0.533,3.11,1544,650,57.9,20.98,67.88
840840000D0310,2.25,1.35,0.544,0.501,5.54,1274,301,76.37,52.83,81.95
830320000E1460,2.5,1.95,0.492,0.836,4.87,1382,347,74.89,69.97,79.45
840610000B0372,2.1,1.15,0.428,0.375,5.55,222,42,81.08,49.55,81.98
263570000C0205,2.35,1.05,0.471,0.719,2.2,3622,1797,50.39,31.0,54.47
840940000E1048,2.0,1.25,0.535,0.529,3.18,2466,1000,59.45,23.28,68.57
83112000DZ0037,2.0,1.25,0.499,0.529,4.53,1292,343,73.45,49.85,77.94
13079000AE0048,2.25,1.35,0.58,0.528,2.8,2143,1125,47.5,0.51,64.3
830910000B0253,2.45,1.65,0.542,0.41,3.83,1996,714,64.23,12.83,73.9
841220000A0822,,,,,,,,,,
83101000AC0466,2.25,1.35,0.555,0.467,3.0,2301,1048,54.45,2.43,66.71
26071000ZD0081,1.95,1.25,0.511,0.653,4.87,2726,678,75.13,61.92,79.46
841360000C0010,2.25,1.1,0.371,0.78,1.88,884,478,45.93,30.66,46.83
263220000B0006,2.05,1.2,0.441,0.47,4.19,247,70,71.66,39.68,76.11
830910000B0477,2.1,0.95,0.507,0.548,2.19,1663,912,45.16,0.0,54.3
84137000AB0195,2.15,1.15,0.56,0.598,2.66,588,305,48.13,13.27,62.41
831000000D0412,2.2,0.9,0.52,0.559,2.16,3666,2077,43.34,0.0,53.74
830910000E0071,2.1,1.25,0.531,0.448,2.83,60703,27440,54.8,0.0,64.61
26345000BD0278,1.9,1.3,0.491,0.673,9.93,1281,146,88.6,83.06,89.93
841360000A0092,2.1,1.05,0.5,0.564,2.11,801,450,43.82,0.37,52.56
841260000A0070,2.1,1.15,0.361,0.94,7.31,1835,233,87.3,86.49,86.32
840190000D0918,2.0,1.25,0.535,0.624,3.35,1105,411,62.81,40.36,70.14
840290000F0144,2.0,1.25,0.37,0.642,1.72,407,249,38.82,4.67,42.01
83136000AT0321,,,,,,,,,,
84069000AK0070,1.95,1.25,0.47,0.715,29.95,2725,103,96.22,94.72,96.66
841340000A0603,2.15,1.15,0.545,0.644,4.08,1000,317,68.3,50.8,75.5
072910000B0433,2.3,1.75,0.579,0.419,3.75,5850,2285,60.94,6.72,73.3
840390000F0039,2.2,1.0,0.52,0.584,2.57,798,383,52.01,17.79,61.03
84118000AR0202,1.95,1.25,0.514,0.578,5.66,2231,486,78.22,62.3,82.34
84104000AL0173,2.05,1.2,0.48,0.873,4.99,2535,564,77.75,74.52,79.96
84082000AS0261,2.35,1.05,0.359,0.752,1.95,791,397,49.81,33.25,48.8
830790000B0318,2.0,1.25,0.489,0.394,2.95,4467,1769,60.4,0.0,66.06
26377000AI0333,2.5,1.0,0.448,0.53,2.33,519,250,51.83,9.06,57.03
26377000AD0212,1.8,1.2,0.464,0.7,20.24,2348,126,94.63,92.33,95.06
831250000D1288,2.4,1.4,0.493,0.37,8.88,231,30,87.01,64.94,88.74
840910000D0195,2.15,0.8,0.493,0.557,2.01,4981,2760,44.59,0.52,50.13
841170000A0421,1.2,1.15,0.261,0.679,29.32,645,19,97.05,95.66,96.59
830510000F0587,2.05,1.25,0.415,0.4,125.79,2390,20,99.16,97.91,99.21
13014000CH0087,2.05,0.95,0.485,0.479,2.36,2867,1390,51.52,0.0,57.69
84053000ZK0001,2.2,1.1,0.537,0.53,2.99,2917,1267,56.56,18.07,66.61
840570000D0067,,,,,,,,,,
84024000AH0255,2.05,1.15,0.453,0.392,26.08,1721,71,95.87,89.48,96.17
841090000B0129,2.0,1.25,0.484,0.713,7.34,741,122,83.54,76.92,86.37
840960000B0313,2.25,1.0,0.541,0.592,2.17,1278,769,39.83,0.0,53.99
263480000D0308,1.95,1.25,0.519,0.686,10.09,2644,317,88.01,82.53,90.09
840300000D1090,2.3,1.05,0.293,0.781,2.64,1588,615,61.27,50.44,62.09
840760000A0495,2.3,1.3,0.551,0.419,3.36,4523,1832,59.5,3.43,70.2
830730000G0590,2.3,1.8,0.595,0.441,7.1,10698,2378,77.77,49.56,85.91
830270000F0224,2.2,0.95,0.452,0.487,2.14,16586,8109,51.11,0.0,53.23
830180000D1114,1.55,1.1,0.364,0.554,47.61,2333,46,98.03,96.44,97.9
830350000A1669,1.95,1.25,0.482,0.714,21.8,1439,70,95.14,93.19,95.41
83101000AE0271,2.05,0.9,0.481,0.507,2.29,3957,1990,49.71,0.76,56.28
84081000BL0218,2.35,1.05,0.492,0.538,2.49,137,64,53.28,13.14,59.85
840780000B0850,2.1,1.15,0.414,0.866,1.93,2397,1273,46.89,38.67,48.06
84137000AM0028,2.0,1.25,0.5,0.573,3.23,568,219,61.44,32.75,69.01
841330000A0427,2.55,1.45,0.508,0.655,2.4,1097,559,49.04,22.15,58.25
840510000A0311,1.9,1.2,0.459,0.39,3.57,1711,533,68.85,20.11,72.0
84081000AS0082,2.15,0.85,0.479,0.56,2.02,624,349,44.07,0.16,50.48
841090000C0148,2.2,1.1,0.376,0.775,2.27,498,217,56.43,43.78,56.02
07324000AX0212,1.35,0.95,0.377,0.586,1.41,1532,903,41.06,0.0,29.05
262750000E0269,2.3,1.05,0.338,0.88,2.56,1309,483,63.1,58.06,60.96
831060000D0620,2.2,1.5,0.576,0.514,2.97,949,457,51.84,6.32,66.28
841060000E1244,2.25,1.0,0.371,0.844,13.9,542,38,92.99,91.7,92.8
831000000E0597,2.05,0.9,0.493,0.558,2.03,3569,2004,43.85,0.0,50.69
83101000BC0480,2.25,1.3,0.559,0.488,2.78,1849,910,50.78,0.0,64.03
840390000F0464,2.0,1.1,0.354,0.958,4.53,1228,250,79.64,78.75,77.93
841090000C0083,2.2,1.1,0.512,0.557,6.61,2736,486,82.24,68.09,84.87
841380000H1109,2.15,1.15,0.539,0.63,3.83,681,221,67.55,48.46,73.86
840870000K0643,2.0,1.1,0.369,0.886,4.87,4103,769,81.26,78.84,79.45
84028000AZ0363,2.0,1.25,0.493,0.673,3.54,2731,888,67.48,51.7,71.73
84053000ZC0094,2.2,1.05,0.535,0.538,2.35,1873,1024,45.33,0.0,57.45
84082000AN0067,2.4,1.0,0.35,0.709,1.7,1470,834,43.27,20.0,41.29
840440000B0406,2.5,1.0,0.384,0.714,2.17,2235,967,56.73,39.37,53.83
830580000G2261,2.15,1.5,0.397,0.612,17.67,866,52,94.0,90.18,94.34
841500000B0887,2.3,1.05,0.345,0.731,1.46,1401,941,32.83,8.07,31.55
84104000AO0018,2.2,1.1,0.55,0.599,3.28,1102,449,59.26,32.03,69.51
26367000AI0071,2.15,1.15,0.543,0.59,4.13,2824,885,68.66,46.88,75.81
13032000BR0010,2.0,1.1,0.495,0.535,2.14,3746,2014,46.24,0.0,53.18
840220000C0052,2.25,1.1,0.444,0.73,4.91,540,111,79.44,71.85,79.63
841490000E0007,2.05,1.15,0.459,0.83,11.5,1299,122,90.61,88.68,91.3
830350000A1348,2.15,1.15,0.529,0.676,4.21,918,269,70.7,56.64,76.25
261820000G0283,2.35,1.05,0.352,0.715,1.69,412,241,41.5,18.2,40.78
070890000C0799,2.25,0.95,0.433,0.704,7.83,634,81,87.22,81.86,87.22
072680000B0331,2.5,1.0,0.34,0.861,2.17,504,204,59.52,52.98,53.97
840370000F0268,1.75,1.25,0.448,0.677,8.57,343,44,87.17,81.05,88.34
841380000D0017,2.5,1.0,0.44,0.72,5.58,6160,1064,82.73,76.01,82.08
841500000D0145,2.05,1.2,0.513,0.649,8.95,1173,157,86.62,79.37,88.83
841500000F0195,2.15,1.1,0.54,0.563,2.25,2625,1528,41.79,0.0,55.62
840120000B0195,2.1,0.8,0.493,0.607,1.84,694,415,40.2,1.44,45.53
263570000C0150,1.85,1.1,0.473,0.535,2.07,950,513,46.0,0.0,51.68
84086000AC0161,2.35,1.1,0.348,0.816,3.08,222,71,68.02,60.81,67.57
840370000E0519,2.2,1.0,0.526,0.521,2.55,5003,2468,50.67,5.26,60.72
83048000BV0012,2.2,1.2,0.547,0.47,2.88,1852,867,53.19,0.32,65.28
262750000B0289,2.0,1.25,0.477,0.707,7.82,446,70,84.3,77.8,87.22
84118000AI0356,2.15,1.15,0.552,0.573,3.4,548,223,59.31,29.01,70.62
840260000B0235,2.4,1.1,0.374,0.596,1.74,1175,698,40.6,0.34,42.64
83112000EA0007,2.2,1.1,0.404,0.676,1.54,1652,1085,34.32,2.85,35.23
840610000C0382,2.25,1.1,0.375,0.918,10.88,794,67,91.56,90.81,90.81
84012000AO0413,2.0,1.25,0.42,0.435,19.74,1224,64,94.77,87.99,94.93
130770000C1298,2.15,1.15,0.528,0.467,3.79,6508,2210,66.04,27.23,73.62
840370000E1320,2.55,0.85,0.461,0.589,2.82,397,142,64.23,39.29,64.48
840100000A1177,2.3,1.4,0.578,0.513,4.57,1299,426,67.21,36.1,78.14
84104000AO0662,,,,,,,,,,
830350000A1776,2.0,1.25,0.537,0.633,4.8,3778,1018,73.05,57.44,79.17
07042000AE0568,2.0,1.25,0.53,0.595,7.84,7990,1303,83.69,72.59,87.25
84026000AR0034,2.5,1.3,0.393,0.479,6.47,6674,1095,83.59,65.75,84.55
13037000AW0001,2.55,0.95,0.461,0.702,1.61,3515,2306,34.4,6.6,37.98
26038000ZB0122,2.4,1.0,0.485,0.728,5.63,22093,4015,81.83,75.05,82.23
263800000C1577,2.05,1.2,0.524,0.633,6.75,4986,871,82.53,72.38,85.18
07279000AP0064,2.45,1.4,0.529,0.381,5.07,1156,292,74.74,33.65,80.28
841360000C0415,2.1,1.15,0.521,0.52,3.97,5225,1640,68.61,39.67,74.81
841130000C0111,2.45,1.45,0.576,0.481,3.34,672,297,55.8,8.18,70.09
841400000B0810,2.2,1.4,0.55,0.425,3.34,525,217,58.67,2.67,70.1
840960000E0497,2.25,0.75,0.293,0.685,1.25,1824,1307,28.34,0.0,20.01
261800000B0569,2.0,1.05,0.472,0.448,2.47,7520,3374,55.13,0.0,59.56
840870000I0432,2.25,0.95,0.33,0.785,1.4,2294,1564,31.82,13.16,28.64
84106000ZB0144,2.0,1.25,0.524,0.509,2.8,3067,1396,54.48,10.5,64.23
840840000B0757,2.5,1.15,0.377,0.628,1.62,912,583,36.07,0.0,38.38
841260000F0675,2.1,1.15,0.39,0.903,3.92,2209,560,74.65,71.93,74.51
841380000N0269,2.25,1.1,0.487,0.579,11.56,821,77,90.62,83.8,91.35
840190000F1446,,,,,,,,,,
840370000G0492,2.2,1.0,0.51,0.577,2.16,1687,921,45.41,5.45,53.65
841330000C0544,2.15,0.95,0.503,0.497,2.39,2021,1006,50.22,0.0,58.19
072910000B0943,2.15,1.45,0.48,0.645,2.53,725,344,52.55,26.48,60.41
840190000G0681,2.0,1.25,0.526,0.646,5.37,634,148,76.66,63.88,81.39
261190000C1279,2.15,1.15,0.527,0.557,3.09,1263,531,57.96,24.54,67.62
840720000E0305,1.65,1.0,0.415,0.489,2.0,2340,1143,51.15,0.09,50.09
830390000A0462,2.45,1.85,0.575,0.371,9.15,9384,1512,83.89,56.6,89.07
840680000A0485,2.45,1.4,0.591,0.493,4.24,1514,559,63.08,25.17,76.42
841340000A0459,,,,,,,,,,
830570000C0310,2.5,1.2,0.356,0.486,65.0,1170,18,98.46,96.84,98.46
26250000ZB0060,2.25,0.95,0.532,0.547,2.37,1725,947,45.1,0.0,57.8
84007000BS0145,2.15,1.15,0.53,0.716,2.79,784,358,54.34,36.22,64.16
262750000E0348,1.9,1.25,0.487,0.448,4.18,656,184,71.95,37.35,76.07
841220000B1155,2.05,1.2,0.488,0.875,15.08,4674,343,92.66,91.61,93.37
13056000DS0177,2.15,1.15,0.53,0.49,3.05,1999,843,57.83,13.91,67.18
841060000C0954,2.0,1.25,0.533,0.67,4.91,2473,634,74.36,61.75,79.62
261820000B0206,2.05,1.2,0.495,0.439,5.47,4739,1043,77.99,49.86,81.73
262850000C0192,2.4,1.0,0.337,0.696,1.8,546,298,45.42,21.61,44.32
84137000AH1334,2.15,1.15,0.499,0.561,3.04,8496,3227,62.02,32.24,67.07
261880000D1126,2.35,1.05,0.482,0.62,8.25,5476,743,86.43,78.12,87.87
84106000ZA0142,2.0,1.25,0.543,0.589,2.6,3965,2043,48.47,12.48,61.49
841170000A0029,2.2,0.85,0.528,0.591,2.03,624,368,41.03,0.16,50.64
840960000F0392,2.05,1.2,0.479,0.803,5.07,2827,637,77.47,71.95,80.26
83107000BS0115,2.2,1.65,0.542,0.372,4.77,2244,623,72.24,25.4,79.06
840870000K0777,1.55,1.4,0.421,0.688,4.66,4978,1045,79.01,69.51,78.53
830730000D0531,2.5,1.35,0.501,0.436,2.79,1129,489,56.69,0.71,64.13
84050000AH0300,,,,,,,,,,
13079000AI0032,2.5,1.6,0.586,0.441,3.52,1506,646,57.1,2.79,71.58
840720000D0675,2.25,1.1,0.387,0.718,3.59,3872,1026,73.5,63.12,72.11
840200000C1751,1.25,0.9,0.324,0.849,54.83,10692,135,98.74,98.51,98.18
840290000F0415,2.0,1.25,0.505,0.719,8.46,804,110,86.32,80.97,88.18
072640000B0401,2.0,1.25,0.516,0.531,13.28,2762,256,90.73,82.55,92.47
840020000B0642,2.5,1.45,0.469,0.48,3.6,108,36,66.67,30.56,72.22
841220000A0624,2.0,1.25,0.456,0.522,5.19,1184,244,79.39,60.56,80.74
840450000B0008,2.15,1.15,0.501,0.552,3.91,727,224,69.19,44.15,74.42
840370000E0415,1.6,1.35,0.4,0.514,37.27,2087,57,97.27,94.68,97.32
07070000AH0001,1.95,1.1,0.473,0.547,9.79,2594,280,89.21,80.26,89.78
841160000A1117,2.0,1.25,0.534,0.572,3.13,7500,3070,59.07,28.4,68.05
84028000AY0236,1.9,1.25,0.509,0.585,9.25,2831,367,87.04,77.85,89.19
840370000F0087,1.75,1.25,0.503,0.664,4.34,1310,344,73.74,60.46,76.95
26271000ZE0055,2.0,1.15,0.441,0.575,1.9,3661,2126,41.93,0.0,47.28
84104000AI0322,2.1,1.15,0.377,0.753,3.27,752,226,69.95,60.11,69.41
840780000E0515,2.15,1.15,0.532,0.598,2.21,3481,2042,41.34,1.92,54.73
841500000D0223,2.25,1.1,0.511,0.694,2.77,4448,1952,56.12,36.74,63.85
830330000E0133,1.7,0.9,0.41,0.493,1.93,1345,664,50.63,0.0,48.25
26179000ZM0290,2.2,0.9,0.524,0.579,2.15,10189,5863,42.46,0.69,53.53
262750000C0381,1.65,1.3,0.454,0.693,34.99,4794,142,97.04,95.72,97.14
830260000F0630,2.3,1.4,0.558,0.593,2.63,576,310,46.18,9.2,61.98
841380000Q0133,2.0,1.25,0.541,0.561,3.12,3585,1475,58.86,26.72,67.95
830670000C0301,2.05,1.35,0.487,0.504,14.9,1699,136,92.0,84.11,93.29
841340000B0178,2.05,1.2,0.471,0.568,4.19,6087,1636,73.12,52.67,76.11
840370000C0090,2.0,1.1,0.482,0.861,2.64,5988,2345,60.84,54.54,62.06
84149000AC0015,2.25,1.1,0.556,0.651,2.78,2771,1308,52.8,27.5,64.06
830120000L0032,2.5,1.9,0.584,0.454,8.74,1836,319,82.63,61.71,88.56
841210000B0226,2.25,1.35,0.546,0.471,8.94,1297,194,85.04,68.23,88.82
26345000AK0092,2.05,1.2,0.539,0.586,3.13,4251,1777,58.2,28.7,68.05
261820000A0735,2.0,1.2,0.425,0.375,8.84,592,72,87.84,67.57,88.68
840870000L0718,1.6,1.3,0.437,0.564,7.02,428,62,85.51,74.3,85.75
840170000B1520,1.2,1.0,0.194,0.615,340.58,4087,8,99.8,99.68,99.71
84028000BC0139,2.35,1.05,0.51,0.595,2.27,671,370,44.86,7.3,55.89
830500000H1425,2.2,1.9,0.519,0.507,6.51,1582,326,79.39,59.36,84.64
26054000AE0133,2.15,1.15,0.545,0.552,3.02,914,408,55.36,19.15,66.85
841170000B0020,2.15,0.85,0.506,0.58,2.01,2946,1731,41.24,0.0,50.2
830850000B0391,2.45,1.5,0.565,0.469,3.08,1300,606,53.38,0.62,67.54
263480000D0631,2.25,1.05,0.354,0.941,7.22,801,96,88.01,87.27,86.14
840720000C0620,2.15,1.15,0.547,0.555,2.32,1693,950,43.89,0.0,56.82
840770000C0258,2.35,1.05,0.431,0.707,1.64,517,336,35.01,8.12,38.88
841340000C0581,1.95,1.25,0.404,0.901,3.81,446,128,71.3,68.16,73.77
841260000F1456,2.2,1.05,0.313,0.757,1.28,1553,1198,22.86,0.0,21.76
13050000BL0168,2.5,1.0,0.333,0.863,2.28,2272,920,59.51,53.08,56.21
840290000B0915,1.9,1.25,0.517,0.694,16.15,11935,882,92.61,89.35,93.81
830350000E0336,1.95,1.25,0.519,0.648,10.69,5065,566,88.83,82.76,90.64
840390000F1358,1.6,1.2,0.353,0.549,6.03,175,28,84.0,70.86,83.43
830670000D0121,2.45,0.9,0.344,0.702,1.36,2166,1515,30.06,0.37,26.22
263570000K0182,2.0,1.25,0.543,0.596,4.85,2241,612,72.69,54.17,79.38
13050000BX0046,2.5,0.9,0.28,0.717,1.3,158,114,27.85,0.0,22.78
830910000A0687,2.25,1.3,0.554,0.412,3.44,6357,2558,59.76,2.41,70.91
841160000D0959,2.25,1.1,0.457,0.662,3.75,4553,1283,71.82,57.46,73.36
840980000A0546,2.3,1.05,0.429,0.749,2.69,2042,803,60.68,47.5,62.78
830510000E0823,2.15,1.9,0.491,0.53,28.39,1249,53,95.76,91.99,96.48
830920000A0255,2.3,1.35,0.541,0.382,5.62,22307,5289,76.29,38.0,82.22
84073000AV0291,2.4,1.45,0.571,0.597,14.95,5799,539,90.71,84.43,93.31
830770000C1173,2.25,1.4,0.563,0.458,8.55,204352,33407,83.65,64.29,88.3
83097000AK0215,2.5,1.95,0.494,0.564,2.2,791,439,44.5,1.52,54.49
840290000C0001,2.25,1.1,0.437,0.716,3.6,2013,601,70.14,58.32,72.23
84088000AT0190,2.0,1.25,0.536,0.664,5.76,1706,376,77.96,66.82,82.65
072910000B0145,2.45,1.6,0.581,0.44,4.73,9033,2790,69.11,29.81,78.87
840220000B0278,1.9,1.25,0.497,0.647,5.49,609,132,78.33,66.5,81.77
131150000D0127,2.35,1.05,0.369,0.89,4.49,1857,388,79.11,76.52,77.71
13032000BC0048,2.0,1.25,0.517,0.558,7.39,2418,398,83.54,70.51,86.48
26377000AV0103,2.25,0.85,0.147,1.0,50.5,202,4,98.02,98.02,98.02
84137000AC0318,1.95,1.25,0.526,0.628,6.23,7406,1484,79.96,68.11,83.96
830510000B0031,2.15,1.65,0.506,0.409,7.41,882,147,83.33,59.3,86.51
830640000A0287,2.5,1.25,0.439,0.721,1.56,1459,1030,29.4,2.06,35.71
841150000C0283,2.0,1.25,0.533,0.624,5.37,1746,420,75.95,61.45,81.39
841330000C0034,2.3,1.15,0.54,0.646,4.94,1315,352,73.23,58.56,79.77
841380000R0444,2.0,1.25,0.528,0.517,2.76,10856,5039,53.58,10.19,63.77
830720000C1514,2.2,1.45,0.517,0.563,17.72,1737,125,92.8,87.22,94.36
263570000S0129,2.0,1.25,0.545,0.615,3.11,1006,429,57.36,30.72,67.89
840190000F1415,1.9,1.05,0.402,0.373,30.01,4652,158,96.6,90.89,96.67
830460000F0751,2.3,2.0,0.492,0.479,41.2,1648,45,97.27,94.3,97.57
830910000D0239,2.4,0.65,0.279,0.739,1.14,3357,2533,24.55,0.0,12.27
071690000D0130,1.85,1.05,0.466,0.506,2.12,3274,1659,49.33,0.0,52.87
840440000C0798,2.4,1.0,0.334,0.864,17.82,1426,70,95.09,94.32,94.39
84012000AE0459,2.15,1.15,0.516,0.628,4.54,522,150,71.26,54.21,77.97
830790000A1740,,,,,,,,,,
840560000B0063,2.1,1.15,0.522,0.58,2.58,919,453,50.71,15.02,61.26
07279000AX0181,2.35,1.4,0.546,0.384,5.02,3622,972,73.16,30.18,80.07
830260000F0614,2.45,1.75,0.535,0.583,15.53,559,49,91.23,84.97,93.56
840490000C0539,2.2,1.1,0.542,0.594,3.89,3605,1216,66.27,43.19,74.29
831100000A0818,2.15,1.05,0.522,0.526,2.38,4394,2302,47.61,0.32,57.99
841380000H0245,2.15,1.15,0.538,0.565,3.37,4493,1763,60.76,30.54,70.33
840960000F0549,2.0,1.2,0.48,0.661,19.7,1359,80,94.11,91.1,94.92
831000000D1126,2.2,1.15,0.542,0.467,2.85,12314,5783,53.04,0.0,64.89
830670000D0099,2.4,0.75,0.345,0.748,1.23,8829,6693,24.19,0.0,19.01
830910000D0031,2.2,1.2,0.523,0.414,3.14,2708,1118,58.71,0.33,68.17
13050000BP0147,2.05,1.2,0.515,0.518,6.68,1429,264,81.53,64.31,85.02
840300000E2085,2.35,1.05,0.419,0.469,2.95,124,45,63.71,22.58,66.13
840100000B0161,2.25,1.45,0.568,0.472,6.53,7448,1622,78.22,53.81,84.69
830450000D0415,2.15,1.25,0.471,0.389,12.56,1093,100,90.85,76.49,92.04
840170000D0110,2.25,1.1,0.542,0.565,2.78,5180,2409,53.49,17.63,64.07
840370000D0434,1.75,1.25,0.5,0.646,3.82,2500,752,69.92,53.44,73.8
841360000C0626,2.15,1.15,0.399,0.827,2.04,2514,1270,49.48,38.94,51.07
073430000B1211,2.25,1.35,0.526,0.44,2.96,912,397,56.47,0.99,66.23
841460000E0351,2.25,1.1,0.401,0.826,2.11,975,470,51.79,41.64,52.62
830320000E0188,2.2,1.05,0.52,0.502,2.42,596,304,48.99,0.0,58.72
83116000BW0060,2.2,1.1,0.53,0.506,2.45,3949,2019,48.87,0.0,59.2
840450000A0080,2.2,1.1,0.509,0.53,4.93,1194,298,75.04,52.93,79.73
840870000B0151,1.75,1.0,0.402,0.648,39.74,2901,70,97.59,96.28,97.48
840870000L0190,2.0,1.1,0.438,0.698,13.03,482,37,92.32,89.0,92.32
84119000AA0078,2.05,1.2,0.448,0.574,3.19,364,124,65.93,40.66,68.68
84137000AB0294,1.9,1.3,0.486,0.498,6.35,711,126,82.28,64.42,84.25
841300000B0489,2.15,1.15,0.493,0.7,2.25,721,366,49.24,27.46,55.48
261820000B0165,2.5,1.0,0.337,0.891,8.7,1880,188,90.0,88.78,88.51
840960000A0248,2.05,1.1,0.357,0.532,15.74,551,33,94.01,88.75,93.65
830640000A0428,2.55,1.9,0.377,0.364,35.95,791,24,96.97,91.66,97.22
840160000A1625,,,,,,,,,,
831080000E0309,2.4,0.95,0.488,0.62,1.93,1852,1134,38.77,1.19,48.16
263570000X0299,1.9,1.25,0.542,0.65,3.27,327,134,59.02,37.0,69.42
263570000O0161,2.2,1.1,0.353,0.786,1.67,399,239,40.1,23.81,40.1
830670000C1187,2.4,1.45,0.556,0.472,3.07,1308,579,55.73,6.27,67.43
840400000E0130,1.65,1.1,0.392,0.619,20.56,1542,73,95.27,92.35,95.14
840980000A1133,1.95,1.25,0.479,0.627,9.45,1985,230,88.41,81.51,89.42
841110000B0151,1.75,1.15,0.455,0.444,2.41,6464,2861,55.74,0.36,58.56
070090000B0183,2.25,1.0,0.524,0.663,2.34,1473,729,50.51,25.39,57.23
841060000C1431,2.05,0.85,0.491,0.589,1.89,14599,8590,41.16,0.04,46.97
262330000C0205,2.15,1.15,0.544,0.578,2.31,2030,1161,42.81,1.03,56.65
83136000AP0181,2.4,1.9,0.498,0.367,4.76,162,44,72.84,25.93,79.01
07324000AX0186,1.25,0.75,0.323,0.621,1.15,1128,710,37.06,0.0,13.12
830460000E0656,2.25,1.25,0.479,0.399,15.88,1461,112,92.33,80.77,93.7
830940000F0328,2.3,1.65,0.474,0.51,2.31,502,256,49.0,0.0,56.77
84028000AY0280,2.15,1.15,0.391,0.802,4.95,1733,349,79.86,74.9,79.8
841160000D0414,1.7,1.15,0.405,0.562,18.7,1253,68,94.57,90.34,94.65
830350000B0219,2.05,0.95,0.493,0.55,2.09,904,514,43.14,0.0,52.1
84129000BH0027,1.45,1.45,0.0,1.0,11.0,11,1,90.91,90.91,90.91
263570000X0259,2.2,1.1,0.551,0.536,2.54,3263,1728,47.04,1.26,60.68
261880000D0686,2.0,1.25,0.506,0.488,3.6,3487,1176,66.27,30.86,72.21
840370000G0488,2.0,1.1,0.408,0.696,2.33,345,144,58.26,40.0,57.1
84082000AH0254,2.15,1.15,0.529,0.563,2.56,751,383,49.0,9.45,60.99
84118000AC0216,2.25,1.1,0.501,0.633,17.44,2791,178,93.62,89.93,94.27
841360000A0967,1.3,1.15,0.363,0.667,25.97,2779,84,96.98,95.47,96.15
84082000AK0102,2.0,1.25,0.479,0.626,18.83,1525,87,94.3,90.89,94.69
840290000C0326,1.85,1.25,0.473,0.69,15.17,1320,100,92.42,89.02,93.41
840870000K0011,1.75,1.25,0.479,0.681,6.69,983,162,83.52,75.79,85.05
840510000C0540,1.7,0.95,0.329,0.531,81.39,2279,26,98.86,97.85,98.77
84149000BA0028,2.0,1.25,0.541,0.581,3.23,1481,583,60.63,32.21,69.07
071520000A0464,1.55,0.95,0.41,0.563,1.66,321,184,42.68,0.0,39.88
84086000AC0136,1.95,1.0,0.362,0.513,23.64,993,39,96.07,92.35,95.77
830920000D0670,2.1,0.95,0.496,0.511,2.26,8597,4452,48.21,0.0,55.72
070090000C0278,2.15,1.05,0.504,0.565,3.57,428,143,66.59,40.89,71.96
830940000B0996,2.35,1.4,0.392,0.545,1.87,125,72,42.4,0.0,46.4
84118000AX0123,1.75,0.95,0.426,0.496,2.02,1556,768,50.64,0.51,50.39
263570000P0018,2.2,0.95,0.298,0.793,1.17,3062,2465,19.5,0.0,14.57
840420000E0208,2.5,1.2,0.471,0.439,33.69,2392,79,96.7,92.47,97.03
831080000D0187,2.5,1.35,0.507,0.647,1.92,2655,1678,36.8,2.3,47.95
84137000AC0267,2.0,1.25,0.534,0.651,8.42,4747,708,85.09,77.1,88.12
840890000C0105,2.05,1.0,0.507,0.52,2.27,524,271,48.28,0.57,55.92
840490000E0578,2.15,1.15,0.46,0.881,3.57,3753,1114,70.32,66.32,71.97
13037000AT0047,2.0,1.25,0.548,0.608,4.05,3358,1102,67.18,46.04,75.28
830720000D0396,2.75,1.3,0.496,0.502,2.61,772,351,54.53,9.46,61.66
830350000A0862,2.2,1.1,0.516,0.536,2.26,1414,764,45.97,0.0,55.73
830450000B0308,2.5,1.0,0.303,0.85,18.95,360,17,95.28,94.44,94.72
840530000A0061,2.05,1.2,0.534,0.637,6.66,5671,1073,81.08,70.29,84.99
83121000AP0455,2.45,1.7,0.428,0.625,15.56,420,30,92.86,88.57,93.57
130300000N0061,2.7,1.4,0.549,0.401,3.85,1519,540,64.45,11.45,74.0
84137000BC0085,2.2,1.1,0.47,0.729,1.74,1192,767,35.65,11.74,42.62
130800000B0016,2.1,1.1,0.444,0.44,10.9,1166,114,90.22,77.79,90.82
13113000BK0010,2.05,1.2,0.534,0.624,6.66,2478,482,80.55,68.85,84.99
26250000ZA1053,2.0,1.25,0.556,0.634,3.78,3928,1409,64.13,43.38,73.57
830720000C0071,2.25,1.75,0.493,0.402,9.73,808,98,87.87,69.8,89.73
840440000B0330,1.95,1.25,0.484,0.419,3.26,1368,488,64.33,14.77,69.37
84072000CH0062,2.05,1.2,0.548,0.626,4.12,3981,1281,67.82,48.58,75.71
840300000E1824,2.2,1.1,0.467,0.796,2.01,1501,795,47.04,33.44,50.37
26367000AL0114,2.25,1.1,0.551,0.559,2.82,3890,1862,52.13,14.42,64.55
84082000AI0230,2.3,0.9,0.284,0.732,1.28,3834,2882,24.83,0.0,21.6
830970000D0200,2.25,1.5,0.468,0.4,8.0,280,44,84.29,60.71,87.5
841170000B0582,2.2,0.8,0.331,0.79,1.17,1641,1283,21.82,1.04,14.38
840290000E0246,2.25,0.8,0.269,0.722,1.27,205,148,27.8,0.0,20.98
83119000BE0029,2.25,1.4,0.563,0.492,4.18,284,88,69.01,36.97,76.06
830350000E0403,2.25,1.1,0.389,0.617,1.79,3424,1898,44.57,10.16,44.04
84118000AC0147,1.25,0.9,0.283,0.642,75.72,4392,43,99.02,98.47,98.68
841260000F2004,2.15,1.15,0.505,0.729,3.31,1859,679,63.47,49.92,69.82
83149000AK0278,2.5,1.9,0.479,0.647,3.2,572,220,61.54,40.56,68.71
26317000AH0044,2.0,1.25,0.532,0.558,2.67,2235,1087,51.36,12.84,62.55
840680000E0353,2.55,0.75,0.31,0.674,1.31,747,507,32.13,0.0,23.69
840970000D0465,2.3,1.05,0.373,0.95,5.94,1989,303,84.77,83.96,83.16
841330000B0896,2.5,1.4,0.497,0.412,7.89,363,54,85.12,63.91,87.33
840190000D1054,1.65,1.05,0.39,0.676,37.95,2846,71,97.51,96.31,97.36
840290000F0342,2.2,0.8,0.512,0.609,2.0,1291,765,40.74,2.63,49.96
26377000AR0260,2.35,1.05,0.467,0.675,12.03,818,79,90.34,85.7,91.69
830180000C0384,1.45,1.05,0.381,0.705,49.07,8930,158,98.23,97.49,97.96
840720000B0364,2.15,1.15,0.547,0.714,4.26,962,284,70.48,58.63,76.51
840200000B1939,2.05,1.25,0.454,0.421,24.0,2736,131,95.21,88.63,95.83
26250000ZA0021,2.0,1.25,0.539,0.703,6.4,2394,476,80.12,71.72,84.38
840560000A0617,2.0,1.25,0.543,0.614,4.94,3599,952,73.55,56.93,79.74
26367000AR0152,1.4,1.2,0.264,0.433,12.81,205,13,93.66,85.37,92.2
840370000B0374,2.2,1.0,0.484,0.643,3.16,199,72,63.82,43.72,68.34
830580000H0241,2.4,2.0,0.483,0.553,2.93,1902,800,57.94,23.92,65.88
840490000A1112,2.2,1.1,0.407,0.6,3.4,3427,1082,68.43,47.39,70.62
840720000C0766,2.25,1.1,0.329,0.68,1.77,849,494,41.81,14.37,43.58
840160000L2562,1.9,1.15,0.505,0.556,3.25,10866,3913,63.99,35.24,69.22
84118000AH0198,2.2,1.1,0.524,0.513,2.84,689,311,54.86,12.05,64.73
840960000A0006,2.2,1.1,0.499,0.5,5.98,2004,388,80.64,61.28,83.28
841330000A0175,2.2,0.85,0.509,0.524,2.22,5302,2776,47.64,0.06,54.94
830940000E0705,2.6,1.3,0.462,0.441,2.59,311,137,55.95,0.0,61.41
07245000AT0110,1.55,1.2,0.444,0.515,1.95,3968,2069,47.86,0.0,48.61
840390000H0144,1.85,1.1,0.423,0.935,7.27,1301,174,86.63,85.7,86.24
830300000A0778,1.25,2.1,0.307,0.5,28.35,567,17,97.0,94.0,96.47
83123000AD0188,2.0,1.25,0.47,0.438,5.31,866,187,78.41,50.69,81.18
84004000AB0067,2.2,1.0,0.512,0.583,5.42,1784,382,78.59,63.28,81.56
840940000A0039,1.9,1.25,0.515,0.63,7.1,7125,1218,82.91,72.86,85.92
263570000E0195,2.0,1.25,0.216,0.571,27.5,110,4,96.36,93.64,96.36
263570000C0301,2.05,1.2,0.524,0.561,5.75,3450,754,78.14,61.07,82.61
840390000H0152,1.75,1.25,0.505,0.699,4.12,965,262,72.85,61.14,75.75
84141000AS0115,1.95,1.25,0.484,0.492,4.27,607,163,73.15,45.47,76.61
840170000D0323,2.15,1.15,0.473,0.555,5.42,553,117,78.84,61.84,81.56
261920000A0313,2.0,1.25,0.543,0.557,3.03,3542,1557,56.04,21.15,67.0
830670000D0236,2.35,1.45,0.524,0.397,3.25,6121,2407,60.68,0.88,69.24
830350000C0287,2.15,1.15,0.459,0.657,6.27,1830,323,82.35,73.11,84.04
263570000O0191,2.35,1.0,0.262,0.662,1.51,339,221,34.81,1.47,33.92
26165000AZ0264,2.15,1.15,0.522,0.604,7.57,2603,425,83.67,72.95,86.78
840440000C0712,2.0,1.25,0.531,0.582,5.03,3037,782,74.25,55.75,80.11
83016000AH0354,2.0,1.25,0.523,0.612,4.44,906,252,72.19,54.53,77.48
831350000G0277,2.3,1.3,0.216,0.438,50.43,353,7,98.02,95.47,98.02
840940000B0190,2.1,1.15,0.51,0.614,5.22,1044,235,77.49,63.31,80.84
840300000C0247,2.25,1.1,0.389,0.853,2.06,1265,621,50.91,42.45,51.46
263570000B0140,2.3,1.0,0.307,0.722,1.3,1183,887,25.02,0.0,23.33
072680000B0329,2.2,1.1,0.393,0.878,8.35,3600,411,88.58,87.0,88.03
831400000F0265,2.5,1.5,0.381,0.616,1.83,560,331,40.89,4.11,45.36
841220000A0390,2.0,1.15,0.484,0.556,12.66,4596,420,90.86,83.57,92.1
83016000AB0919,1.3,1.5,0.219,0.429,390.89,3518,9,99.74,99.4,99.74
83097000AE0165,2.75,2.25,0.0,1.0,1181.0,1181,1,99.92,99.92,99.92
83069000KZ0109,2.5,1.05,0.408,0.478,2.22,940,447,52.45,0.43,54.89
26345000BD0017,2.15,1.1,0.358,0.873,3.82,401,103,74.31,70.57,73.82
840510000G1025,2.45,1.15,0.465,0.889,31.02,3164,104,96.71,96.3,96.78
84041000AH0213,,,,,,,,,,
840770000C0318,1.9,1.1,0.484,0.538,2.08,3327,1807,45.69,0.0,51.91
84102000AY0047,1.15,1.4,0.071,0.4,507.5,1015,2,99.8,99.51,99.8
830990000B0042,2.5,1.25,0.473,0.562,2.08,4333,2412,44.33,0.92,51.83
263480000E0608,2.0,1.25,0.489,0.521,21.4,2504,135,94.61,89.66,95.33
26054000AL0208,,,,,,,,,,
831110000C0239,2.35,1.4,0.503,0.732,15.98,959,71,92.6,89.89,93.74
83136000AB0069,2.35,1.95,0.587,0.448,9.47,3930,636,83.82,63.84,89.44
840370000F0269,1.4,1.1,0.201,0.643,32.09,353,9,97.45,96.03,96.88
070150000A0607,1.2,1.3,0.417,0.55,1.73,945,528,44.13,0.0,42.12
130480000A0275,2.1,1.1,0.379,0.436,113.88,2847,24,99.16,98.07,99.12
840390000H1439,1.9,1.15,0.335,0.973,5.02,407,71,82.56,82.06,80.1
840530000A0128,2.35,0.95,0.323,0.847,8.67,633,61,90.36,88.63,88.47
840870000N0618,1.85,1.15,0.474,0.46,2.4,596,273,54.19,0.34,58.39
840870000K0599,1.05,1.0,0.247,0.771,773.24,31703,27,99.91,99.89,99.87
84028000AS0186,2.15,1.15,0.557,0.638,3.7,737,272,63.09,42.2,73.0
84024000AC0029,2.5,1.3,0.526,0.604,2.66,913,433,52.57,21.47,62.43
830320000E1360,2.5,1.95,0.571,0.434,11.36,1363,168,87.67,71.61,91.2
840680000E0051,2.4,1.35,0.526,0.417,8.04,2099,332,84.18,62.08,87.57
841460000B0520,2.0,1.2,0.523,0.548,4.02,531,170,67.98,41.62,75.14
830910000A0001,1.9,1.15,0.491,0.489,2.36,31192,15321,50.88,0.0,57.69
13110000BD0061,1.9,0.9,0.443,0.471,2.22,5031,2373,52.83,0.0,54.98
841360000C0410,2.05,1.2,0.484,0.55,4.69,1359,335,75.35,55.19,78.66
840220000B0842,,,,,,,,,,
84082000AH0115,2.25,1.1,0.526,0.67,5.28,1120,270,75.89,64.02,81.07
840370000B0314,,,,,,,,,,
07264000AM0020,2.0,1.25,0.506,0.628,16.16,1713,125,92.7,88.38,93.81
072640000G0269,2.45,1.0,0.424,0.752,12.97,1414,106,92.5,90.03,92.29
26377000AM0336,2.45,1.0,0.452,0.835,1.75,254,152,40.16,28.35,42.91
841000000A0066,,,,,,,,,,
840960000C0720,,,,,,,,,,
13079000BN0107,2.2,1.25,0.557,0.504,2.71,395,200,49.37,0.0,63.04
840530000C0141,2.0,1.25,0.521,0.517,2.36,726,386,46.83,0.0,57.58
840490000A0076,1.9,1.25,0.409,0.667,43.45,956,22,97.7,96.55,97.7
831000000E0608,2.4,0.65,0.347,0.672,1.28,6397,4349,32.02,0.0,21.99
830310000E0099,2.45,1.4,0.452,0.655,77.0,1386,19,98.63,97.91,98.7
841380000B0034,2.1,1.15,0.501,0.615,27.49,3106,131,95.78,93.14,96.36
840490000E0041,2.05,1.2,0.481,0.725,10.13,618,66,89.32,85.28,90.13
07042000AE0003,2.15,1.15,0.525,0.48,2.85,2575,1159,54.99,6.21,64.85
07264000AE0187,2.05,1.2,0.469,0.589,32.27,1581,53,96.65,94.31,96.9
83101000AT0302,1.45,1.15,0.368,0.378,4.92,472,94,80.08,47.25,79.66
26250000ZI0651,1.95,1.25,0.489,0.618,85.75,6860,84,98.78,98.02,98.83
841210000B0047,2.2,1.15,0.546,0.491,2.7,2218,1096,50.59,0.0,62.94
84149000AB0070,2.05,1.2,0.515,0.595,2.54,6053,2938,51.46,18.45,60.57
840160000L0475,1.9,1.15,0.392,0.825,2.73,327,118,63.91,56.27,63.3
26345000BH0144,2.0,1.25,0.538,0.632,7.08,7884,1413,82.08,71.66,85.87
261100000A0590,1.95,1.75,0.513,0.492,11.15,613,63,89.72,79.12,91.03
841500000E0628,2.3,0.85,0.394,0.511,1.83,9823,5096,48.12,0.0,45.38
13050000BL0119,1.9,1.25,0.458,0.447,4.66,298,72,75.84,45.97,78.52
84104000AL0117,2.05,1.2,0.516,0.599,4.69,2620,668,74.5,57.4,78.66
83009000AW0088,2.15,1.15,0.539,0.506,2.73,795,388,51.19,3.52,63.4
84016000AC0027,2.05,1.05,0.507,0.605,2.04,163,92,43.56,6.75,50.92
84122000AH0015,1.8,1.1,0.292,0.562,64.78,583,9,98.46,97.26,98.46
07279000AR0044,2.2,1.15,0.433,0.536,34.44,2480,75,96.98,94.35,97.1
840220000C0049,1.65,1.2,0.392,0.667,25.57,1125,42,96.27,94.4,96.09
830570000C0266,2.35,1.4,0.539,0.393,4.47,4706,1387,70.53,25.05,77.65
262330000B0536,,,,,,,,,,
26317000AH0041,2.05,1.2,0.538,0.546,2.92,1032,461,55.33,18.22,65.79
830450000D0444,2.45,1.45,0.534,0.418,12.07,1617,172,89.36,74.58,91.71
830040000B0412,2.3,1.4,0.424,0.403,15.5,341,25,92.67,81.82,93.55
831000000D0192,2.1,0.85,0.498,0.557,2.08,2235,1253,43.94,0.0,51.86
840450000B0124,2.4,1.0,0.398,0.809,2.92,3121,983,68.5,61.07,65.75
072910000B0541,2.3,1.35,0.482,0.681,4.7,963,241,74.97,63.24,78.71
263570000X0005,2.15,1.15,0.402,0.763,2.13,1135,553,51.28,36.12,53.13
263570000S0025,,,,,,,,,,
840020000B0477,2.45,1.4,0.5,0.806,2.7,1254,556,55.66,44.98,63.0
840510000G0784,2.25,1.4,0.539,0.404,4.62,4301,1241,71.15,28.64,78.35
840670000C0307,1.9,0.9,0.451,0.524,1.94,1164,609,47.68,0.09,48.45
831540000B0252,2.4,1.9,0.562,0.374,6.78,1159,241,79.21,44.43,85.25
263570000H0269,2.05,1.2,0.507,0.598,9.22,1752,222,87.33,78.82,89.16
840300000C0953,,,,,,,,,,
26377000AY0004,1.9,1.3,0.497,0.632,14.92,4611,352,92.37,87.92,93.3
84028000AH0005,2.15,1.15,0.536,0.595,2.57,4338,2171,49.95,15.84,61.07
831430000D0815,2.15,1.75,0.492,0.373,16.84,741,59,92.04,78.68,94.06
840020000A0775,2.3,1.3,0.542,0.393,8.63,21463,3340,84.44,60.44,88.42
84082000AN0078,2.2,0.7,0.284,0.764,1.12,159,120,24.53,1.26,10.69
830720000D0283,2.2,1.25,0.517,0.718,24.53,2453,125,94.9,92.91,95.92
84032000AP0037,1.85,1.25,0.488,0.502,2.29,525,275,47.62,0.0,56.38
84149000AE0057,2.0,1.2,0.457,0.379,59.65,20220,376,98.14,95.09,98.32
830490000E0137,1.95,0.9,0.456,0.5,2.14,2241,1124,49.84,0.0,53.28
13110000CK0032,2.25,1.65,0.58,0.408,4.07,1437,515,64.16,12.11,75.43
841340000B0031,2.25,1.1,0.524,0.483,3.68,1297,460,64.53,26.52,72.86
840510000F1205,2.1,1.05,0.347,0.652,611.4,9171,15,99.84,99.75,99.84
830350000E1205,2.0,1.25,0.508,0.501,2.97,722,297,58.86,17.87,66.34
84090000AI0131,2.6,1.35,0.518,0.579,2.19,923,524,43.23,1.95,54.39
841500000E0032,2.0,1.25,0.517,0.508,2.72,2955,1348,54.38,10.19,63.18
26317000AB0028,2.05,1.05,0.466,0.438,2.59,2223,953,57.13,2.11,61.36
830790000B0485,2.3,1.25,0.528,0.477,12.31,4051,423,89.56,78.13,91.88
840120000B0689,2.0,1.25,0.518,0.512,5.39,17975,4095,77.22,55.47,81.46
071260000H0426,2.2,1.4,0.568,0.612,4.61,1563,478,69.42,50.03,78.31
131150000E0035,2.15,1.15,0.394,0.412,67.21,2218,35,98.42,96.17,98.51
84129000BS0093,2.0,1.1,0.488,0.47,3.09,516,194,62.4,19.96,67.64
073170000C0183,2.05,0.8,0.472,0.574,1.86,867,492,43.25,1.15,46.14
840290000B0720,2.25,0.85,0.424,0.779,1.24,3174,2532,20.23,0.0,19.41
84122000AE0020,2.2,1.1,0.365,0.926,5.9,4950,772,84.4,83.15,83.05
84012000AO0384,1.95,1.25,0.524,0.651,7.01,3099,543,82.48,73.09,85.74
840680000C0279,2.5,1.45,0.449,0.652,1.82,3045,1909,37.31,3.88,45.09
13050000BZ0142,2.15,1.15,0.553,0.571,2.36,424,242,42.92,0.0,57.55
13082000CN0158,1.95,1.25,0.505,0.547,11.83,4154,417,89.96,81.63,91.55
263570000O0066,2.15,1.15,0.489,0.522,8.15,440,60,86.36,73.86,87.73
840300000C0984,2.3,1.05,0.331,0.85,1.68,2529,1405,44.44,34.68,40.45
840960000E1043,2.0,1.25,0.547,0.662,3.02,1081,477,55.87,33.3,66.88
84090000AH0283,1.95,0.85,0.457,0.534,2.02,2476,1324,46.53,0.0,50.61
840970000E0077,2.3,0.95,0.276,0.97,9.53,2391,195,91.84,91.59,89.5
83101000AK0095,2.3,1.9,0.579,0.374,4.56,7385,2411,67.35,12.73,78.09
840940000F0587,,,,,,,,,,
84145000AE0037,1.65,0.9,0.403,0.505,1.84,5588,2816,49.61,0.2,45.6
830250000D0085,1.95,1.2,0.395,0.611,79.25,1585,22,98.61,97.73,98.74
840720000A0591,2.15,1.15,0.545,0.547,3.11,2077,885,57.39,22.15,67.89
841260000F0707,2.0,1.25,0.511,0.58,16.01,2049,156,92.39,86.87,93.75
26367000AO0034,2.25,1.1,0.548,0.511,2.76,2545,1219,52.1,6.25,63.81
840870000B0307,1.8,1.2,0.496,0.685,6.56,2310,374,83.81,76.36,84.76
830570000A0671,1.5,1.25,0.255,0.643,65.67,591,9,98.48,97.63,98.48
830320000E0900,2.55,1.3,0.476,0.818,13.53,3801,320,91.58,89.71,92.61
841300000A0407,2.2,1.1,0.405,0.55,3.39,678,197,70.94,47.2,70.5
83148000AB0045,2.4,1.7,0.592,0.453,8.35,14341,2578,82.02,60.31,88.02
830350000B0514,2.2,1.1,0.441,0.663,1.92,22789,12839,43.66,15.03,47.79
840390000D0019,1.9,1.15,0.487,0.49,3.06,983,364,62.97,24.42,67.34
07228000AA0039,2.0,1.15,0.501,0.62,7.26,3071,497,83.82,73.92,86.23
261800000B0336,1.95,1.25,0.46,0.408,5.45,900,182,79.78,50.44,81.67
831340000A0189,2.3,1.5,0.568,0.4,3.63,11944,4740,60.31,0.82,72.48
830270000B0101,2.1,1.15,0.524,0.786,3.39,1559,563,63.89,54.07,70.49
263480000D1128,2.25,1.1,0.517,0.732,2.82,3779,1642,56.55,40.65,64.49
840200000A0418,,,,,,,,,,
830530000D0228,2.1,1.15,0.508,0.593,2.07,1037,620,40.21,0.0,51.69
840160000D1107,2.2,1.0,0.529,0.584,2.38,651,340,47.77,10.6,58.06
841460000B0590,2.0,1.25,0.526,0.525,8.16,38321,5808,84.84,71.12,87.74
07264000AN0124,1.25,1.15,0.37,0.613,30.06,3788,95,97.49,95.91,96.67
840980000A1291,2.1,1.15,0.493,0.658,9.01,820,106,87.07,80.37,88.9
841460000C0372,,,,,,,,,,
840170000D0067,2.05,1.2,0.541,0.55,3.01,871,395,54.65,17.57,66.82
84118000AZ0066,2.0,1.25,0.517,0.42,3.15,1485,593,60.07,4.98,68.28
26345000AK0184,1.65,1.2,0.461,0.451,2.43,1104,498,54.89,0.0,58.79
840390000G0132,,,,,,,,,,
830270000E0053,2.15,1.15,0.538,0.554,2.34,2525,1377,45.47,1.58,57.31
07345000ZC0023,1.9,1.05,0.473,0.529,2.15,740,376,49.19,3.92,53.51
261560000D0320,1.85,1.0,0.422,0.589,1.8,1856,1081,41.76,1.08,44.45
841380000Q0416,2.15,1.15,0.479,0.727,18.73,918,56,93.9,91.61,94.66
830040000B0365,1.7,1.2,0.443,0.441,2.46,980,432,55.92,0.0,59.29
261100000A0579,2.2,1.35,0.549,0.446,2.98,6617,2953,55.37,0.0,66.42
84018000AC0175,1.65,1.1,0.19,0.6,223.33,1340,6,99.55,99.25,99.55
13079000AE0184,2.4,1.75,0.565,0.536,2.76,1884,971,48.46,3.93,63.8
840960000B0682,2.0,1.25,0.537,0.63,3.32,1320,498,62.27,40.15,69.85
841260000C0038,2.3,0.8,0.325,0.953,24.7,2174,61,97.19,97.06,95.95
840490000A0288,2.0,1.25,0.388,0.819,1.88,1112,611,45.05,32.91,46.67
261800000C0106,1.35,0.9,0.282,0.652,112.5,2250,15,99.33,98.98,99.11
83097000AK0242,2.2,1.2,0.547,0.502,2.64,2719,1366,49.76,0.0,62.08
841220000B0842,2.15,1.15,0.461,0.787,52.93,3070,63,97.95,97.39,98.11
840300000D1400,2.05,1.2,0.531,0.552,3.19,892,358,59.87,27.24,68.61
830910000A0102,1.9,0.85,0.452,0.553,1.86,5696,3171,44.33,0.0,46.37
26345000AY0177,1.95,1.2,0.47,0.845,16.6,5811,371,93.62,92.45,93.98
130030000B0115,2.0,1.2,0.416,0.463,24.43,733,31,95.77,90.86,95.91
840940000B0025,2.25,1.1,0.516,0.507,4.29,2309,651,71.81,44.39,76.7
840390000F0547,,,,,,,,,,
13087000AT0063,2.25,1.3,0.568,0.511,2.8,13666,6895,49.55,1.26,64.33
830690000C0086,2.2,0.9,0.51,0.516,2.29,9241,4810,47.95,0.0,56.41
130510000E0067,1.25,1.2,0.134,0.8,322.25,1289,4,99.69,99.61,99.69
841080000B0273,2.05,1.2,0.524,0.679,4.63,1198,324,72.95,60.18,78.38
073430000B0018,2.25,1.45,0.565,0.505,2.82,290,147,49.31,0.0,64.48
263570000O0074,2.25,1.1,0.499,0.61,4.56,333,83,75.08,59.16,78.08
840780000E0852,2.05,1.2,0.484,0.492,4.96,382,98,74.35,47.91,79.84
83112000CX0042,2.25,1.1,0.447,0.708,6.21,2012,339,83.15,76.19,83.9
07042000AZ0019,2.25,1.1,0.538,0.545,2.64,2815,1409,49.95,8.13,62.17
84141000BB0057,2.05,0.75,0.34,0.657,1.33,1688,1129,33.12,0.0,24.64
263570000D0170,2.2,0.75,0.284,0.713,1.25,1462,1045,28.52,0.0,20.11
841330000D0821,2.5,1.45,0.435,0.631,3.35,1121,382,65.92,46.03,70.12
830330000E0312,2.4,0.9,0.284,0.74,1.25,2054,1519,26.05,0.05,20.2
130030000A0114,2.25,1.1,0.329,0.686,1.52,304,203,33.22,2.63,34.21
071690000C1877,1.8,1.25,0.487,0.554,5.73,1960,383,80.46,64.74,82.55
26250000ZC0206,2.45,1.0,0.397,0.773,6.2,3201,491,84.66,80.16,83.88
841340000D0248,1.6,1.15,0.388,0.758,25.92,1322,50,96.22,95.01,96.14
830910000C0611,2.5,1.0,0.346,0.52,1.84,1623,883,45.59,0.0,45.78
840290000C0342,2.1,1.15,0.4,0.77,7.0,1875,265,85.87,81.65,85.71
262750000K0153,2.1,1.15,0.531,0.598,3.07,871,369,57.63,29.16,67.39
071520000D0045,1.8,1.1,0.376,0.68,1.54,188,123,34.57,3.72,35.11
841370000B0691,1.95,1.25,0.495,0.517,4.56,798,200,74.94,51.5,78.07
841150000B0455,2.15,1.15,0.543,0.576,3.38,1781,694,61.03,32.4,70.41
26250000ZB0222,2.0,1.25,0.525,0.513,3.1,6542,2674,59.13,20.33,67.76
840290000E1156,2.2,1.1,0.528,0.662,3.41,399,153,61.65,42.11,70.68
830710000B0128,1.75,1.05,0.443,0.462,2.26,5388,2481,53.95,0.37,55.77
261790000B0282,2.0,1.25,0.527,0.577,3.65,551,194,64.79,39.02,72.6
261190000C1115,1.8,1.0,0.385,0.602,1.61,418,254,39.23,0.0,37.8
070990000F0490,2.45,1.25,0.555,0.564,21.72,8493,513,93.96,89.3,95.4
841360000A0272,1.7,1.1,0.422,0.672,24.59,1967,78,96.03,94.1,95.93
84106000AD0032,2.15,1.15,0.42,0.536,5.17,677,142,79.03,60.86,80.65
840890000I0994,2.2,1.3,0.57,0.495,2.96,9697,4716,51.37,1.66,66.26
830350000E2154,2.0,0.9,0.285,0.705,1.33,11182,7892,29.42,0.0,24.98
841170000B0465,2.05,1.2,0.533,0.646,5.05,757,190,74.9,61.16,80.18
830670000C0198,2.45,1.95,0.588,0.377,4.62,2738,901,67.09,12.82,78.38
84012000AD0048,2.05,1.05,0.408,0.366,41.6,1456,37,97.46,93.06,97.6
840960000B0222,2.0,1.25,0.397,0.774,1.77,1504,888,40.96,23.67,43.62
830390000C0077,2.5,1.35,0.518,0.469,60.67,6492,136,97.91,95.53,98.35
840200000D0787,2.5,1.45,0.508,0.789,3.61,2505,841,66.43,57.45,72.3
84003000BX0119,2.1,1.05,0.502,0.461,2.6,8679,4016,53.73,0.0,61.55
071690000B0735,1.6,1.1,0.431,0.504,2.01,951,481,49.42,0.0,50.37
830830000A0766,2.1,1.8,0.544,0.431,3.94,351,119,66.1,21.37,74.64
26345000AN0366,2.0,1.25,0.492,0.44,6.33,1209,229,81.06,56.99,84.2
830910000E3860,2.0,1.0,0.466,0.429,2.6,9778,4234,56.7,0.0,61.56
840190000H1014,2.15,1.15,0.543,0.753,5.16,7494,1843,75.41,67.35,80.61
840160000L1168,2.15,0.85,0.366,0.769,1.27,363,279,23.14,0.0,21.49
841270000C0597,2.05,1.2,0.527,0.621,5.36,761,180,76.35,61.89,81.34
841380000O0639,2.05,1.2,0.495,0.471,6.45,1806,333,81.56,60.85,84.5
840490000E1049,2.15,1.15,0.531,0.617,4.33,1407,405,71.22,53.38,76.9
840840000B1292,2.5,1.45,0.582,0.442,4.16,1816,662,63.55,17.57,75.94
071130000B0100,2.4,1.4,0.541,0.569,17.0,1615,124,92.32,86.5,94.12
263770000H0018,2.55,0.95,0.447,0.586,7.03,7556,1045,86.17,76.39,85.77
841380000R0296,2.25,1.1,0.55,0.587,2.63,1930,986,48.91,12.9,62.02
840960000C0514,,,,,,,,,,
13087000AK0275,2.1,0.95,0.474,0.533,2.04,331,177,46.53,0.0,51.06
840290000D0047,1.9,1.3,0.526,0.642,7.35,4385,741,83.1,73.68,86.39
841360000A0907,1.6,1.15,0.323,0.562,11.11,211,18,91.47,84.83,91.0
840440000C0444,2.3,1.05,0.495,0.568,14.86,3968,317,92.01,85.94,93.27
830350000B2387,2.05,1.2,0.523,0.594,5.8,2237,495,77.87,62.76,82.74
26165000AZ0269,2.0,1.25,0.517,0.592,5.84,1594,335,78.98,64.49,82.87
07264000AB0014,2.0,1.25,0.542,0.664,8.28,5092,770,84.88,77.22,87.92
261820000B0228,2.35,1.0,0.306,0.951,2.85,513,155,69.79,68.23,64.91
841330000G0669,2.25,1.35,0.563,0.466,3.08,453,205,54.75,2.87,67.55
07264000AE0133,2.25,1.1,0.317,0.759,1.46,1191,819,31.23,9.4,31.57
841500000E0920,2.15,1.0,0.52,0.546,2.27,3205,1739,45.74,0.69,55.85
841460000B0526,1.85,0.9,0.451,0.537,1.92,1152,621,46.09,0.0,47.92
84137000AH0209,2.4,1.0,0.395,0.633,2.05,1866,894,52.09,24.28,51.13
830880000A0138,2.05,1.1,0.514,0.504,2.45,941,480,48.99,0.0,59.19
841060000C0544,2.1,1.1,0.528,0.568,2.26,2255,1276,43.41,0.44,55.74
26345000AW0032,2.15,0.8,0.503,0.576,1.96,2572,1481,42.42,0.0,48.91
830510000E0670,2.45,1.65,0.448,0.903,8.96,1003,130,87.04,85.64,88.83
840420000F0254,2.5,1.3,0.433,0.586,1.88,1172,683,41.72,0.6,46.93
840390000H0449,1.75,1.25,0.424,0.731,1.99,1243,678,45.45,25.42,49.72
261820000A0312,2.4,1.0,0.373,0.734,1.5,1244,822,33.92,9.97,33.2
840390000G0157,1.85,1.15,0.468,0.586,4.82,463,106,77.11,60.91,79.27
830490000F0167,2.2,1.0,0.496,0.491,2.42,2482,1238,50.12,0.0,58.62
072590000A0737,2.5,1.0,0.312,0.742,1.62,6053,3634,39.96,19.06,38.15
840390000E1129,2.0,1.1,0.337,0.738,1.35,5221,3790,27.41,1.61,26.18
072450000C0183,1.0,1.15,0.365,0.696,1.36,162,112,30.86,0.62,26.54
830830000C0656,2.55,1.9,0.495,0.493,4.79,139,36,74.1,47.48,79.14
840570000C0268,1.2,1.15,0.218,0.684,212.22,3820,13,99.66,99.5,99.53
830710000C0672,2.3,1.25,0.541,0.417,3.25,3377,1368,59.49,2.78,69.23
262750000H0281,2.0,1.25,0.372,0.672,1.69,677,420,37.96,7.68,40.77
840290000B1747,2.05,1.2,0.518,0.697,10.87,2260,244,89.2,84.51,90.8
840780000E0129,2.0,1.25,0.514,0.467,4.42,7542,2092,72.26,40.61,77.38
26377000AH0206,2.5,1.0,0.354,0.721,1.48,2056,1389,32.44,6.27,32.25
84103000AI0043,2.0,1.25,0.526,0.553,4.85,3542,937,73.55,52.15,79.39
830670000D0368,2.25,1.35,0.555,0.397,3.47,15931,6319,60.34,0.19,71.15
84106000AP0012,1.9,1.3,0.508,0.671,15.27,5222,394,92.45,88.76,93.45
841090000C0295,2.3,1.05,0.495,0.706,13.02,2722,226,91.7,88.24,92.32
830490000A0806,2.3,1.1,0.541,0.391,3.68,342,122,64.33,8.77,72.81
841490000E0023,2.15,0.85,0.478,0.636,1.8,2542,1601,37.02,0.94,44.37
84082000AR0471,1.15,1.0,0.264,0.676,34.86,1220,23,98.11,97.21,97.13
83096000AI0257,2.45,1.6,0.528,0.463,2.83,2585,1190,53.97,0.62,64.72
840950000B0167,1.8,0.95,0.235,0.6,49.44,445,9,97.98,96.63,97.98
841340000C0004,1.75,1.25,0.439,0.619,160.15,9449,60,99.37,98.97,99.38
831080000F0407,2.15,0.95,0.516,0.536,2.21,8941,4906,45.13,0.0,54.71
13091000AO0027,2.0,1.25,0.533,0.606,7.67,5080,843,83.41,72.64,86.97
831430000C1475,2.25,1.95,0.523,0.479,7.59,387,68,82.43,63.31,86.82
840450000A0016,2.3,1.05,0.42,0.548,9.42,1356,142,89.53,80.9,89.38
84028000AV0006,2.0,1.25,0.519,0.482,3.04,3573,1478,58.63,14.19,67.06
83061000BS0138,2.25,1.45,0.562,0.436,3.27,6064,2631,56.61,0.51,69.39
070890000D0369,1.9,1.2,0.497,0.568,3.09,655,246,62.44,33.89,67.63
841360000A0689,2.25,1.1,0.371,0.839,1.88,640,334,47.81,37.81,46.88
262750000F0506,2.15,1.15,0.516,0.618,5.3,1092,246,77.47,63.55,81.14
84012000AR0203,2.25,1.1,0.544,0.577,3.73,753,271,64.01,37.58,73.17
83148000BT0095,1.95,1.4,0.454,0.623,19.95,1536,86,94.4,91.02,94.99
840170000D0316,2.2,1.1,0.535,0.544,2.7,1083,519,52.08,11.91,62.97
840370000A0505,1.75,1.25,0.451,0.769,3.62,2105,627,70.21,61.28,72.4
261820000E0534,2.0,1.25,0.523,0.521,3.22,1215,479,60.58,24.36,68.97
841220000A0314,1.2,1.1,0.324,0.695,56.81,3295,41,98.76,98.21,98.24
830940000D0193,2.2,1.0,0.531,0.582,2.19,764,446,41.62,0.0,54.32
83071000BL0064,2.1,1.3,0.517,0.405,6.13,10921,2203,79.83,50.25,83.69
831000000E0415,1.65,1.0,0.403,0.435,2.28,2190,939,57.12,1.32,56.12
26345000AS0299,2.3,1.05,0.335,0.718,2.23,1514,662,56.27,39.1,55.22
26220000AK0092,2.5,0.95,0.278,0.76,1.24,1186,898,24.28,0.42,19.39
07264000AX0175,2.2,1.1,0.402,0.856,1.75,1767,1003,43.24,33.67,42.84
840440000C0472,2.15,1.1,0.479,0.557,5.78,462,88,80.95,65.8,82.68
830320000E1561,1.05,1.1,0.041,0.667,259.12,2073,4,99.81,99.71,99.61
841330000F1487,2.45,1.45,0.574,0.43,7.63,6243,1210,80.62,54.96,86.9
830370000B2613,2.45,1.8,0.565,0.388,6.44,7126,1575,77.9,43.07,84.47
261100000B0235,1.85,1.25,0.505,0.527,2.28,615,326,46.99,0.0,56.1
263480000E0582,2.0,1.25,0.549,0.665,3.3,403,163,59.55,39.21,69.73
13034000AZ0021,2.4,1.0,0.525,0.536,2.36,1405,766,45.48,0.0,57.58
84024000AD0067,2.2,1.2,0.497,0.506,54.09,3786,85,97.75,95.56,98.15
841370000D0056,1.95,1.1,0.425,0.394,11.0,1848,182,90.15,75.0,90.91
26345000AC0041,2.15,1.15,0.536,0.528,3.21,9236,3757,59.32,22.95,68.89
263570000O0014,2.05,1.2,0.485,0.459,6.66,1737,309,82.21,61.26,84.97
840870000G0486,2.0,0.95,0.297,0.782,1.22,1939,1506,22.33,0.62,17.79
072590000B0994,2.35,0.95,0.483,0.636,1.78,3799,2412,36.51,0.18,43.72
070970000C0150,2.15,1.05,0.505,0.667,4.13,1385,362,73.86,60.79,75.81
841300000B1051,2.25,1.1,0.529,0.604,2.38,7933,4156,47.61,13.25,58.02
840490000E0209,2.2,0.95,0.534,0.593,2.12,342,201,41.23,0.88,52.92
830180000A0835,2.25,1.65,0.557,0.439,13.99,4142,402,90.29,77.91,92.85
83054000BH0029,2.25,1.35,0.524,0.388,4.63,805,234,70.93,25.09,78.39
26071000ZA0104,2.25,1.1,0.539,0.68,4.4,19997,5561,72.19,59.1,77.26
13110000BK0069,1.4,0.8,0.322,0.54,1.52,286,155,45.8,0.0,34.27
841380000H0354,2.0,1.25,0.533,0.688,6.25,4872,987,79.74,70.57,84.01
831340000A1696,2.35,1.75,0.428,0.567,1.97,466,263,43.56,0.43,49.36
840870000K0302,1.75,1.15,0.346,0.726,1.39,381,276,27.56,0.26,28.08
840890000C1064,2.35,1.45,0.538,0.488,3.8,167,61,63.47,25.15,73.65
840870000D0334,2.55,0.85,0.326,0.891,1.65,1241,651,47.54,41.1,39.48
840530000C1075,1.9,1.25,0.497,0.691,19.91,3166,197,93.78,91.0,94.98
26054000AL0092,1.9,1.25,0.508,0.509,2.39,2867,1454,49.28,0.28,58.18
072340000A0750,2.15,1.05,0.495,0.538,4.26,1411,376,73.35,50.46,76.54
841470000A0598,2.2,1.05,0.538,0.529,2.48,21124,11101,47.45,0.69,59.67
840960000D0289,2.1,1.1,0.278,0.962,16.3,2070,126,93.91,93.67,93.86
841330000F0439,1.95,0.95,0.469,0.506,2.16,2582,1310,49.26,0.0,53.72
26220000AI0037,2.4,1.0,0.442,0.677,2.29,2362,1084,54.11,32.22,56.35
830640000A0160,2.4,1.95,0.544,0.5,23.49,1057,61,94.23,88.46,95.74
830460000E2145,2.35,2.25,0.571,0.478,12.01,2150,218,89.86,78.79,91.67
841500000E0461,2.25,1.1,0.369,0.646,1.6,2341,1501,35.88,0.73,37.55
84008000AP0082,2.05,1.2,0.486,0.632,8.38,2297,300,86.94,79.32,88.07
261880000B0372,2.0,1.25,0.509,0.651,10.04,2029,239,88.22,81.91,90.04
84081000BC0008,2.0,1.25,0.542,0.518,2.65,950,471,50.42,4.21,62.21
840390000F0554,2.0,1.1,0.415,0.663,2.05,3789,1885,50.25,24.99,51.33
830830000C0108,2.75,1.85,0.517,0.522,6.83,205,36,82.44,66.34,85.37
84081000AX0056,2.15,1.05,0.508,0.469,2.57,1638,774,52.75,0.0,61.05
830040000B0836,2.4,1.0,0.362,0.705,1.39,1306,923,29.33,0.0,28.1
830470000C0618,1.85,1.25,0.494,0.456,2.58,42716,19274,54.88,1.14,61.18
830750000A0031,2.4,1.9,0.469,0.669,3.42,1534,534,65.19,47.98,70.73
840490000E0629,2.15,1.15,0.343,0.774,1.97,223,113,49.33,34.53,49.33
841260000F1295,2.15,1.15,0.532,0.528,2.44,808,426,47.28,0.12,59.03
261790000B0819,1.85,1.15,0.483,0.496,2.26,667,336,49.63,0.0,55.77
841380000D0234,2.3,0.95,0.321,0.69,11.54,1039,80,92.3,88.84,91.34
13110000CM0047,2.5,1.8,0.574,0.369,5.57,41243,10748,73.94,29.28,82.03
840980000B0306,2.0,1.25,0.541,0.573,2.75,1695,800,52.8,17.58,63.66
840160000A2097,2.15,0.85,0.382,0.414,2.26,97,41,57.73,0.0,55.67
261800000A0081,2.35,1.05,0.397,0.594,14.04,1362,92,93.25,88.62,92.88
840960000G0037,2.05,1.2,0.523,0.567,3.29,1308,507,61.24,31.65,69.57
83136000BI0093,2.2,1.65,0.5,0.5,37.12,2376,75,96.84,93.69,97.31
830320000E1833,2.3,1.3,0.476,0.723,98.4,2952,34,98.85,98.41,98.98
840960000D0531,1.75,1.1,0.465,0.515,2.06,41272,21455,48.02,0.0,51.52
840490000C0176,2.0,1.25,0.511,0.456,4.91,6101,1520,75.09,45.34,79.63
841500000F0263,2.25,1.1,0.446,0.659,2.08,1146,585,48.95,22.51,52.01
830720000F0949,,,,,,,,,,
830260000C0645,2.25,1.35,0.551,0.486,12.16,12721,1394,89.04,77.45,91.78
83130000BT0041,1.85,1.0,0.442,0.43,2.47,1244,536,56.91,0.0,59.49
84106000AC0003,2.0,0.9,0.279,0.704,1.33,1721,1223,28.94,0.0,24.81
13050000BZ0264,2.15,1.15,0.542,0.533,2.94,4113,1872,54.49,14.56,66.03
831000000A0911,2.4,1.8,0.45,0.452,2.67,1631,719,55.92,2.39,62.54
830320000E0373,2.3,1.85,0.577,0.453,10.2,4500,660,85.33,67.62,90.2
840190000I0831,2.1,0.95,0.5,0.57,2.06,777,450,42.08,0.0,51.48
840160000A1751,1.9,1.15,0.417,0.545,7.58,250,36,85.6,73.6,86.8
26345000BL0124,2.15,1.15,0.533,0.618,5.81,2097,452,78.45,65.14,82.78
830570000H0109,2.3,1.85,0.595,0.454,4.44,1128,394,65.07,23.14,77.48
130510000E0737,1.85,1.3,0.462,0.37,21.19,4027,213,94.71,85.7,95.28
840910000D0206,2.0,1.25,0.417,0.705,33.13,994,31,96.88,95.57,96.98
840510000B0681,1.7,0.9,0.067,0.75,610.33,1831,3,99.84,99.78,99.84
830460000F0669,2.5,1.6,0.471,0.537,7.22,289,44,84.78,71.63,86.16
841380000N0235,2.0,1.25,0.521,0.559,7.14,5716,998,82.54,68.79,85.99
830120000D0113,2.2,1.25,0.519,0.394,3.17,564,226,59.93,0.0,68.44
263570000E0006,2.0,1.25,0.51,0.83,14.02,1836,151,91.78,90.09,92.86
263570000K0126,2.0,1.25,0.53,0.681,7.16,1819,333,81.69,73.12,86.04
840450000D0027,2.0,1.25,0.522,0.635,7.11,1551,280,81.95,71.57,85.94
26345000AV0076,1.7,1.35,0.479,0.686,21.76,5135,264,94.86,92.5,95.4
840470000A0131,2.2,1.05,0.533,0.526,2.49,1279,669,47.69,0.47,59.81
830320000E0463,2.5,1.45,0.517,0.414,19.38,1764,111,93.71,84.81,94.84
84137000AC0149,2.0,1.25,0.527,0.676,7.28,2052,342,83.33,75.34,86.26
840520000D0081,2.5,0.95,0.392,0.812,33.79,2940,78,97.35,96.73,97.04
840170000D0687,2.25,1.1,0.315,0.776,1.26,521,403,22.65,0.38,20.92
841160000A0030,2.2,1.1,0.538,0.556,2.59,441,228,48.3,7.03,61.45
263220000B0174,2.4,1.0,0.489,0.839,8.21,7744,945,87.8,85.46,87.82
83116000AI0215,2.25,1.35,0.571,0.517,2.82,1124,575,48.84,1.07,64.5
83027000AB0411,2.0,1.1,0.465,0.458,2.41,603,278,53.9,0.0,58.54
830460000C0046,2.25,1.45,0.538,0.403,7.33,3685,681,81.52,54.17,86.35
840200000D0600,2.5,0.95,0.352,0.662,1.45,2090,1403,32.87,0.0,31.24
07143000AK0710,1.3,1.15,0.397,0.704,4.21,556,114,79.5,70.86,76.26
840450000A0244,2.2,1.1,0.382,0.433,9.15,247,26,89.47,75.71,89.07
07264000AB0072,2.05,1.2,0.373,0.773,12.23,734,58,92.1,89.78,91.83
840290000A1124,1.55,0.9,0.251,0.733,62.42,749,11,98.53,98.0,98.4
073430000C0315,2.15,1.05,0.388,0.667,1.54,2029,1349,33.51,0.25,35.19
13079000BH0053,2.3,1.75,0.568,0.431,3.49,1017,422,58.51,3.64,71.39
84046000AC0220,2.35,1.05,0.37,0.617,1.69,435,264,39.31,1.61,40.92
83023000AC0032,,,,,,,,,,
841220000B0634,2.05,1.2,0.399,0.5,117.14,2460,21,99.15,98.29,99.15
840870000K0270,1.75,1.25,0.447,0.863,2.35,4069,1821,55.25,48.17,57.51
070360000B0180,1.9,1.2,0.49,0.683,4.42,901,224,75.14,63.6,77.36
263570000L0313,1.9,1.25,0.482,0.406,2.82,5866,2391,59.24,0.0,64.52
840770000A0439,2.0,1.25,0.538,0.608,4.94,2435,665,72.69,55.11,79.75
07264000AK0035,2.15,1.15,0.502,0.45,3.05,1833,732,60.07,11.35,67.21
840030000G0162,2.3,1.45,0.564,0.422,3.52,1907,769,59.67,4.51,71.58
83148000AI0101,2.4,1.35,0.52,0.436,39.67,3927,125,96.82,92.69,97.48
13079000AW0144,2.5,1.85,0.47,0.596,2.44,1013,490,51.63,18.85,59.03
840140000C0332,2.35,1.4,0.572,0.466,3.64,994,396,60.16,14.59,72.54
840890000C0079,2.15,1.15,0.538,0.513,2.62,1614,826,48.82,0.31,61.77
830270000B1325,2.0,1.25,0.507,0.506,3.36,6405,2322,63.75,28.42,70.21
830320000E1118,2.25,1.3,0.462,0.39,3.09,238,87,63.45,6.3,67.65
830460000E0904,2.45,1.5,0.531,0.625,25.8,1316,70,94.68,91.49,96.12
841330000G0150,2.35,1.45,0.573,0.452,4.65,18582,5801,68.78,30.97,78.48
84028000AL0160,2.0,1.25,0.528,0.678,10.41,7684,940,87.77,81.96,90.4
841500000H0246,2.2,1.1,0.512,0.758,2.64,2252,1040,53.82,39.08,62.17
84028000AY0013,2.0,1.25,0.394,0.725,2.04,500,263,47.4,27.4,51.0
073430000E1562,2.05,1.15,0.434,0.382,12.88,992,81,91.83,78.63,92.24
840610000D0474,2.05,1.2,0.528,0.585,4.74,2061,556,73.02,53.86,78.89
83063000AB0109,2.2,1.9,0.581,0.474,8.89,3646,609,83.3,64.73,88.75
840870000N1380,1.75,1.25,0.498,0.704,15.13,7897,584,92.6,89.49,93.39
263260000X0074,2.3,1.25,0.529,0.62,53.02,5620,129,97.7,96.3,98.11
83097000AK0096,2.5,1.35,0.428,0.734,1.69,536,359,33.02,8.77,40.67
841460000D0062,2.15,1.15,0.547,0.585,2.91,1410,653,53.69,20.78,65.6
830320000E1692,2.3,1.2,0.506,0.395,4.06,1022,308,69.86,23.78,75.34
831000000E0103,1.8,1.25,0.491,0.437,2.66,26325,11481,56.39,0.3,62.47
84127000AD0024,1.9,1.2,0.469,0.74,31.55,2177,74,96.6,95.41,96.83
841220000B1798,2.15,1.15,0.546,0.608,4.82,1672,464,72.25,54.37,79.25
830670000D0342,2.4,0.9,0.316,0.552,1.76,5139,2813,45.26,0.82,43.16
831400000F1354,2.45,2.05,0.592,0.395,5.72,3959,1003,74.67,35.84,82.52
840960000G0160,2.15,1.15,0.474,0.49,5.8,736,149,79.76,58.7,82.74
830040000G1454,2.4,1.9,0.486,0.577,3.53,2007,687,65.77,40.71,71.65
261920000B0609,2.2,1.1,0.546,0.543,2.4,2917,1608,44.87,0.0,58.38
84028000AZ0299,2.0,1.25,0.527,0.669,7.07,2883,497,82.76,74.23,85.85
840750000F0044,1.75,1.4,0.455,0.559,7.44,1139,167,85.34,73.75,86.57
84046000AC0298,1.45,1.05,0.403,0.511,1.79,1754,899,48.75,0.0,44.24
830910000B0425,2.15,1.1,0.53,0.55,2.3,1392,764,45.11,0.22,56.47
263220000A0031,2.4,1.0,0.349,0.915,6.09,3057,432,85.87,84.56,83.58
84031000AI0160,1.45,1.0,0.37,0.43,2.15,3628,1567,56.81,0.0,53.56
84041000AE0014,2.2,1.1,0.483,0.46,28.18,4594,180,96.08,91.49,96.45
840260000B0193,2.45,1.4,0.492,0.534,2.85,2219,947,57.32,20.05,64.94
261800000B0246,2.3,0.95,0.388,0.558,6.55,648,96,85.19,73.46,84.72
070970000D0620,1.75,1.25,0.498,0.633,3.67,444,133,70.05,52.7,72.75
84012000AS0375,2.25,0.95,0.393,0.384,6.64,365,58,84.11,58.63,84.93
83119000BA0432,2.15,1.9,0.542,0.474,3.7,100,36,64.0,24.0,73.0
830430000H0468,2.1,1.5,0.501,0.375,4.96,882,216,75.51,34.69,79.82
841500000C0162,2.0,1.2,0.487,0.742,26.48,2674,115,95.7,94.2,96.22
830710000B3050,2.2,1.65,0.549,0.378,5.45,2612,655,74.92,33.65,81.66
84050000AT0475,,,,,,,,,,
073170000B0153,1.55,1.45,0.47,0.656,4.44,2801,688,75.44,62.55,77.47
83042000AA0043,2.35,1.4,0.572,0.493,3.11,1818,859,52.75,4.18,67.82
263570000X0152,2.1,1.15,0.519,0.464,2.63,2792,1329,52.4,0.0,62.0
840890000A1727,2.65,1.45,0.57,0.404,6.88,5202,1089,79.07,48.14,85.47
840560000F0664,2.0,1.2,0.473,0.775,12.12,2048,186,90.92,88.28,91.75
840520000D0012,2.55,1.4,0.578,0.498,4.13,5142,1828,64.45,28.63,75.77
13079000BC0096,2.35,1.3,0.565,0.477,3.02,12144,5689,53.15,1.82,66.87
830850000C0109,2.3,1.4,0.573,0.44,3.3,545,233,57.25,2.94,69.72
841380000S0432,2.3,1.0,0.347,0.711,1.38,2206,1553,29.6,1.0,27.7
07345000ZB0308,1.4,0.9,0.375,0.57,1.51,494,277,43.93,1.62,33.81
83112000CY0018,1.9,1.3,0.526,0.633,5.97,2579,543,78.95,66.73,83.25
831270000H0037,2.35,1.2,0.574,0.588,2.65,244,130,46.72,9.43,62.3
073430000E0300,1.7,1.4,0.173,0.714,142.2,711,5,99.3,99.02,99.3
84036000BA0107,2.1,1.1,0.517,0.523,2.39,7329,3817,47.92,0.5,58.08
840510000D0270,2.45,1.0,0.387,0.68,24.45,1614,68,95.79,93.8,95.91
84086000AC0432,2.5,1.2,0.495,0.409,12.91,5862,527,91.01,78.03,92.26
073430000B0329,,,,,,,,,,
830490000D0068,2.35,0.95,0.322,0.693,1.42,1109,767,30.84,0.27,29.49
840490000C0131,2.0,1.25,0.506,0.502,3.96,1007,306,69.61,39.52,74.78
831080000G0218,2.15,0.85,0.504,0.549,2.15,3563,1970,44.71,0.0,53.58
84081000AY0023,2.0,1.25,0.539,0.607,3.05,768,332,56.77,28.78,67.19
263480000C0192,2.4,0.95,0.28,0.752,1.28,1642,1220,25.7,1.16,21.74
261800000B0421,1.9,1.3,0.5,0.496,9.98,6110,716,88.28,76.35,89.98
07042000BE0158,2.3,1.05,0.315,0.782,2.83,6377,2123,66.71,57.44,64.62
83104000BV0090,2.15,1.15,0.541,0.516,2.8,898,417,53.56,10.02,64.25
840970000E0119,2.1,1.15,0.53,0.704,6.49,1187,228,80.79,72.7,84.58
84149000AE0050,2.0,1.25,0.51,0.464,11.41,20625,2193,89.37,77.07,91.24
841500000G0067,2.25,1.1,0.47,0.543,3.93,2735,794,70.97,46.51,74.55
84122000AT0299,1.95,1.15,0.24,0.529,242.67,2184,9,99.59,99.22,99.59
840870000K0161,1.75,1.2,0.479,0.704,11.27,2805,266,90.52,86.52,91.12
262750000K0049,2.05,1.2,0.552,0.64,3.49,2495,944,62.16,40.84,71.34
26179000ZK0054,1.75,1.05,0.425,0.613,22.87,2218,98,95.58,92.79,95.63
840570000C0251,1.85,1.2,0.484,0.631,21.57,3171,166,94.77,91.71,95.36
262330000A0211,2.0,1.25,0.506,0.461,3.86,1300,413,68.23,31.15,74.08
841060000C0374,2.0,1.25,0.428,0.761,8.96,1783,207,88.39,84.74,88.84
13110000AZ0049,2.25,1.55,0.564,0.407,3.51,49454,19901,59.76,1.15,71.53
841110000C0362,2.2,1.1,0.493,0.637,4.92,5736,1359,76.31,62.83,79.67
26367000AO0119,1.85,1.3,0.376,0.589,10.91,360,33,90.83,84.44,90.83
840720000D0889,2.0,1.25,0.547,0.638,3.04,864,368,57.41,33.22,67.13
84129000BI0022,2.2,1.0,0.508,0.691,2.5,2550,1179,53.76,33.14,60.0
840610000B0008,2.05,1.2,0.422,0.744,3.25,877,282,67.84,56.78,69.21
83136000BC0139,2.4,1.4,0.542,0.583,15.51,1194,105,91.21,84.92,93.55
13014000BZ0057,1.55,0.9,0.382,0.475,1.96,2691,1267,52.92,0.82,48.98
261820000F1311,2.05,1.2,0.49,0.567,3.51,221,72,67.42,42.53,71.49
841060000B0464,2.05,1.2,0.524,0.674,9.62,3520,439,87.53,81.51,89.6
840960000A0272,1.3,1.2,0.26,0.432,33.4,668,16,97.6,94.46,97.01
84137000AX0250,2.0,1.1,0.411,0.578,16.97,662,37,94.41,90.33,94.11
070090000C1237,1.05,0.8,0.295,0.571,1.3,1943,1097,43.54,1.08,23.11
840960000E0268,1.8,1.3,0.43,0.575,7.55,672,92,86.31,76.19,86.76
830910000C0504,1.6,0.85,0.389,0.491,1.83,2752,1352,50.87,0.0,45.46
840960000B0363,1.45,1.0,0.329,0.644,74.56,3877,47,98.79,98.12,98.66
830310000F0752,2.3,2.05,0.581,0.394,4.89,1648,480,70.87,26.09,79.55
84012000AO0297,2.0,1.25,0.489,0.602,12.49,587,53,90.97,85.01,91.99
840200000A1849,1.5,1.0,0.347,0.607,160.77,10611,54,99.49,99.16,99.38
841160000A0765,2.4,1.0,0.476,0.649,5.77,4567,858,81.21,71.03,82.68
84086000AC0040,2.25,1.15,0.452,0.538,18.86,547,28,94.88,90.49,94.7
84106000AK0224,2.15,1.15,0.529,0.575,6.93,1671,311,81.39,67.62,85.58
841400000B0308,2.5,1.35,0.387,0.791,2.78,303,117,61.39,51.16,64.03
07264000AM0159,,,,,,,,,,
07228000AA0152,2.15,0.85,0.443,0.659,1.61,3083,2035,33.99,0.0,37.76
84036000AM0148,1.55,1.0,0.409,0.478,1.95,1349,654,51.52,0.0,48.7
261820000A0661,2.4,1.0,0.325,0.921,3.51,1776,453,74.49,72.3,71.51
83016000AI0152,2.0,1.2,0.482,0.523,4.98,1330,298,77.59,57.14,79.92
840720000I0461,1.85,1.05,0.273,0.643,87.33,786,9,98.85,98.22,98.85
07143000AK0624,1.75,0.85,0.424,0.52,2.12,339,159,53.1,9.73,52.8
830670000D0828,2.2,1.05,0.528,0.493,2.61,1420,695,51.06,0.77,61.62
841500000D0276,2.25,1.1,0.396,0.731,2.16,1700,803,52.76,35.35,53.71
840300000E1234,1.95,1.25,0.494,0.574,7.7,1001,147,85.31,74.43,87.01
830210000E0025,2.4,1.45,0.4,0.464,59.08,768,13,98.31,96.35,98.31
263570000R0027,1.95,1.25,0.514,0.587,2.07,1082,648,40.11,0.0,51.76
830910000A0713,1.35,0.9,0.351,0.485,1.7,2454,1217,50.41,0.0,41.24
830510000E1070,2.4,1.55,0.507,0.471,20.08,1044,64,93.87,86.97,95.02
840960000B0110,2.05,1.2,0.505,0.483,5.09,6164,1461,76.3,50.92,80.37
830860000E0759,1.35,0.9,0.342,0.51,1.6,703,366,47.94,0.0,37.41
072910000B0761,2.25,1.25,0.454,0.691,9.35,851,105,87.66,82.14,89.31
831340000A0751,2.35,1.7,0.602,0.574,7.34,3077,647,78.97,63.34,86.38
841380000T0247,2.05,1.2,0.544,0.642,4.1,3446,1114,67.67,49.65,75.62
84036000AO0119,2.05,1.2,0.538,0.599,5.47,6266,1464,76.64,61.01,81.71
840960000B0922,2.0,1.25,0.448,0.684,8.83,874,104,88.1,82.61,88.67
13079000AK0055,2.3,1.7,0.562,0.472,3.93,271,93,65.68,27.31,74.54
13026000AR0032,1.35,1.15,0.336,0.65,36.54,3106,80,97.42,96.04,97.26
262850000C0705,2.0,1.25,0.521,0.629,22.59,6801,370,94.56,91.35,95.57
071260000D0309,1.8,1.15,0.283,0.48,19.33,232,12,94.83,89.22,94.83
830830000A1572,2.45,1.45,0.508,0.38,6.29,686,138,79.88,47.08,84.11
841500000D0509,2.1,1.15,0.455,0.844,4.89,2320,494,78.71,74.78,79.57
840720000F0559,2.25,1.05,0.357,0.646,1.59,786,492,37.4,3.05,37.15
26220000AI0034,2.05,1.2,0.503,0.435,5.08,3586,868,75.79,44.34,80.31
263570000I0046,1.7,0.95,0.288,0.714,65.45,720,10,98.61,98.06,98.47
83118000BE0007,2.2,1.15,0.524,0.448,2.8,3541,1591,55.07,0.0,64.33
841380000I0219,2.4,1.0,0.471,0.641,1.92,6445,3612,43.96,12.58,47.96
840870000O0260,1.95,1.1,0.492,0.623,6.2,2157,411,80.95,69.4,83.87
84104000AC0018,2.1,0.95,0.384,0.716,1.41,6098,4413,27.63,0.0,29.17
841500000F0447,2.1,0.85,0.489,0.569,1.98,113,66,41.59,0.0,49.56
830260000D0511,2.25,1.2,0.416,0.608,42.02,1849,45,97.57,96.0,97.62
83097000AN0298,2.2,1.95,0.536,0.482,5.71,360,82,77.22,52.78,82.5
830350000A1153,2.35,1.05,0.522,0.539,3.05,345,145,57.97,22.03,67.25
83097000AO0191,2.4,1.65,0.568,0.402,3.83,1020,390,61.76,4.9,73.92
07143000AK0588,1.25,1.15,0.367,0.759,6.94,722,85,88.23,84.49,85.6
840170000E0614,2.0,1.25,0.521,0.549,9.54,3530,461,86.94,76.23,89.52
26054000AM0381,2.15,1.15,0.547,0.602,3.82,3469,1186,65.81,43.24,73.8
840960000E0637,1.95,1.25,0.491,0.547,2.58,1538,715,53.51,14.95,61.18
830720000C1952,2.5,1.25,0.538,0.553,45.21,10488,304,97.1,94.76,97.79
07279000AO0177,2.25,1.0,0.53,0.548,2.23,1101,606,44.96,0.0,55.22
840950000B0175,2.5,1.3,0.407,0.787,4.59,257,59,77.04,70.82,78.21
841360000C0095,,,,,,,,,,
84028000AB0041,2.15,1.15,0.547,0.569,2.66,1400,699,50.07,12.29,62.36
073430000D0248,2.15,0.9,0.392,0.556,1.62,604,353,41.56,0.0,38.41
840870000L1066,2.0,1.1,0.394,0.667,3.67,569,148,73.99,60.98,72.76
840560000F0293,2.0,1.25,0.537,0.674,2.1,915,562,38.58,8.85,52.35
261820000A0159,2.0,1.25,0.535,0.544,4.13,14813,4668,68.49,42.08,75.78
840770000A0117,1.65,0.85,0.37,0.493,1.79,698,358,48.71,0.0,44.27
84137000AZ0063,1.85,1.2,0.473,0.738,10.94,1411,149,89.44,85.68,90.86
072910000A0760,2.35,1.45,0.579,0.495,3.04,1431,683,52.27,3.63,67.09
26071000AC0146,2.5,0.75,0.298,0.699,1.3,4178,2857,31.62,2.11,22.93
261820000E0019,1.15,1.05,0.255,0.471,187.42,2249,8,99.64,99.24,99.47
840510000D0481,2.2,1.3,0.513,0.514,5.32,601,145,75.87,53.08,81.2
840960000A0201,2.15,1.15,0.538,0.54,2.66,1479,730,50.64,8.52,62.41
830320000E1942,2.3,1.8,0.589,0.458,5.33,1407,395,71.93,38.73,81.24
07324000AW0037,2.15,1.05,0.501,0.703,4.13,632,166,73.73,62.66,75.79
830250000F0042,2.6,1.85,0.594,0.39,4.94,8214,2562,68.81,20.05,79.77
840300000E2033,2.25,1.1,0.531,0.666,2.31,508,285,43.9,15.75,56.69
26345000AT0151,2.0,1.25,0.543,0.655,3.76,1212,421,65.26,46.95,73.43
830910000C0233,2.4,2.05,0.508,0.596,3.73,1294,429,66.85,44.36,73.18
070700000B0909,2.0,1.15,0.452,0.6,20.64,970,54,94.43,90.72,95.15
840840000C1964,2.3,1.35,0.574,0.478,3.06,5668,2674,52.82,1.36,67.31
831000000F0837,1.8,1.15,0.464,0.426,2.56,7939,3396,57.22,0.0,60.89
262750000F0061,2.5,1.0,0.387,0.776,3.07,3140,968,69.17,60.25,67.42
26345000AY0066,1.25,1.2,0.298,0.667,141.91,3264,20,99.39,99.08,99.3
831000000E0560,2.1,1.05,0.434,0.434,2.39,182,79,56.59,0.0,58.24
83047000AZ0487,2.5,0.95,0.408,0.596,1.7,6095,3630,40.44,0.15,41.12
840870000M0770,2.0,1.1,0.515,0.572,3.09,11107,4288,61.39,32.48,67.66
830570000D0497,2.5,1.25,0.337,0.893,7.52,391,50,87.21,85.68,86.7
840200000B1324,1.6,0.95,0.266,0.414,75.07,1051,12,98.86,97.24,98.67
071130000B0702,2.75,1.4,0.563,0.488,10.6,3222,428,86.72,72.78,90.56
26071000ZA0065,1.9,1.3,0.514,0.599,7.6,4805,743,84.54,74.17,86.85
830490000D0653,,,,,,,,,,
840720000E0272,2.0,1.25,0.54,0.661,4.22,2388,720,69.85,54.36,76.3
262330000A0208,1.85,1.35,0.513,0.641,6.69,1633,282,82.73,73.06,85.06
841300000B0238,2.35,1.05,0.466,0.552,5.74,1108,206,81.41,66.34,82.58
84008000AK0136,2.0,1.25,0.507,0.464,3.06,2549,1015,60.18,14.2,67.32
840290000E0286,1.9,1.3,0.508,0.64,16.03,4553,343,92.47,88.23,93.76
830730000G0269,2.45,2.05,0.498,0.434,20.35,631,36,94.29,86.85,95.09
840610000B0255,2.2,1.1,0.545,0.57,2.82,1200,572,52.33,16.33,64.5
13079000AL0088,2.5,0.8,0.34,0.647,1.37,5070,3368,33.57,0.0,27.04
263770000B0178,2.15,1.15,0.497,0.595,8.52,1321,176,86.68,77.59,88.27
841500000F0208,2.25,1.1,0.409,0.624,1.79,6673,3905,41.48,6.22,44.04
13001000OW0284,2.5,1.7,0.512,0.663,15.62,2561,207,91.92,87.82,93.6
13050000BK0293,1.7,1.15,0.404,0.511,71.68,6738,96,98.58,97.21,98.6
841260000F1353,2.25,1.1,0.383,0.739,5.69,626,102,83.71,77.96,82.43
262750000I0095,2.15,1.15,0.538,0.607,2.9,1260,577,54.21,24.52,65.56
13079000AV0023,2.15,0.95,0.499,0.522,2.26,1569,818,47.86,0.06,55.77
830570000D0546,1.3,1.0,0.304,0.798,18.91,7846,340,95.67,94.57,94.71
84082000BI0136,2.15,1.15,0.512,0.523,6.17,1271,262,79.39,60.58,83.79
830690000C0596,1.8,0.95,0.433,0.467,2.21,9465,4345,54.09,1.76,54.75
26165000ZT0046,2.0,1.25,0.526,0.572,4.91,2482,650,73.81,54.23,79.61
841380000F0038,2.5,0.85,0.249,0.967,7.95,1566,145,90.74,90.42,87.42
262750000A0036,2.15,1.15,0.515,0.605,4.81,1486,367,75.3,59.15,79.21
830830000C0573,2.3,1.5,0.539,0.385,4.47,255,80,68.63,18.43,77.65
840370000E0595,1.75,1.25,0.512,0.7,3.89,4064,1197,70.55,57.95,74.26
841220000B0192,1.55,1.1,0.404,0.478,2.09,251,120,52.19,0.0,52.19
261880000D0698,2.0,1.25,0.489,0.463,6.47,1722,308,82.11,61.38,84.55
26054000AR0343,1.6,1.25,0.391,0.652,55.39,1717,30,98.25,97.32,98.19
840960000C0725,,,,,,,,,,
840290000E0479,2.2,1.05,0.328,0.7,8.42,564,63,88.83,84.04,88.12
830690000D0513,2.5,1.4,0.562,0.402,3.61,1253,487,61.13,3.43,72.31
840170000C0232,2.5,1.0,0.391,0.767,2.03,756,359,52.51,38.1,50.66
840960000B1035,2.1,1.15,0.286,0.765,3.58,93,26,72.04,63.44,72.04
840440000B0652,2.45,1.0,0.504,0.656,4.23,5866,1544,73.68,59.9,76.37
84127000AL0048,2.0,1.25,0.523,0.722,5.9,684,140,79.53,71.64,83.04
830450000H0066,2.05,1.35,0.319,0.692,111.0,999,9,99.1,98.7,99.1
830460000G0619,1.8,1.0,0.364,0.771,38.72,1510,37,97.55,96.82,97.42
263220000B0945,1.9,1.25,0.498,0.695,9.05,1203,153,87.28,81.71,88.94
831340000A0251,2.3,1.8,0.551,0.665,7.3,2021,369,81.74,72.54,86.29
840940000F0588,2.05,1.2,0.474,0.85,6.32,379,68,82.06,78.89,84.17
840160000B0808,1.75,1.25,0.436,0.432,3.56,392,121,69.13,28.57,71.94
841220000B0931,2.2,1.1,0.541,0.534,2.56,2296,1183,48.48,3.57,60.89
831450000E0196,2.45,1.35,0.548,0.447,12.72,13343,1392,89.57,76.64,92.14
830180000D0705,2.45,1.8,0.574,0.375,4.77,6764,2075,69.32,18.1,79.04
072910000A0719,2.2,1.1,0.534,0.498,2.6,1982,985,50.3,0.25,61.6
83101000AC0490,2.4,1.5,0.553,0.443,3.19,2893,1258,56.52,1.83,68.65
840400000A0253,1.55,1.15,0.418,0.432,2.33,2707,1167,56.89,0.22,57.0
841330000A0583,2.45,1.15,0.49,0.445,6.67,687,122,82.24,60.12,85.01
262260000A0525,2.35,0.85,0.391,0.576,1.77,357,198,44.54,3.64,43.42
830250000B0057,2.4,1.35,0.502,0.5,127.43,6754,67,99.01,98.02,99.22
830260000D0178,2.25,1.25,0.53,0.547,27.17,7444,343,95.39,91.58,96.32
840680000C0122,2.4,1.45,0.606,0.552,4.4,761,282,62.94,32.85,77.27
830920000B0104,1.65,1.05,0.42,0.458,2.18,7443,3374,54.67,1.01,54.2
841500000E0479,2.25,0.9,0.456,0.551,1.94,11234,6432,42.75,0.0,48.45
830510000E1532,2.4,1.3,0.55,0.488,11.65,5686,649,88.59,76.59,91.42
07264000AC0203,1.8,1.15,0.464,0.676,18.29,9768,579,94.07,91.23,94.53
84145000AE0029,2.0,1.05,0.487,0.463,2.49,8823,4117,53.34,0.0,59.91
261820000A0395,2.0,1.25,0.537,0.538,3.37,848,343,59.55,24.76,70.28
841090000C0296,2.25,1.1,0.53,0.7,9.83,1632,201,87.68,82.41,89.83
84073000AB0022,1.85,0.95,0.344,0.5,97.71,1661,14,99.16,98.31,98.98
073430000E1413,2.15,1.25,0.559,0.502,2.79,1177,588,50.04,0.51,64.15
83063000AS0120,2.4,0.8,0.277,0.714,1.3,1725,1226,28.93,0.46,23.07
840390000F0072,2.0,1.1,0.506,0.555,2.39,3742,1903,49.14,8.36,58.18
841330000F0460,2.35,1.35,0.584,0.545,3.8,2171,839,61.35,29.11,73.65
831480000I2466,2.35,1.45,0.545,0.496,47.86,8423,224,97.34,94.63,97.91
070990000F1134,2.25,1.45,0.547,0.483,3.87,11854,4099,65.42,28.4,74.17
830910000D1003,2.2,1.25,0.566,0.538,2.62,2061,1114,45.95,0.0,61.77
261790000C0341,2.35,0.85,0.327,0.774,15.9,461,24,94.79,93.28,93.71
84137000AZ0148,2.35,1.05,0.441,0.623,2.92,630,230,63.49,41.43,65.71
072340000A0102,1.8,1.25,0.472,0.566,6.42,591,98,83.42,70.73,84.43
262850000C0188,2.4,1.0,0.349,0.722,1.74,1021,573,43.88,22.23,42.61
840450000A0191,1.9,1.25,0.496,0.591,8.0,1833,266,85.49,75.45,87.51
830510000E1514,2.4,1.3,0.457,0.555,22.05,1345,66,95.09,91.15,95.46
07245000AI0132,1.75,1.25,0.401,0.536,17.0,629,37,94.12,89.03,94.12
840870000L0463,2.0,1.1,0.509,0.59,2.65,884,385,56.45,26.24,62.33
830940000A0103,2.3,1.9,0.584,0.636,3.98,498,182,63.45,42.57,74.9
13050000BY0123,1.2,0.8,0.238,0.638,128.59,5658,30,99.47,99.17,99.22
830180000B0391,2.3,1.2,0.452,0.744,42.89,1158,29,97.5,96.63,97.67
261820000F0761,2.0,1.25,0.523,0.57,3.49,1493,543,63.63,36.17,71.33
841060000C0614,1.45,1.25,0.301,0.714,136.07,2041,15,99.27,98.97,99.27
840300000D0880,2.25,1.1,0.328,0.76,1.62,1188,740,37.71,18.01,38.22
840170000C0335,2.1,0.85,0.489,0.567,1.93,3093,1780,42.45,0.0,48.08
263220000B0031,2.0,1.25,0.535,0.576,5.85,7910,1743,77.96,61.74,82.91
830310000H0593,2.55,1.55,0.52,0.421,5.77,358,75,79.05,50.28,82.68
84008000AK0301,1.9,1.3,0.492,0.473,10.7,6942,762,89.02,76.79,90.65
83116000BI0505,2.5,1.6,0.44,0.571,1.97,1406,809,42.46,0.0,49.29
840960000B0552,2.15,1.15,0.532,0.651,2.5,717,357,50.21,23.57,59.97
841220000B0944,2.15,1.15,0.382,0.921,2.52,393,151,61.58,58.27,60.31
830460000E1421,1.95,1.45,0.449,0.414,24.59,1254,55,95.61,89.39,95.93
840780000C0186,2.2,1.0,0.356,0.676,1.53,627,415,33.81,2.07,34.61
07281000AH0134,1.4,1.15,0.158,0.545,217.0,1302,6,99.54,99.16,99.54
840960000E0605,,,,,,,,,,
83096000AC0017,2.35,1.5,0.546,0.536,3.06,2239,1002,55.25,16.48,67.31
263800000C0932,2.0,1.25,0.521,0.582,2.15,284,163,42.61,1.41,53.52
26377000AD0062,2.15,1.15,0.491,0.431,4.52,796,208,73.87,39.32,77.89
841500000F0015,2.2,1.05,0.527,0.559,2.26,380,212,44.21,0.26,55.79
261820000G0216,2.5,1.0,0.454,0.507,2.57,919,382,58.43,17.95,61.15
262750000A0133,1.35,1.1,0.346,0.627,41.02,2338,47,97.99,96.79,97.56
26054000AL0011,2.15,0.9,0.509,0.589,2.0,3925,2288,41.71,1.02,49.96
83049000AK0400,1.85,1.1,0.466,0.459,2.41,4372,2017,53.87,0.0,58.46
070090000B1567,1.9,1.2,0.504,0.545,5.2,41749,9387,77.52,58.71,80.78
840890000C0158,2.45,1.45,0.58,0.482,3.82,783,303,61.3,19.8,73.82
26345000BK0217,2.15,1.15,0.521,0.541,3.34,7416,2712,63.43,32.4,70.06
841060000A0086,2.15,1.15,0.546,0.551,2.63,1334,671,49.7,8.7,61.92
840940000E1060,2.25,1.0,0.433,0.43,78.48,4866,65,98.66,96.9,98.73
840870000C0296,1.8,1.05,0.464,0.521,2.07,3388,1769,47.79,0.0,51.74
840560000A0130,2.0,1.25,0.536,0.58,2.78,1270,590,53.54,19.84,64.02
830970000D0411,2.35,1.75,0.574,0.365,6.13,14365,3443,76.03,34.28,83.69
841260000F0492,2.1,0.9,0.506,0.593,2.01,919,538,41.46,1.2,50.27
84122000AS0135,2.0,1.25,0.5,0.821,4.59,574,147,74.39,68.82,78.22
840100000A0641,2.45,1.4,0.556,0.523,5.26,820,215,73.78,49.88,80.98
263570000O0217,2.0,1.2,0.507,0.714,11.23,2347,242,89.69,85.56,91.1
831430000D1245,2.5,1.3,0.433,0.43,7.14,357,52,85.43,66.11,85.99
841300000B0336,2.0,1.2,0.515,0.469,2.61,1128,512,54.61,3.19,61.7
830350000B1062,2.2,1.1,0.419,0.889,2.43,2214,899,59.39,54.34,58.9
840610000B0213,2.25,1.1,0.424,0.845,2.38,3170,1312,58.61,51.04,57.92
07228000AN0008,2.1,0.8,0.435,0.605,1.66,3084,1857,39.79,0.49,39.88
26220000AT0017,2.35,1.05,0.361,0.742,2.38,3174,1309,58.76,44.45,58.0
26377000AK0082,2.5,1.0,0.433,0.543,6.19,167,25,85.03,72.46,83.83
83016000AK0692,2.0,1.25,0.518,0.519,4.67,1373,370,73.05,48.07,78.59
841460000D0299,2.2,1.1,0.427,0.66,3.45,772,231,70.08,54.66,70.98
84086000AN0051,2.2,1.25,0.52,0.583,8.04,2427,381,84.3,73.05,87.56
840450000A0160,2.15,1.15,0.544,0.559,3.04,712,324,54.49,18.54,67.13
830270000B1103,2.05,1.2,0.534,0.632,2.79,2097,969,53.79,26.85,64.14
07324000AY0223,2.0,1.15,0.508,0.575,2.17,1018,542,46.76,7.37,53.83
840870000L0078,2.2,1.0,0.52,0.613,2.64,1826,871,52.3,22.12,62.1
073430000A0403,2.2,1.35,0.542,0.444,3.06,5509,2392,56.58,2.14,67.34
840190000G0534,2.1,1.15,0.525,0.553,2.34,1207,656,45.65,1.74,57.33
072590000A0736,2.25,1.1,0.548,0.737,2.55,3630,1814,50.03,32.23,60.8
841380000M0183,2.0,1.25,0.523,0.528,7.39,13823,2320,83.22,68.23,86.46
83097000AE0236,2.5,1.25,0.391,0.694,1.51,1087,759,30.17,0.0,33.95
841220000B0725,2.35,1.0,0.343,0.632,91.53,1373,12,99.13,98.62,98.91
84032000AS0087,2.0,1.25,0.522,0.469,3.57,4083,1457,64.32,23.9,71.98
26054000AM0291,2.2,1.0,0.537,0.598,2.17,3120,1865,40.22,0.0,53.81
841340000D0261,1.95,1.25,0.367,0.571,39.81,637,16,97.49,95.6,97.49
073120000C0629,2.15,1.05,0.373,0.761,3.51,372,108,70.97,61.83,71.51
840440000D0998,2.0,1.25,0.522,0.551,3.1,322,130,59.63,26.71,67.7
26345000BC0025,2.0,1.25,0.498,0.883,2.93,1339,546,59.22,53.85,65.87
26345000BM0002,2.2,1.1,0.333,0.817,2.92,1091,362,66.82,59.4,65.72
840970000A0188,2.0,1.25,0.527,0.561,7.36,6120,1035,83.09,69.84,86.42
830450000H0067,1.65,1.35,0.38,0.448,60.0,1620,26,98.4,96.42,98.33
840190000D1427,2.2,1.1,0.36,0.876,4.3,705,148,79.01,76.03,76.74
830510000A0030,2.35,1.25,0.537,0.667,14.65,6913,601,91.31,86.97,93.17
840570000B0212,,,,,,,,,,
262850000C0573,2.0,1.2,0.467,0.429,4.39,202,54,73.27,37.62,77.23
841270000F0494,2.15,1.15,0.541,0.525,2.54,10516,5436,48.31,1.55,60.69
07228000AL0189,1.8,1.25,0.49,0.662,4.73,430,102,76.28,64.19,78.84
07264000AC0270,2.45,1.0,0.406,0.712,9.11,1987,215,89.18,84.8,89.03
840720000I0569,2.25,1.1,0.497,0.692,2.75,2526,1079,57.28,38.28,63.58
26054000AM0121,2.25,1.1,0.393,0.611,9.25,703,77,89.05,82.08,89.19
841360000C1602,2.1,1.15,0.441,0.677,2.67,2303,946,58.92,39.34,62.61
13091000AK0022,1.9,1.3,0.504,0.544,8.15,3710,547,85.26,72.91,87.74
830350000A0069,2.2,1.1,0.419,0.776,4.76,1756,375,78.64,72.49,78.99
841460000E0207,2.25,1.1,0.529,0.54,3.27,1349,534,60.42,26.76,69.46
84118000AO0197,2.05,0.95,0.49,0.541,2.09,1725,956,44.58,0.0,52.06
840290000D0534,2.2,1.1,0.239,0.839,1.94,1033,527,48.98,39.21,48.4
841330000D0398,2.25,1.25,0.569,0.493,2.84,1515,740,51.16,0.86,64.82
26025000AC0056,1.65,1.2,0.44,0.44,2.4,1133,498,56.05,0.0,58.34
840440000D1331,1.95,1.25,0.493,0.438,3.37,5222,1843,64.71,19.46,70.3
840490000E0384,2.1,1.1,0.346,0.977,8.24,1145,128,88.82,88.56,87.86
841330000C0418,2.5,0.9,0.333,0.669,1.4,2974,1994,32.95,0.0,28.68
26377000AB0285,2.0,1.25,0.526,0.54,7.47,11483,1926,83.23,68.93,86.61
07143000AB0394,1.35,0.9,0.358,0.587,1.48,930,552,40.65,0.0,32.58
841300000A0008,2.15,1.15,0.503,0.703,2.55,4136,1961,52.59,32.57,60.71
83148000AB0015,2.05,1.25,0.458,0.4,6.8,884,146,83.48,58.71,85.29
263570000C0038,2.1,1.15,0.326,0.676,1.56,1664,1091,34.44,2.94,36.06
84137000BC0075,2.2,1.1,0.511,0.511,4.51,835,235,71.86,44.91,77.84
840890000I3101,2.45,1.45,0.534,0.7,4.47,5691,1670,70.66,58.07,77.61
83101000AC0041,2.45,1.7,0.605,0.455,4.03,915,368,59.78,11.69,75.19
83096000AC0230,1.9,1.15,0.374,0.375,59.13,887,15,98.31,95.49,98.31
841160000A1186,1.75,1.2,0.43,0.519,22.19,1176,56,95.24,90.82,95.49
84129000AH0302,1.4,0.7,0.333,0.55,1.37,2415,1331,44.89,0.0,27.25
830350000A0503,2.2,1.1,0.53,0.546,2.75,701,326,53.5,14.84,63.62
26345000AY0109,2.25,0.85,0.492,0.599,1.88,2195,1344,38.77,0.0,46.7
841170000A0093,2.0,1.25,0.515,0.537,3.75,2627,844,67.87,40.12,73.35
83035000AC0050,1.3,0.9,0.252,0.684,27.38,931,26,97.21,95.92,96.35
26345000AL0229,2.1,1.15,0.438,0.766,1.64,6168,4060,34.18,14.12,38.88
83097000AN0238,2.3,1.95,0.593,0.476,4.45,529,178,66.35,29.3,77.5
262750000M0275,2.0,1.25,0.46,0.878,4.35,810,201,75.19,71.73,77.04
26377000AI0193,2.35,1.05,0.437,0.654,2.42,324,149,54.01,29.63,58.64
840190000G0365,1.85,1.35,0.488,0.64,9.07,1088,146,86.58,79.04,88.97
841160000A0162,2.25,1.05,0.368,0.758,1.32,2710,2041,24.69,0.63,24.17
261800000A0236,2.35,1.05,0.424,0.724,1.64,3746,2382,36.41,12.17,39.08
262850000C0254,1.85,1.25,0.49,0.481,2.46,2199,1039,52.75,1.73,59.3
830830000A1092,2.15,1.3,0.503,0.38,5.33,3817,884,76.84,38.98,81.24
131150000D0046,2.0,1.25,0.516,0.632,18.71,4547,295,93.51,89.73,94.66
830730000A0075,2.45,1.4,0.487,0.4,32.24,1644,60,96.35,90.88,96.9
84029000AN0001,2.05,1.2,0.518,0.558,2.4,2503,1329,46.9,4.83,58.29
840870000B1097,2.0,1.1,0.425,0.771,2.49,6594,2768,58.02,45.56,59.84
07264000AC0043,2.15,1.1,0.485,0.793,13.05,4137,340,91.78,89.63,92.34
26250000ZH0315,2.2,1.1,0.525,0.471,2.71,1601,754,52.9,0.0,63.15
84028000AK0113,2.15,1.1,0.342,0.7,11.15,379,35,90.77,86.81,91.03
84112000AW0070,2.35,1.4,0.559,0.543,3.78,344,132,61.63,29.36,73.55
83097000AN0033,1.4,1.0,0.382,0.528,1.71,803,420,47.7,1.0,41.59
26179000ZK0042,2.4,1.0,0.446,0.69,2.84,727,265,63.55,47.18,64.79
262850000C0872,1.95,1.2,0.478,0.482,4.68,969,239,75.34,48.81,78.64
072790000B0133,2.25,1.35,0.551,0.549,18.77,3830,270,92.95,87.15,94.67
840560000F0134,2.2,0.9,0.31,0.382,39.79,557,13,97.67,93.9,97.49
26345000AI0081,2.2,1.05,0.373,0.704,1.39,4303,3075,28.54,0.0,27.86
841380000R0721,2.3,0.95,0.48,0.541,3.97,115,33,71.3,46.96,74.78
84055000AE0051,2.0,1.05,0.489,0.528,2.24,1861,975,47.61,0.7,55.35
831400000C0707,2.4,1.05,0.443,0.723,97.18,5928,60,98.99,98.6,98.97
841500000B0791,2.0,1.25,0.527,0.657,25.73,9622,452,95.3,92.85,96.11
26220000AB0125,2.5,1.0,0.399,0.82,2.75,1663,559,66.39,58.99,63.68
83148000BW0041,2.15,1.2,0.511,0.768,28.79,3656,152,95.84,94.58,96.53
13112000CX0002,2.0,1.25,0.526,0.489,4.31,134077,39922,70.22,39.14,76.77
84088000AS0389,2.05,1.2,0.533,0.636,4.5,1323,374,71.73,55.56,77.78
840190000D1234,1.85,1.35,0.507,0.655,7.61,1887,302,84.0,75.57,86.86
830910000D0334,2.15,1.3,0.489,0.409,2.99,436,180,58.72,0.0,66.51
83148000AI0095,2.15,1.9,0.286,0.368,114.71,803,7,99.13,97.63,99.13
84106000ZA0044,2.2,1.0,0.372,0.91,14.13,7180,435,93.94,93.34,92.92
841460000B0915,2.25,0.95,0.505,0.577,2.0,5220,3017,42.2,0.0,50.11
072680000B0488,2.15,1.1,0.451,0.691,10.52,2272,212,90.67,86.49,90.49
83112000BI0177,2.2,1.1,0.417,0.708,3.7,2372,666,71.92,60.33,72.98
26179000ZD0052,2.0,0.9,0.479,0.537,2.11,1518,808,46.77,0.86,52.57
840960000D0032,2.05,1.2,0.48,0.654,16.75,1357,89,93.44,89.98,94.03
841400000D0299,2.5,1.4,0.563,0.511,9.92,4872,664,86.37,73.34,89.92
831200000B2010,2.25,1.5,0.556,0.456,3.97,401,144,64.09,21.2,74.81
830670000D1556,2.45,1.35,0.484,0.415,2.88,5359,2215,58.67,0.47,65.33
840370000C1054,1.8,1.2,0.48,0.719,9.7,1882,212,88.74,84.33,89.69
26345000AT0120,1.95,1.2,0.458,0.538,11.54,1223,119,90.27,81.93,91.33
830120000A0796,1.7,1.15,0.42,0.571,32.65,3428,104,96.97,94.69,96.94
26367000AI0066,1.95,1.2,0.401,0.495,9.57,440,47,89.32,78.41,89.55
840720000B0268,2.0,1.25,0.546,0.608,3.28,564,234,58.51,31.74,69.5
841500000B0656,2.15,1.1,0.536,0.544,2.42,1245,672,46.02,0.72,58.63
830180000D0768,2.15,1.5,0.474,0.417,41.15,1399,40,97.14,93.14,97.57
84137000AC0207,2.5,1.0,0.387,0.968,6.9,4508,578,87.18,86.76,85.51
13032000BS0039,2.0,1.25,0.525,0.527,5.73,17890,3927,78.05,58.36,82.54
840440000D1703,1.95,1.25,0.495,0.458,4.89,2276,540,76.27,48.2,79.57
830460000E1475,2.25,1.65,0.467,0.402,21.07,632,37,94.15,85.44,95.25
84012000AN0058,2.15,1.15,0.372,0.78,2.79,327,124,62.08,51.38,64.22
84072000BI0059,2.0,1.25,0.538,0.578,5.32,30612,7485,75.55,57.66,81.2
84137000AB0022,2.0,1.25,0.533,0.608,3.57,597,219,63.32,39.7,72.03
830490000A0159,2.4,1.25,0.507,0.394,4.3,297,85,71.38,27.27,76.77
84106000AD0068,2.0,1.25,0.538,0.568,2.4,4353,2369,45.58,4.16,58.42
840390000F0360,1.75,1.25,0.484,0.716,13.92,3619,278,92.32,89.28,92.82
840390000H0548,2.2,1.0,0.519,0.631,2.45,211,113,46.45,15.17,59.24
841500000E0100,2.05,1.15,0.425,0.387,10.97,812,82,89.9,73.89,90.89
830490000D2158,1.75,0.85,0.414,0.477,2.04,39125,18608,52.44,0.2,50.89
830460000F1281,1.3,1.1,0.357,0.684,98.77,6519,52,99.2,98.83,98.99
26367000AM0140,2.0,1.25,0.515,0.528,5.04,1880,460,75.53,53.62,80.16
840490000E0664,2.05,1.15,0.404,0.833,59.81,1555,25,98.39,98.07,98.33
83118000AD0035,2.4,1.25,0.521,0.387,5.41,4800,1115,76.77,39.98,81.5
841270000C0463,2.05,1.2,0.444,0.707,2.14,757,393,48.08,26.55,53.24
262750000G0055,2.2,0.95,0.275,0.782,1.19,1980,1579,20.25,0.0,15.66
263800000C1471,2.4,0.9,0.414,0.614,1.53,95,62,34.74,0.0,34.74
07168000AN0097,2.45,1.45,0.567,0.562,12.6,2772,306,88.96,80.38,92.06
072450000A0048,2.1,1.05,0.51,0.51,2.42,3713,1893,49.02,0.11,58.71
072910000B0162,2.25,1.3,0.568,0.553,2.61,2896,1574,45.65,1.76,61.71
840160000F0733,1.9,1.15,0.362,0.5,90.5,1086,12,98.9,97.79,98.9
840960000D0329,2.0,1.25,0.54,0.536,2.44,13651,7325,46.34,0.0,58.96
262750000I0384,1.5,1.2,0.222,0.545,95.0,570,6,98.95,98.07,98.95
830950000E0009,2.5,1.25,0.533,0.388,12.54,6534,676,89.65,73.32,92.03
830860000D0505,2.5,1.1,0.431,0.473,2.29,2114,1007,52.37,0.0,56.29
840760000E0544,2.5,1.45,0.571,0.455,5.29,10790,2901,73.11,40.89,81.09
263570000S0082,2.25,1.1,0.356,0.895,2.21,2224,965,56.61,51.53,54.72
84003000CE0052,2.3,1.4,0.572,0.519,3.83,950,366,61.47,25.79,73.89
84102000AD0132,,,,,,,,,,
831000000F0119,2.25,0.9,0.495,0.513,2.2,709,362,48.94,0.42,54.44
840940000F0210,1.8,1.15,0.443,0.709,14.51,2917,217,92.56,89.51,93.11
830690000D2617,1.85,1.1,0.444,0.417,2.56,199595,82936,58.45,0.33,60.92
840200000D0046,2.45,1.45,0.56,0.45,6.32,2995,648,78.36,51.95,84.17
840390000A0437,2.05,0.95,0.487,0.528,2.16,2468,1309,46.96,0.0,53.65
26345000BK0166,2.2,1.1,0.368,0.945,3.48,1574,411,73.89,72.36,71.28
84073000AR0046,2.3,1.05,0.417,0.577,51.91,2388,45,98.12,96.73,98.07
261560000B1359,2.2,2.0,0.595,0.414,6.25,32924,8033,75.6,41.12,84.0
07168000AI0125,2.35,1.45,0.499,0.587,48.12,4235,108,97.45,95.66,97.92
830570000F0256,2.35,1.6,0.563,0.669,4.99,5124,1430,72.09,58.29,79.98
841500000C0270,2.15,1.15,0.545,0.55,2.85,17737,8290,53.26,14.99,64.89
26345000AO0094,2.2,1.1,0.508,0.572,3.37,2549,933,63.4,35.97,70.34
830430000H0199,2.2,0.95,0.524,0.512,2.42,503,256,49.11,0.6,58.65
830940000E0286,1.75,1.0,0.427,0.454,2.2,15491,7082,54.28,0.0,54.55
13087000AI0045,2.45,1.8,0.585,0.396,4.83,3276,1011,69.14,22.13,79.3
840370000D0619,2.25,0.8,0.241,0.776,1.18,575,453,21.22,0.0,15.13
26038000ZH0013,2.5,0.7,0.298,0.788,1.1,22002,17949,18.42,0.0,9.26
262330000C0813,,,,,,,,,,
831200000C0029,2.25,0.85,0.465,0.493,2.08,264,135,48.86,0.0,51.89
840830000B0045,2.0,1.25,0.51,0.683,1.89,623,400,35.79,5.94,47.03
841480000B0104,2.0,1.15,0.456,0.436,13.56,976,78,92.01,81.66,92.62
841360000A0442,2.25,1.1,0.377,0.923,3.55,1954,524,73.18,70.93,71.8
841490000E0018,1.3,1.3,0.263,0.611,31.06,528,11,97.92,96.59,96.78
84082000AL0037,2.25,1.1,0.474,0.736,1.59,2258,1606,28.88,3.32,37.11
840960000C0378,2.1,1.15,0.358,0.794,1.6,608,390,35.86,19.24,37.5
84127000BA0035,2.2,1.0,0.528,0.545,2.35,3445,1853,46.21,1.31,57.42
830430000B0422,2.4,1.3,0.504,0.422,3.06,673,275,59.14,3.12,67.31
830570000D0076,2.05,1.8,0.454,0.438,7.89,221,32,85.52,66.97,87.33
83042000AA0107,2.2,0.9,0.512,0.577,2.07,5978,3456,42.19,0.0,51.76
830850000E1176,2.45,1.55,0.567,0.385,5.39,10630,2808,73.58,31.37,81.45
263570000H0218,2.2,0.85,0.256,0.8,1.17,792,628,20.71,0.88,14.52
84012000AS0319,,,,,,,,,,
83097000AK0081,2.4,1.9,0.548,0.466,3.22,702,296,57.83,9.54,68.95
073450000D0815,2.2,0.95,0.457,0.679,1.67,365,239,34.52,3.56,40.0
841170000A0161,1.9,1.2,0.465,0.763,6.2,341,58,82.99,77.71,83.87
07324000AY0123,2.1,0.85,0.49,0.55,2.08,1801,992,44.92,0.0,51.86
840020000C0331,2.5,1.25,0.438,0.685,2.82,161,63,60.87,42.86,64.6
84073000AD0204,2.4,1.15,0.478,0.404,16.72,836,55,93.42,83.73,94.02
072910000B0945,2.2,1.35,0.391,0.709,1.62,2454,1654,32.6,4.93,38.1
840870000M0237,1.9,0.95,0.34,0.634,1.57,928,588,36.64,0.0,36.31
841500000D0146,1.95,1.2,0.482,0.633,9.46,776,95,87.76,80.67,89.43
841160000A1311,2.0,1.25,0.526,0.593,4.71,1395,367,73.69,55.63,78.78
830940000G0419,2.35,1.55,0.553,0.411,3.39,563,228,59.5,1.42,70.52
07228000AA0124,1.65,1.2,0.45,0.473,2.23,3257,1531,52.99,0.55,55.23
261820000G0547,2.0,1.25,0.506,0.474,4.9,6209,1527,75.41,48.11,79.59
84082000AD0007,1.9,1.15,0.436,0.645,28.09,2107,80,96.2,94.11,96.44
840160000A0183,1.55,1.35,0.457,0.709,8.75,1373,161,88.27,83.47,88.57
84041000AD0217,2.1,1.1,0.493,0.754,8.53,836,107,87.2,83.01,88.28
07070000AH0151,1.7,1.25,0.423,0.515,10.66,885,87,90.17,80.9,90.62
830850000D0113,2.5,1.3,0.448,0.653,1.68,1791,1183,33.95,0.0,40.48
26093000ZB0035,2.2,1.35,0.527,0.376,5.91,15332,3338,78.23,42.1,83.07
841220000H1099,2.1,0.85,0.483,0.544,2.13,437,234,46.45,1.6,53.09
263800000C0847,1.95,1.25,0.521,0.702,6.04,839,167,80.1,71.63,83.43
07070000AK0031,2.25,0.95,0.378,0.486,13.52,676,51,92.46,84.47,92.6
261800000A0120,2.15,1.15,0.49,0.662,3.52,292,100,65.75,48.29,71.58
83129000AL0596,2.3,1.35,0.426,0.707,6.83,792,128,83.84,77.15,85.35
26367000AH0003,2.0,1.25,0.516,0.495,5.88,4338,917,78.86,57.33,82.99
840390000A1024,1.9,1.15,0.481,0.678,26.61,4896,206,95.79,93.79,96.24
263570000D0088,2.25,0.95,0.379,0.74,1.33,2654,1944,26.75,1.02,24.64
07143000AK0147,1.55,0.95,0.404,0.616,3.52,1278,313,75.51,60.25,71.6
840890000C0264,2.0,1.2,0.466,0.39,3.65,694,214,69.16,20.89,72.62
830490000C1100,2.3,1.5,0.561,0.41,3.58,1243,488,60.74,4.26,72.08
830040000E0399,2.35,1.55,0.402,0.603,1.86,1960,1158,40.92,1.99,46.22
84028000AD0328,2.0,1.25,0.541,0.66,3.82,2330,773,66.82,49.7,73.82
84082000BO0179,2.0,1.25,0.532,0.535,3.39,3856,1439,62.68,30.19,70.54
07279000AR0017,2.3,1.2,0.554,0.551,2.41,2592,1444,44.29,0.0,58.53
841270000D0538,,,,,,,,,,
830630000C0125,2.3,1.45,0.553,0.498,2.79,282,139,50.71,1.06,64.18
841330000F0775,,,,,,,,,,
840370000F0095,2.0,0.85,0.275,0.755,1.2,2913,2271,22.04,0.0,16.34
840170000B0770,2.35,1.05,0.477,0.449,5.4,637,137,78.49,52.12,81.48
841090000C0404,2.15,1.15,0.475,0.506,4.65,1191,284,76.15,52.9,78.51
263800000C0612,1.7,1.35,0.473,0.516,2.28,810,399,50.74,4.44,56.17
841460000D0436,2.0,1.25,0.506,0.71,8.84,1608,218,86.44,80.91,88.68
840690000C0097,2.05,1.2,0.511,0.5,9.02,5689,736,87.06,74.11,88.91
07264000AO0210,2.25,1.1,0.554,0.586,2.92,1240,566,54.35,22.1,65.81
83097000AP0039,2.4,1.15,0.35,0.653,1.56,1177,777,33.98,0.0,35.94
84104000AH0194,2.1,1.15,0.365,0.867,2.85,845,299,64.62,59.17,64.97
83071000AA0010,2.1,1.3,0.531,0.45,2.9,1252,566,54.79,0.0,65.5
840970000D0467,2.05,1.2,0.514,0.644,8.9,2544,356,86.01,78.26,88.76
262750000B0140,2.2,1.0,0.537,0.575,2.17,1285,754,41.32,0.0,53.93
830560000C0634,2.45,1.3,0.503,0.67,33.48,2210,77,96.52,94.8,97.01
840710000A0556,2.3,1.2,0.349,0.669,1.56,928,618,33.41,0.43,36.1
840780000C0184,2.2,0.9,0.342,0.754,1.25,1420,1079,24.01,0.0,20.0
830670000C0251,2.05,1.6,0.466,0.438,12.79,857,78,90.9,79.23,92.18
831000000E0558,2.15,1.1,0.522,0.525,2.32,2635,1401,46.83,0.0,56.81
840390000G0107,1.75,1.25,0.494,0.59,4.05,1372,386,71.87,52.33,75.29
830270000C0069,2.25,1.1,0.351,0.754,1.42,910,643,29.34,6.26,29.78
840190000H0959,2.35,1.05,0.368,0.849,14.41,706,45,93.63,92.49,93.06
83098000BK0215,2.2,1.25,0.554,0.509,2.68,1006,507,49.6,0.99,62.72
840960000E0353,2.1,1.15,0.313,0.711,1.72,459,268,41.61,17.86,41.83
263570000B0458,2.05,1.2,0.434,0.736,1.93,1462,805,44.94,25.17,48.15
26377000AK0615,2.15,1.1,0.198,0.4,186.0,744,4,99.46,98.66,99.46
840290000F0178,,,,,,,,,,
26345000BL0217,2.15,1.15,0.557,0.61,3.09,1218,537,55.91,27.75,67.65
830720000G1179,2.35,1.25,0.536,0.593,17.66,4787,354,92.6,87.53,94.34
84087000ZD0023,1.75,1.25,0.492,0.691,19.01,10056,585,94.18,91.59,94.74
26271000ZC0065,2.15,1.1,0.53,0.542,2.33,4887,2668,45.41,0.0,57.17
263570000P0067,2.25,1.1,0.528,0.735,2.97,2030,844,58.42,43.45,66.35
261820000G0258,2.05,1.15,0.517,0.512,2.41,5721,2918,48.99,0.31,58.54
07070000AL0062,2.0,1.15,0.472,0.481,7.52,2495,375,84.97,68.74,86.69
841500000G0341,2.0,1.25,0.47,0.435,3.29,756,262,65.34,20.37,69.58
84137000AH0312,2.0,1.25,0.489,0.457,8.64,510,74,85.49,68.24,88.43
841340000C0554,1.95,1.25,0.536,0.65,21.62,24127,1418,94.12,90.95,95.37
840530000C0445,2.45,1.0,0.313,0.793,1.43,847,579,31.64,13.81,29.87
830510000E1211,2.45,1.7,0.571,0.402,6.61,6972,1540,77.91,45.04,84.88
13032000BK0013,2.15,1.15,0.538,0.558,3.06,1525,651,57.31,23.54,67.28
840370000A0991,2.1,1.0,0.523,0.595,2.03,1348,808,40.06,0.0,50.82
26377000AT0141,2.0,1.15,0.4,0.506,17.09,735,44,94.01,88.16,94.15
07056000AE0201,1.9,1.1,0.479,0.526,2.14,912,480,47.37,0.0,53.29
07168000AI0279,,,,,,,,,,
840980000A0485,1.95,1.2,0.499,0.631,17.43,6310,413,93.45,89.62,94.26
84073000AL0122,1.7,1.2,0.419,0.713,49.66,2930,62,97.88,97.03,97.99
263570000L0168,1.65,1.0,0.41,0.449,2.17,1364,610,55.28,0.29,53.81
83097000AN0088,2.15,1.55,0.507,0.433,34.9,3176,114,96.41,91.72,97.13
263800000D0573,,,,,,,,,,
13050000AT0026,2.5,1.0,0.31,0.902,8.19,2655,285,89.27,88.1,87.8
840370000C0977,1.9,1.15,0.429,0.744,13.2,739,61,91.75,88.9,92.42
13080000CE0088,2.0,1.25,0.476,0.437,5.29,524,114,78.24,50.19,81.11
841270000D0690,2.2,0.95,0.494,0.631,1.82,1441,918,36.29,0.0,45.04
830270000D0033,2.15,1.15,0.527,0.694,4.98,2671,654,75.51,64.69,79.93
830040000F0336,2.1,1.15,0.489,0.386,4.76,11276,2780,75.35,36.13,79.01
830510000A0321,2.5,1.8,0.493,0.363,52.32,1465,33,97.75,93.79,98.09
83112000DW0011,2.25,1.1,0.472,0.583,2.44,4630,2166,53.22,19.7,58.96
840370000H0235,1.65,1.3,0.459,0.718,7.27,371,51,86.25,80.86,86.25
830640000A3183,2.3,1.4,0.582,0.501,3.07,1735,865,50.14,0.4,67.44
263570000X0343,2.0,1.25,0.429,0.943,11.05,5579,510,90.86,90.3,90.95
840530000C0469,2.15,1.1,0.439,0.592,27.0,1188,45,96.21,93.6,96.3
84086000AP0275,2.4,1.3,0.544,0.487,2.94,1638,750,54.21,5.98,66.0
841270000C0532,2.05,1.2,0.405,0.935,5.36,391,72,81.59,80.31,81.33
84018000AC0046,2.05,1.15,0.508,0.693,17.0,3435,239,93.04,89.96,94.12
830940000F0193,2.3,0.8,0.423,0.72,1.29,360,273,24.17,0.0,22.78
13110000CK0201,2.2,1.15,0.548,0.51,2.63,6882,3484,49.38,0.78,62.05
83149000AC0133,2.2,1.25,0.528,0.43,2.92,1070,458,57.2,0.37,65.7
830260000F0565,2.5,1.6,0.484,0.418,13.44,699,64,90.84,78.11,92.56
84104000AH0030,2.0,1.25,0.54,0.57,2.97,2731,1216,55.47,21.82,66.31
84090000AH0225,2.45,1.2,0.403,0.543,1.96,669,363,45.74,0.15,48.88
831000000F0755,2.5,1.2,0.494,0.402,12.41,1887,182,90.36,75.99,91.94
84149000AB0025,2.0,1.25,0.537,0.64,5.74,7932,1794,77.38,64.65,82.56
840370000A0332,2.3,0.95,0.395,0.472,15.28,596,34,94.3,87.92,93.46
840160000K0606,1.5,1.2,0.441,0.711,28.84,8190,263,96.79,95.48,96.53
831000000D0763,2.15,1.05,0.53,0.529,2.4,3497,1844,47.27,0.34,58.36
840250000C0010,2.35,1.05,0.383,0.666,2.58,9580,3754,60.81,41.16,61.22
840970000B0300,2.0,1.25,0.525,0.722,8.23,2222,328,85.24,79.57,87.85
840370000D0282,1.7,1.25,0.478,0.691,3.82,4079,1172,71.27,58.4,73.82
840960000C0380,2.2,1.1,0.546,0.515,2.61,791,402,49.18,1.26,61.69
830910000A0340,2.0,1.0,0.478,0.477,2.39,2791,1328,52.42,0.25,58.08
830190000D0203,2.3,1.3,0.523,0.386,5.17,1277,303,76.27,38.61,80.66
26377000AD0071,1.8,1.25,0.489,0.701,8.99,1231,155,87.41,82.05,88.87
841210000B0135,2.45,1.4,0.538,0.41,14.65,5684,525,90.76,77.5,93.17
84134000ZA0028,2.1,1.15,0.535,0.615,3.82,8059,2656,67.04,46.42,73.82
840610000B0454,2.0,1.25,0.409,0.737,2.62,2070,811,60.82,46.81,61.88
84058000AC0191,2.4,1.15,0.46,0.38,64.1,3205,54,98.32,95.57,98.44
83042000AX0104,1.7,1.1,0.426,0.432,2.29,2486,1100,55.75,0.0,56.36
840140000B0258,2.5,1.45,0.55,0.411,4.97,4308,1217,71.75,31.34,79.87
13082000AK0126,2.15,1.15,0.483,0.526,6.18,624,113,81.89,65.54,83.81
830320000E0593,2.25,1.85,0.586,0.452,3.33,1176,514,56.29,3.4,69.98
83097000AL0492,2.75,1.65,0.568,0.386,3.78,839,321,61.74,0.95,73.54
830910000A0402,2.1,1.15,0.529,0.481,2.77,424,204,51.89,0.0,63.92
840450000B0256,2.4,1.0,0.406,0.774,5.23,2460,452,81.63,76.26,80.89
841370000B0255,1.9,1.25,0.487,0.503,6.64,1129,197,82.55,65.28,84.94
26179000ZA0203,2.0,1.25,0.534,0.668,4.62,2530,683,73.0,59.6,78.34
830470000C1010,2.3,1.25,0.558,0.437,3.27,14018,5974,57.38,2.5,69.4
830730000G2362,2.4,1.25,0.519,0.402,16.36,4614,363,92.13,80.45,93.89
841370000D0109,1.65,1.2,0.442,0.394,2.79,3578,1364,61.88,3.19,64.11
830330000E0149,2.2,1.1,0.507,0.53,2.33,4355,2323,46.66,0.0,57.13
841380000O0338,2.0,1.25,0.549,0.604,4.17,11104,3460,68.84,48.37,75.99
83123000AE1040,2.15,1.15,0.486,0.641,2.89,4985,2007,59.74,37.23,65.4
841380000S0567,2.15,1.15,0.519,0.483,4.1,2836,849,70.06,38.01,75.63
84118000AI0040,2.4,1.0,0.356,0.7,1.58,1609,990,38.47,12.12,36.61
261800000B0925,2.45,1.0,0.372,0.649,2.01,340,168,50.59,23.82,50.29
13079000AY0017,2.5,1.65,0.519,0.607,2.16,5551,3207,42.23,4.76,53.77
073080000A1471,1.6,1.25,0.436,0.758,7.46,1633,229,85.98,81.51,86.59
840020000B0724,2.7,1.2,0.486,0.484,6.32,954,183,80.82,60.38,84.17
840200000B0040,1.4,1.25,0.336,0.45,200.43,4209,18,99.57,99.05,99.5
841500000H0119,2.0,1.25,0.5,0.654,4.02,2410,720,70.12,54.32,75.1
830720000D1583,2.1,1.05,0.457,0.385,4.42,18004,4499,75.01,35.13,77.39
841500000D0342,1.8,1.25,0.491,0.471,2.45,2029,958,52.78,0.0,59.24
83116000BY0244,2.5,1.5,0.48,0.569,2.07,1864,1080,42.06,0.0,51.61
831340000B0188,2.45,1.7,0.585,0.436,4.48,2567,853,66.77,23.76,77.68
840870000G0416,2.2,1.0,0.365,0.832,1.77,2357,1276,45.86,34.92,43.4
840780000C0348,1.55,1.15,0.302,0.536,16.75,268,15,94.4,89.55,94.03
830490000D0594,2.45,1.8,0.526,0.502,2.74,654,313,52.14,4.74,63.46
841260000F0911,1.9,0.95,0.466,0.53,2.07,1542,808,47.6,1.1,51.62
84028000AI0052,2.25,1.1,0.345,0.792,1.63,6393,3876,39.37,23.45,38.59
840220000D0315,2.35,0.95,0.407,0.625,24.02,1057,40,96.22,93.95,95.84
841170000C0741,2.05,1.2,0.495,0.667,8.12,966,138,85.71,78.57,87.68
840970000C0163,2.1,1.15,0.539,0.561,3.03,2595,1120,56.84,23.04,66.97
841380000T0030,2.0,1.2,0.411,0.689,147.33,4420,31,99.3,98.98,99.32
841170000A0706,2.0,1.25,0.536,0.549,3.12,2460,1028,58.21,23.82,67.97
841260000F0063,2.15,1.15,0.523,0.592,2.15,297,173,41.75,1.68,53.54
831540000E0144,2.5,1.95,0.556,0.443,17.87,2055,158,92.31,82.63,94.4
841460000C0294,2.2,1.1,0.438,0.682,1.87,9045,5164,42.91,16.24,46.46
07070000AH0144,2.05,1.05,0.441,0.457,15.02,1322,96,92.74,84.11,93.34
072910000B0427,2.15,1.25,0.516,0.461,17.55,5318,379,92.87,84.52,94.3
840450000D0033,2.45,1.0,0.43,0.426,40.39,2060,49,97.62,94.42,97.52
263570000T0139,1.85,1.35,0.0,1.0,1992.0,1992,1,99.95,99.95,99.95
830460000E1052,2.0,1.45,0.419,0.607,33.69,539,17,96.85,94.81,97.03
830940000G0115,2.3,1.25,0.477,0.693,1.64,524,374,28.63,0.0,38.93
840720000E0596,2.05,1.2,0.539,0.631,3.96,1187,393,66.89,47.51,74.73
840390000A0310,1.6,1.2,0.3,0.667,122.12,977,8,99.18,98.77,99.18
841330000D1035,2.3,1.45,0.547,0.412,6.6,4921,1023,79.21,49.56,84.84
830670000D1609,2.4,1.4,0.534,0.457,3.11,277,117,57.76,7.58,67.87
840680000A0609,2.4,1.45,0.509,0.581,2.58,1315,638,51.48,16.43,61.22
840370000C1083,1.55,1.4,0.414,0.44,4.72,378,84,77.78,49.47,78.84
263570000P0118,1.6,1.2,0.346,0.368,98.68,2467,25,98.99,97.24,98.99
840680000C0488,2.4,1.35,0.573,0.467,3.2,2285,1034,54.75,3.19,68.8
841330000F0096,1.6,1.05,0.425,0.506,1.93,5315,2678,49.61,0.4,48.13
830570000C0125,2.45,1.95,0.589,0.437,10.0,2341,371,84.15,63.73,90.0
07279000AL0455,2.25,1.45,0.568,0.464,4.1,1743,602,65.46,25.59,75.62
830430000H0693,2.2,1.0,0.486,0.448,2.49,219,104,52.51,0.0,59.82
840370000A0545,1.9,1.15,0.418,0.697,2.97,1213,425,64.96,49.71,66.36
26054000AN0073,2.05,1.2,0.546,0.621,3.44,9779,3735,61.81,38.47,70.92
262330000C0349,2.45,1.0,0.472,0.614,2.03,1938,1040,46.34,12.59,50.83
840510000A0044,2.25,1.0,0.375,0.737,7.97,2057,235,88.58,84.49,87.46
830690000D0679,2.5,1.3,0.442,0.597,1.84,5823,3495,39.98,0.0,45.53
831400000F0602,,,,,,,,,,
84041000AE0541,2.0,1.15,0.476,0.457,24.94,3491,159,95.45,90.03,95.99
071260000I0138,1.55,0.95,0.136,0.375,52.2,261,3,98.85,96.93,98.08
831340000B0108,2.4,1.45,0.45,0.669,1.75,1834,1184,35.44,3.49,42.75
841270000C0636,1.95,1.2,0.498,0.591,9.67,1769,217,87.73,79.25,89.66
840370000H0114,1.75,1.2,0.415,0.663,19.15,1034,55,94.68,91.97,94.78
840370000A0968,1.75,1.25,0.497,0.636,2.57,3008,1331,55.75,30.42,61.07
07313000AH0363,2.0,1.15,0.463,0.544,8.04,225,31,86.22,74.67,87.56
831250000E0511,2.4,1.75,0.486,0.423,7.52,203,33,83.74,61.58,86.7
840870000D1646,2.0,1.1,0.523,0.631,2.88,7955,3344,57.96,33.4,65.32
13114000AP0204,1.95,1.25,0.497,0.638,21.69,2754,146,94.7,91.68,95.39
84041000AD0070,1.85,1.35,0.499,0.587,12.25,1078,101,90.63,84.04,91.84
84028000AV0102,2.0,1.25,0.536,0.589,2.41,2476,1338,45.96,8.24,58.52
84138000BL0058,2.15,1.15,0.539,0.548,3.48,8221,3115,62.11,30.85,71.26
261820000C0291,2.15,1.15,0.468,0.531,5.06,157,34,78.34,59.24,80.25
83148000BR0121,2.35,1.55,0.57,0.438,3.44,1080,453,58.06,4.26,70.93
130080000F0062,2.0,1.25,0.519,0.479,3.19,12919,5101,60.52,17.52,68.67
84127000BM0018,2.25,1.1,0.381,0.897,6.76,2319,330,85.77,84.13,85.21
840090000G0463,2.15,1.15,0.532,0.478,2.7,8760,4231,51.7,0.0,62.93
840160000A1341,2.0,1.05,0.345,0.759,3.76,399,104,73.93,65.66,73.43
26377000AN0195,2.15,1.15,0.483,0.515,6.94,756,123,83.73,68.39,85.58
841460000C0517,2.0,1.25,0.527,0.649,14.03,8489,741,91.27,86.56,92.87
07228000AL0193,2.0,1.15,0.499,0.662,5.45,501,102,79.64,69.26,81.64
263570000S0062,2.2,1.1,0.361,0.94,3.73,1122,281,74.96,73.35,73.17
83136000AT0101,2.4,1.4,0.535,0.39,7.38,1033,193,81.32,52.08,86.45
830250000C0103,2.4,1.35,0.545,0.527,7.37,1946,348,82.12,66.08,86.43
830730000B1055,2.15,1.2,0.4,0.643,76.41,1299,18,98.61,97.84,98.69
830470000C0094,2.3,1.6,0.57,0.374,4.03,9097,3271,64.04,3.83,75.16
830480000B1094,2.25,2.0,0.549,0.443,3.92,243,82,66.26,23.87,74.49
263570000B0048,1.8,1.15,0.436,0.527,31.07,6027,211,96.5,93.36,96.78
26345000AN0006,1.65,1.2,0.42,0.584,21.2,2713,128,95.28,91.93,95.28
84028000BC0330,2.0,1.25,0.399,0.89,8.56,1344,154,88.54,87.13,88.32
83071000DA0153,2.0,1.3,0.45,0.41,5.52,276,55,80.07,51.45,81.88
841370000B1040,1.5,1.0,0.333,0.675,52.77,1583,27,98.29,97.47,98.1
262750000B0265,2.15,1.05,0.525,0.574,2.21,1597,924,42.14,0.0,54.79
830730000A0430,2.3,1.95,0.491,0.615,5.47,438,96,78.08,64.38,81.74
840870000M0175,2.0,1.1,0.461,0.625,1.98,885,486,45.08,12.09,49.49
073430000E0591,1.9,1.5,0.405,0.463,26.06,469,19,95.95,91.26,96.16
84008000AI0254,2.0,1.25,0.493,0.419,4.15,10165,2941,71.07,30.98,75.9
840560000A0589,2.15,1.15,0.513,0.66,6.54,2009,371,81.53,72.03,84.72
83121000AR0082,1.9,1.45,0.473,0.602,12.0,564,50,91.13,85.28,91.67
84031000AK0067,2.05,1.1,0.521,0.541,2.3,2789,1522,45.43,0.0,56.51
262850000C0365,1.8,1.2,0.428,0.417,10.02,571,63,88.97,73.56,90.02
830920000A0677,2.4,0.9,0.36,0.611,1.56,1914,1156,39.6,1.1,35.74
841220000B0144,2.25,1.1,0.44,0.816,5.26,1130,218,80.71,76.37,80.97
84118000AD0147,2.15,1.15,0.532,0.512,3.27,1824,716,60.75,23.36,69.46
07264000AS0209,2.0,1.25,0.54,0.641,3.41,2677,1007,62.38,41.35,70.68
26054000AL0110,2.2,1.1,0.547,0.539,2.43,1952,1063,45.54,0.0,58.81
84003000CO0032,2.4,1.45,0.398,0.641,2.15,3631,1839,49.35,21.04,53.59
841330000B0740,2.5,1.35,0.42,0.484,2.33,2746,1287,53.13,3.24,57.1
830350000B0979,2.15,0.9,0.503,0.583,1.96,1427,838,41.28,0.0,49.05
840590000A0235,2.15,1.15,0.453,0.654,2.65,1622,667,58.88,37.11,62.21
841500000H0184,1.95,1.25,0.492,0.438,6.22,2109,402,80.94,56.52,83.93
84028000AY0274,2.0,1.25,0.52,0.68,10.96,1710,187,89.06,83.92,90.88
841110000C0210,2.45,0.8,0.192,0.5,102.25,409,3,99.27,98.53,99.02
830670000C0276,2.3,1.35,0.576,0.505,2.93,8929,4403,50.69,2.44,65.89
840760000B0273,,,,,,,,,,
84129000EA0008,2.0,1.1,0.487,0.456,4.1,14184,4090,71.16,36.8,75.59
84086000AD0298,2.4,1.3,0.57,0.629,13.62,3923,405,89.68,83.58,92.66
830720000D0529,2.25,1.5,0.532,0.375,4.0,1205,386,67.97,14.61,75.02
830490000C2977,2.2,1.2,0.56,0.552,2.52,921,495,46.25,2.61,60.37
841300000B0960,2.2,1.1,0.486,0.745,3.19,380,143,62.37,49.47,68.68
26345000BE0017,1.8,1.0,0.449,0.525,1.94,360,197,45.28,0.0,48.33
830720000H0456,2.45,1.65,0.591,0.482,3.74,1318,543,58.8,14.57,73.29
840390000D0161,1.75,1.25,0.469,0.573,5.9,549,98,82.15,68.85,83.06
830180000C0776,2.25,1.45,0.546,0.444,6.96,6017,1151,80.87,56.91,85.64
840190000G0548,2.25,1.1,0.353,0.903,3.17,2053,598,70.87,67.75,68.49
830690000D0578,2.25,1.15,0.472,0.495,22.24,1979,105,94.69,89.29,95.5
830510000A0031,2.4,1.35,0.508,0.374,10.33,2521,304,87.94,67.79,90.32
841260000F1157,2.0,1.25,0.532,0.621,5.35,1349,313,76.8,62.64,81.32
840390000D0177,2.0,0.75,0.281,0.714,1.27,2311,1635,29.25,0.87,21.12
830510000A0438,2.4,1.95,0.58,0.438,7.78,1128,210,81.38,57.54,87.15
841460000A0154,2.35,0.8,0.509,0.653,1.83,2759,1778,35.56,1.38,45.42
840720000D0524,2.15,1.15,0.546,0.582,2.55,2115,1087,48.61,11.68,60.85
840220000B0524,2.1,1.1,0.353,0.556,60.64,1516,25,98.35,97.03,98.35
840260000C0080,2.55,1.35,0.515,0.643,1.97,1696,1088,35.85,0.29,49.23
830960000B0174,2.3,1.5,0.571,0.447,3.8,2529,967,61.76,14.55,73.67
841400000B0713,2.5,1.45,0.485,0.718,7.19,2417,404,83.29,76.71,86.1
841110000B0233,2.5,1.0,0.349,0.75,1.81,308,159,48.38,31.17,44.81
84104000AI0027,2.0,1.25,0.525,0.599,3.86,880,291,66.93,44.77,74.09
840390000H0007,1.65,1.3,0.458,0.452,6.95,1299,202,84.45,65.59,85.6
84012000AP0018,1.95,1.05,0.462,0.646,17.92,2813,159,94.35,91.25,94.42
840370000D0113,2.0,1.1,0.419,0.664,2.94,244,83,65.98,48.77,65.98
831430000C0272,1.75,1.9,0.269,0.455,289.2,1446,5,99.65,99.24,99.65
13030000AZ0099,2.3,2.05,0.575,0.467,6.46,743,154,79.27,55.59,84.52
830040000B1918,2.3,2.0,0.378,0.38,3.41,1758,543,69.11,18.66,70.71
830920000D0731,1.5,1.0,0.389,0.459,1.99,2500,1168,53.28,0.0,49.68
840370000B0177,1.9,1.15,0.472,0.616,1.85,4118,2503,39.22,1.26,45.85
840140000D0061,2.45,1.35,0.565,0.42,3.64,1074,414,61.45,8.29,72.53
830680000D0301,2.4,0.9,0.441,0.637,1.61,4375,2847,34.93,0.0,38.01
840370000F0469,1.9,1.15,0.401,0.787,3.23,226,74,67.26,58.41,69.03
26054000AL0183,2.0,1.25,0.391,0.863,2.49,2434,1023,57.97,51.27,59.82
263800000C2228,1.7,1.45,0.471,0.565,2.12,68,35,48.53,8.82,52.94
840370000A0243,1.8,1.2,0.369,0.846,1.49,1592,1069,32.85,20.67,32.98
26367000AP0095,2.0,1.25,0.512,0.461,3.28,31388,11733,62.62,18.94,69.47
840190000G0179,2.25,1.1,0.482,0.67,2.21,685,363,47.01,20.88,54.74
840770000B0005,2.0,1.2,0.475,0.534,7.38,1387,210,84.86,71.67,86.45
840370000H0447,1.75,1.25,0.499,0.694,11.23,6478,651,89.95,85.52,91.09
26377000AM0335,2.05,1.2,0.535,0.57,3.29,2362,934,60.46,30.65,69.6
83019000BT0251,2.35,1.8,0.548,0.443,4.98,413,104,74.82,43.1,79.9
071690000B0195,1.7,1.35,0.504,0.71,4.34,1025,265,74.15,63.61,76.98
841130000C0118,2.25,1.45,0.566,0.486,2.92,1187,570,51.98,1.1,65.8
84028000AD0132,2.35,1.0,0.47,0.667,20.8,2205,102,95.37,93.06,95.19
830320000B0727,2.45,1.25,0.42,0.721,12.12,1612,142,91.19,87.78,91.75
07042000AE0073,2.2,1.1,0.408,0.754,1.79,2846,1646,42.16,23.33,44.2
840370000C0774,2.0,1.1,0.514,0.599,2.96,6851,2749,59.87,32.99,66.25
840300000E1247,2.0,1.25,0.532,0.619,4.54,2120,595,71.93,54.67,77.97
840170000C0273,1.65,1.15,0.456,0.435,2.44,584,252,56.85,0.86,59.08
84073000AE0059,2.25,0.95,0.402,0.5,60.28,1507,24,98.41,96.81,98.34
83047000CA0143,1.2,0.95,0.353,0.502,1.72,1192,600,49.66,0.0,41.86
841480000A0267,2.0,1.25,0.541,0.645,4.07,680,214,68.53,51.18,75.44
26367000AO0455,2.45,1.0,0.333,0.798,3.29,1411,395,72.01,64.92,69.6
840520000H0479,2.15,1.1,0.528,0.515,2.5,3529,1794,49.16,1.33,60.05
84082000AN0296,2.2,1.1,0.423,0.86,2.96,2067,705,65.89,60.33,66.18
830510000C0241,2.15,1.85,0.553,0.397,5.71,988,239,75.81,39.07,82.49
261820000A0024,2.15,0.85,0.502,0.581,1.99,2209,1283,41.92,0.05,49.66
840490000D0954,2.0,1.25,0.481,0.486,4.51,275,72,73.82,46.18,77.82
830940000D0194,2.1,0.9,0.491,0.534,2.09,1046,579,44.65,0.0,52.1
26038000ZL0375,2.4,1.0,0.412,0.813,2.96,14266,4427,68.97,61.85,66.22
263800000D0616,2.05,1.2,0.502,0.659,5.55,261,56,78.54,67.43,81.99
830210000K0287,2.25,1.25,0.47,0.398,39.54,2649,76,97.13,92.79,97.47
841500000E0501,1.75,0.85,0.424,0.508,1.9,2701,1374,49.13,0.0,47.28
84053000ZI0132,1.85,1.15,0.473,0.707,21.79,3901,188,95.18,93.18,95.41
840020000B0777,2.35,1.15,0.518,0.693,5.76,1354,287,78.8,69.42,82.64
841220000A0059,2.0,1.25,0.516,0.565,10.83,2188,248,88.67,79.94,90.77
13050000BD0284,1.35,1.35,0.379,0.543,138.02,8419,57,99.32,98.75,99.28
830690000C0123,2.15,1.1,0.515,0.452,2.79,11542,5211,54.85,0.1,64.1
831250000D0736,2.45,1.4,0.512,0.536,2.3,1079,580,46.25,0.0,56.53
072910000B0148,2.2,1.55,0.562,0.529,6.27,6306,1394,77.89,58.25,84.05
840490000E0089,2.2,1.1,0.38,0.706,1.42,2370,1697,28.4,0.0,29.66
84149000AD0013,1.65,1.25,0.434,0.636,37.58,3006,84,97.21,95.61,97.34
830910000D0037,2.4,0.8,0.457,0.645,1.56,2050,1355,33.9,0.0,36.1
840300000D0474,2.2,1.1,0.368,0.861,2.45,1443,575,60.15,53.71,59.25
830260000B0466,1.3,0.85,0.256,0.591,135.12,4324,13,99.7,99.49,99.26
831400000F0135,2.3,1.5,0.561,0.389,3.72,3984,1501,62.32,3.09,73.09
841330000A0926,2.4,1.1,0.536,0.531,2.45,162,86,46.91,0.0,59.26
841220000B0484,2.3,1.05,0.423,0.753,3.14,1080,363,66.39,55.37,68.15
07264000AC0172,2.25,1.05,0.315,0.729,1.36,2959,2158,27.07,0.0,26.23
840560000B0571,2.25,1.1,0.55,0.572,2.97,3942,1781,54.82,21.03,66.34
83023000BN0053,2.4,1.3,0.557,0.655,17.1,9730,774,92.05,87.85,94.15
13050000BR0019,2.25,1.1,0.527,0.541,2.38,1727,915,47.02,2.03,58.02
841330000D0202,2.25,1.45,0.552,0.381,4.7,7747,2280,70.57,22.68,78.74
840490000C0169,2.0,1.25,0.454,0.656,7.94,286,42,85.31,77.62,87.41
84003000AB0020,1.9,1.15,0.485,0.491,2.34,3679,1817,50.61,0.0,57.22
84003000CI0074,2.15,1.0,0.466,0.52,2.12,3279,1711,47.82,0.0,52.85
84032000AT0124,2.4,1.0,0.35,0.608,2.16,720,341,52.64,22.08,53.61
840440000A0376,2.25,1.1,0.515,0.606,3.44,1171,417,64.39,41.25,70.96
13069000BC0209,2.0,1.25,0.517,0.517,6.39,4221,821,80.55,62.35,84.34
07245000AR0003,1.4,1.15,0.429,0.582,1.69,1115,634,43.14,2.33,40.81
262850000C1016,1.9,1.05,0.359,0.581,30.28,757,25,96.7,94.32,96.7
840470000D1467,2.4,0.9,0.47,0.624,1.71,10192,6445,36.76,0.0,41.63
841400000D0176,2.25,1.4,0.575,0.522,3.45,1512,654,56.75,17.13,71.03
84135000AB0064,1.95,1.2,0.46,0.71,7.07,311,49,84.24,77.81,85.85
840400000B0442,2.05,1.2,0.467,0.672,52.76,4485,92,97.95,96.95,98.1
840300000C0906,2.25,1.1,0.261,0.878,3.0,944,316,66.53,61.86,66.63
841380000B0117,2.0,1.25,0.525,0.699,24.7,6867,342,95.02,92.88,95.95
840390000H1343,1.8,1.2,0.456,0.858,3.39,1061,332,68.71,63.52,70.5
840720000E0050,1.85,1.35,0.509,0.592,8.43,2116,298,85.92,76.23,88.14
840720000I0467,2.15,1.15,0.474,0.627,9.38,375,47,87.47,80.0,89.33
841060000C1551,2.15,1.15,0.538,0.533,2.76,373,179,52.01,9.92,63.81
263570000H0156,2.0,1.25,0.54,0.533,2.9,2080,964,53.65,13.12,65.53
841380000C0304,,,,,,,,,,
830430000H0345,2.3,1.25,0.53,0.402,3.2,1941,787,59.45,0.0,68.73
83042000AX0113,2.3,1.75,0.557,0.615,2.76,814,404,50.37,19.29,63.76
840190000B2980,2.05,1.2,0.463,0.4,6.98,1375,227,83.49,58.69,85.67
830320000C0128,2.4,1.25,0.397,0.797,9.87,2982,298,90.01,87.46,89.87
84118000AP0051,2.15,1.15,0.542,0.559,3.59,1972,709,64.05,35.7,72.16
840960000E0265,2.0,1.2,0.369,0.766,5.96,292,49,83.22,78.08,83.22
263570000B0037,2.25,1.05,0.527,0.572,2.21,1531,876,42.78,0.0,54.67
840290000B0222,2.1,1.15,0.372,0.849,1.76,527,315,40.23,29.6,43.07
841000000C0496,2.3,1.05,0.437,0.43,3.35,251,83,66.93,23.11,70.12
840440000C0076,2.05,1.15,0.487,0.517,7.75,1317,196,85.12,71.22,87.09
841380000O1000,2.3,1.05,0.32,0.976,6.07,1135,161,85.81,85.46,83.52
071400000D0559,1.6,1.0,0.385,0.571,1.73,868,484,44.24,2.3,42.05
83097000AS0060,2.5,0.75,0.367,0.662,1.37,5603,3630,35.21,2.12,27.15
830490000F0244,1.65,1.0,0.418,0.508,1.9,1616,835,48.33,0.0,47.28
840160000K0803,1.8,1.2,0.419,0.727,1.78,355,210,40.85,18.59,43.94
841450000J0036,2.5,0.75,0.326,0.607,1.46,2231,1366,38.77,0.0,31.42
831000000D0561,2.1,1.0,0.506,0.503,2.39,6852,3449,49.66,0.0,58.11
84141000BA0366,2.05,1.05,0.505,0.527,2.31,1487,780,47.55,0.4,56.62
840520000C0076,2.4,1.45,0.54,0.571,5.53,271,60,77.86,61.25,81.92
84028000AC0132,2.3,0.85,0.315,0.703,1.34,352,244,30.68,1.42,25.57
071260000H0459,2.3,1.3,0.437,0.572,10.56,3579,366,89.77,82.12,90.53
841460000A0352,2.35,1.05,0.389,0.644,2.27,377,172,54.38,29.18,55.97
840940000A0054,2.25,1.1,0.513,0.576,3.24,3612,1372,62.02,34.11,69.1
84069000AL0349,2.0,1.25,0.524,0.585,13.3,3565,337,90.55,83.84,92.48
84149000AK0013,2.0,1.25,0.538,0.55,2.83,946,456,51.8,12.37,64.69
261190000H0321,2.0,1.25,0.485,0.472,3.6,414,133,67.87,31.88,72.22
072910000B0614,2.2,1.5,0.419,0.624,1.85,621,371,40.26,4.19,45.89
840290000A1542,2.05,1.0,0.501,0.526,2.22,1759,937,46.73,0.0,55.03
84008000AI0182,2.4,1.0,0.346,0.739,2.26,1581,685,56.67,41.37,55.79
07279000BD0183,,,,,,,,,,
830910000B0376,2.4,1.3,0.438,0.606,2.01,1193,674,43.5,6.71,50.13
84104000AN0081,2.05,1.2,0.493,0.658,9.34,4680,584,87.52,81.03,89.29
840960000B0647,2.2,0.9,0.509,0.602,1.96,412,254,38.35,0.0,49.03
83136000AT0098,1.55,1.6,0.357,0.5,8.56,137,16,88.32,76.64,88.32
07042000AC0029,2.05,1.2,0.469,0.472,5.52,806,163,79.78,57.2,81.89
841330000C0383,2.05,1.15,0.512,0.479,2.63,4327,2072,52.11,0.05,61.91
841450000K0336,2.1,1.15,0.492,0.51,14.49,2246,175,92.21,84.73,93.1
262750000I0356,2.0,1.25,0.527,0.612,3.07,2176,869,60.06,34.7,67.46
84137000AC0077,2.45,1.0,0.496,0.645,2.68,655,278,57.56,34.2,62.75
830350000A0377,2.2,1.1,0.385,0.696,2.26,2337,1069,54.26,34.23,55.76
830040000F0061,2.3,2.0,0.589,0.387,3.97,9023,3458,61.68,1.0,74.81
840450000A0195,2.15,1.15,0.537,0.603,4.33,974,293,69.92,50.1,76.9
84118000AV0168,2.0,1.25,0.521,0.561,3.93,1420,455,67.96,42.89,74.58
840290000E0916,2.25,1.1,0.471,0.773,2.16,2468,1257,49.07,34.12,53.81
840160000A0966,2.2,1.0,0.438,0.917,3.37,340,100,70.59,67.94,70.29
070130000B1057,2.0,1.15,0.512,0.585,2.32,1260,650,48.41,11.75,56.98
84104000AL0309,2.05,1.2,0.492,0.455,3.69,2999,945,68.49,30.68,72.92
841120000K0358,2.4,1.45,0.459,0.509,3.94,4885,1430,70.73,42.5,74.62
84137000AB0065,2.35,1.05,0.352,0.907,3.32,349,98,71.92,69.05,69.91
13001000MX0007,2.2,1.35,0.547,0.379,4.15,10834,3593,66.84,12.56,75.92
830570000E0404,2.1,1.3,0.5,0.441,34.01,8094,284,96.49,92.04,97.06
84127000AS0075,2.15,1.15,0.383,0.727,1.61,436,285,34.63,10.09,38.07
263570000C0007,2.0,1.25,0.521,0.493,3.32,11699,4341,62.89,24.67,69.84
83042000AX0117,2.5,2.0,0.59,0.438,3.82,630,251,60.16,9.05,73.81
841270000B0413,1.95,1.25,0.52,0.665,8.14,3934,585,85.13,77.63,87.72
830940000E0041,1.7,1.1,0.448,0.469,2.26,3684,1734,52.93,0.0,55.7
830580000H0431,2.4,1.55,0.554,0.512,6.95,827,152,81.62,64.09,85.61
841060000C0423,2.0,1.25,0.385,0.813,1.66,760,477,37.24,22.76,39.87
84138000BB0035,2.45,1.0,0.452,0.945,7.98,1922,241,87.46,86.73,87.46
83129000BD0326,2.25,1.65,0.552,0.493,2.83,1200,588,51.0,0.58,64.67
830330000C0441,2.2,0.9,0.516,0.562,2.14,5758,3248,43.59,0.0,53.35
841170000C0875,2.0,1.25,0.522,0.537,4.44,2085,583,72.04,47.91,77.46
831000000E0572,2.25,0.95,0.524,0.538,2.31,1455,785,46.05,0.0,56.63
263570000A0056,2.25,0.75,0.347,0.641,1.5,2174,1377,36.66,1.15,33.21
840870000K0614,1.95,1.1,0.478,0.562,2.76,91,36,60.44,29.67,63.74
84028000AM0056,2.0,1.25,0.51,0.638,4.74,631,162,74.33,59.75,78.92
841340000D0127,2.0,1.2,0.38,0.607,12.08,447,37,91.72,86.35,91.72
840170000C0334,1.95,1.2,0.507,0.473,2.55,1811,855,52.79,0.17,60.74
13014000CN0110,2.5,1.0,0.473,0.887,2.23,16205,7426,54.17,48.36,55.19
26054000AE0255,,,,,,,,,,
840490000C0059,2.1,1.15,0.499,0.477,3.26,1615,583,63.9,24.4,69.35
84072000BM0084,2.25,1.1,0.52,0.519,2.81,12601,5654,55.13,13.62,64.43
84137000AY0044,2.0,1.25,0.516,0.766,16.13,2774,200,92.79,90.59,93.8
26377000AS0402,2.5,1.0,0.357,0.765,1.82,1546,806,47.87,31.82,44.95
84056000AN0090,2.0,1.25,0.515,0.529,3.66,905,302,66.63,36.91,72.71
073430000E0291,1.45,1.4,0.282,0.51,18.31,476,25,94.75,89.71,94.54
070130000C0814,2.05,1.05,0.461,0.661,8.16,620,84,86.45,79.52,87.74
262750000A0139,1.05,1.15,0.274,0.7,47.58,2046,28,98.63,98.04,97.9
840170000B0411,2.3,1.05,0.392,0.606,1.68,1378,838,39.19,0.0,40.64
840290000B0272,1.95,1.25,0.512,0.672,7.67,2715,424,84.38,76.76,86.96
840170000F1383,2.0,1.2,0.47,0.712,24.28,874,37,95.77,94.05,95.88
13050000AZ0084,2.15,1.15,0.546,0.586,3.24,4015,1640,59.15,30.29,69.12
83121000AT0096,2.45,1.4,0.53,0.391,19.73,4380,290,93.38,83.06,94.93
840870000B0719,2.15,1.0,0.342,0.953,11.13,3182,245,92.3,91.92,91.01
84012000AC0169,1.3,0.95,0.335,0.719,34.77,4868,105,97.84,97.0,97.12
07264000AW0096,2.25,1.1,0.554,0.545,3.33,2943,1183,59.8,26.2,69.96
840720000I0238,1.85,0.95,0.445,0.526,1.92,4264,2243,47.4,0.05,47.96
840560000B0613,2.25,0.9,0.313,0.68,1.39,1620,1120,30.86,0.0,27.84
071130000B0508,2.5,1.25,0.532,0.623,2.05,3399,2135,37.19,0.0,51.19
830450000E0521,2.35,1.7,0.588,0.446,4.93,7949,2456,69.1,30.76,79.73
261800000C0905,2.25,1.1,0.562,0.601,2.69,878,443,49.54,16.06,62.76
130800000A1072,2.0,1.25,0.495,0.455,2.88,4098,1677,59.08,10.13,65.28
84012000AP0124,2.15,1.15,0.481,0.789,3.0,1716,630,63.29,53.5,66.67
07324000AY0254,1.75,1.2,0.466,0.495,2.26,314,157,50.0,0.0,55.73
131150000A0051,2.0,1.25,0.505,0.654,12.41,1675,153,90.87,86.03,91.94
84106000AS0073,2.0,1.25,0.465,0.922,4.14,4195,1082,74.21,72.04,75.85
840170000D1874,,,,,,,,,,
830310000F1792,1.95,1.25,0.502,0.626,20.9,7774,445,94.28,90.85,95.21
26033000ZA0001,2.35,1.5,0.575,0.454,3.34,5712,2486,56.48,4.06,70.03
073430000A0187,2.15,1.2,0.545,0.493,2.67,821,409,50.18,0.0,62.61
840290000F0044,2.05,1.2,0.488,0.631,6.76,1007,169,83.22,73.39,85.2
831110000B0066,2.45,1.55,0.502,0.411,6.81,763,137,82.04,56.36,85.32
13082000CI0105,1.8,1.1,0.469,0.462,2.25,903,432,52.16,0.0,55.48
072680000B0100,2.15,1.15,0.536,0.528,2.9,2928,1338,54.3,13.52,65.54
261100000A0631,1.9,1.25,0.481,0.464,2.48,2445,1138,53.46,0.0,59.67
840700000D0857,2.3,1.05,0.347,0.673,1.67,831,487,41.4,12.88,40.19
831000000B0583,2.25,0.55,0.284,0.702,1.22,5403,3663,32.2,3.37,18.18
841380000S0219,2.05,1.2,0.513,0.58,2.0,607,378,37.73,0.0,49.92
841330000D0818,2.2,1.2,0.555,0.505,2.73,8865,4460,49.69,0.37,63.41
841360000C0571,2.15,1.1,0.477,0.702,25.9,2098,85,95.95,94.23,96.14
841380000Q0415,2.05,1.15,0.501,0.657,20.98,3105,163,94.75,92.01,95.23
840390000G0364,1.85,1.15,0.47,0.716,3.35,972,305,68.62,56.17,70.16
841460000A0156,2.05,1.05,0.505,0.512,2.47,508,260,48.82,0.0,59.45
841270000D0508,2.05,1.2,0.474,0.527,20.19,2180,119,94.54,89.63,95.05
841220000B0854,2.15,1.15,0.488,0.715,3.03,1923,719,62.61,47.69,66.98
841060000E0143,2.25,1.1,0.559,0.636,2.74,857,405,52.74,25.67,63.48
84024000AL0288,2.5,1.2,0.414,0.668,1.61,1881,1251,33.49,0.48,37.85
84007000BS0458,2.15,1.15,0.511,0.532,12.31,4038,387,90.42,82.0,91.88
830720000B0454,2.2,1.4,0.414,0.667,6.43,347,60,82.71,74.06,84.44
840400000C0968,1.7,1.35,0.441,0.635,6.13,368,61,83.42,73.91,83.7
840490000C0368,2.15,1.15,0.506,0.568,8.82,2347,323,86.24,75.76,88.67
841500000B0312,2.2,1.1,0.461,0.483,18.85,1772,102,94.24,88.09,94.7
13087000AL0110,2.5,1.95,0.583,0.418,4.91,1001,310,69.03,25.87,79.62
84104000AK0221,1.95,1.25,0.518,0.613,6.34,1598,314,80.35,67.96,84.23
84046000AK0118,1.85,1.0,0.457,0.474,2.26,3070,1435,53.26,1.37,55.8
830490000D1735,2.25,1.2,0.542,0.456,2.88,2232,1033,53.72,0.0,65.32
830430000H0332,2.2,0.9,0.483,0.558,1.93,1621,925,42.94,0.0,48.18
840560000F0301,2.5,1.0,0.321,0.788,1.33,1014,735,27.51,7.99,24.56
13001000NA0005,2.45,1.85,0.591,0.38,4.04,24629,9246,62.46,1.28,75.22
840720000F0396,2.25,0.9,0.244,0.889,15.84,301,16,94.68,94.02,93.69
830260000F0176,1.75,1.65,0.406,0.37,7.46,291,40,86.25,62.89,86.6
84028000AD0163,2.1,1.1,0.408,0.741,58.4,1168,20,98.29,97.69,98.29
13112000BS0078,1.65,1.1,0.365,0.545,65.3,2416,36,98.51,97.27,98.47
26071000ZB0075,1.75,1.35,0.439,0.573,8.54,709,90,87.31,77.86,88.29
840490000C0566,2.15,1.15,0.52,0.455,3.27,5999,2314,61.43,15.17,69.41
84082000AS0263,2.15,1.15,0.543,0.589,3.69,1101,407,63.03,37.24,72.93
840960000D0097,2.1,0.95,0.505,0.6,1.99,812,486,40.15,0.25,49.75
07345000ZB0440,1.55,1.2,0.362,0.407,29.09,669,22,96.71,91.93,96.56
83023000BY0044,2.25,1.8,0.574,0.37,6.04,78893,19044,75.86,34.7,83.45
831250000C0131,2.15,1.0,0.517,0.527,2.29,2521,1361,46.01,0.0,56.29
840200000B0274,2.5,1.45,0.585,0.686,6.3,1859,437,76.49,65.73,84.13
840220000B0698,1.95,1.1,0.432,0.507,14.79,562,38,93.24,86.65,93.24
262750000G0031,,,,,,,,,,
831080000D0573,1.6,0.8,0.286,0.511,1.96,47,23,51.06,4.26,48.94
840840000B1064,2.4,1.05,0.458,0.422,19.72,1952,106,94.57,87.14,94.93
830720000H0467,2.3,1.05,0.313,0.967,8.52,1202,119,90.1,89.77,88.27
263770000H0466,2.15,1.15,0.501,0.418,3.2,30325,11392,62.43,10.16,68.75
84091000AV0048,2.5,0.95,0.382,0.873,6.24,923,137,85.16,82.99,83.97
841500000D0026,2.0,1.25,0.535,0.572,3.83,4596,1538,66.54,41.49,73.89
840370000G0096,2.2,0.95,0.45,0.576,1.82,3591,2134,40.57,0.0,45.17
84028000AL0097,1.9,1.25,0.513,0.712,8.66,1879,257,86.32,80.79,88.45
26345000BI0264,2.0,1.25,0.548,0.661,5.07,3894,962,75.3,62.61,80.28
831070000E0400,1.95,1.1,0.473,0.466,2.38,14875,6921,53.47,0.08,58.0
84118000AC0295,,,,,,,,,,
840960000C0021,1.95,1.25,0.475,0.422,4.21,847,237,72.02,33.77,76.27
84104000AC0119,2.05,0.8,0.484,0.589,1.76,1201,738,38.55,0.0,43.05
840560000F0158,2.05,0.95,0.494,0.618,1.82,1001,629,37.16,0.0,45.15
840910000D0204,2.25,1.0,0.256,0.962,31.04,838,25,97.02,96.9,96.78
840290000D0792,2.15,1.15,0.554,0.58,2.47,543,305,43.83,3.13,59.48
840490000C0135,2.2,1.1,0.348,0.591,2.79,1073,385,64.12,39.33,64.21
830450000D0366,2.2,1.35,0.435,0.373,18.29,695,41,94.1,84.17,94.53
263800000C2210,1.9,1.3,0.532,0.635,3.93,872,280,67.89,49.43,74.54
84058000AE0162,2.25,1.3,0.527,0.621,11.58,1784,203,88.62,81.67,91.37
830650000A0623,2.2,1.3,0.551,0.493,2.8,9009,4353,51.68,2.03,64.3
13079000AK0051,2.5,1.65,0.498,0.662,1.86,1869,1234,33.98,0.27,46.33
830350000C0067,2.15,1.15,0.418,0.807,3.81,1037,280,73.0,66.54,73.77
840720000C0670,2.15,1.15,0.523,0.552,2.68,15568,7471,52.01,13.07,62.63
84090000AD0085,1.7,1.15,0.422,0.638,27.02,2486,95,96.18,94.01,96.3
26054000AO0149,2.2,1.1,0.47,0.71,3.15,3228,1154,64.25,49.63,68.25
07324000AY0128,1.6,0.95,0.411,0.564,1.64,2502,1403,43.92,0.6,38.97
84082000AD0170,2.0,1.25,0.527,0.551,3.09,343,147,57.14,22.16,67.64
830350000A0210,2.15,1.15,0.53,0.529,3.04,747,313,58.1,20.75,67.07
07264000AC0085,2.05,1.2,0.537,0.524,2.66,1308,655,49.92,4.36,62.39
070890000C1102,2.25,0.85,0.515,0.546,2.29,289,159,44.98,0.0,56.4
840190000D1222,2.0,1.25,0.51,0.492,3.25,2132,802,62.38,23.5,69.28
26345000AP0287,2.05,1.2,0.503,0.726,16.14,1679,119,92.91,90.23,93.81
84104000AE0203,2.05,1.2,0.532,0.569,3.32,997,377,62.19,33.5,69.91
261100000A0096,2.0,1.4,0.497,0.633,4.97,482,114,76.35,62.66,79.88
26165000BC0114,2.0,1.25,0.526,0.538,3.67,180,63,65.0,35.0,72.78
831250000E0267,2.25,1.7,0.585,0.451,3.68,895,369,58.77,8.6,72.85
830560000C0403,2.35,1.85,0.51,0.666,2.61,957,457,52.25,28.32,61.65
83086000BE0115,1.45,1.15,0.416,0.482,2.0,1407,681,51.6,0.0,50.11
263800000G0180,2.3,1.05,0.412,0.907,2.49,512,185,63.87,60.16,59.77
072640000A0315,1.95,1.25,0.51,0.515,4.07,448,138,69.2,40.18,75.45
263770000H0078,2.1,1.15,0.467,0.414,12.69,3567,310,91.31,79.03,92.12
26271000ZB0060,2.25,1.05,0.539,0.523,2.47,1467,772,47.38,0.0,59.44
840300000C0376,2.15,1.15,0.514,0.658,1.93,3200,2003,37.41,4.91,48.22
841150000B0464,2.2,1.1,0.427,0.648,3.47,2715,830,69.43,52.82,71.16
830690000D2712,1.4,0.9,0.354,0.482,1.77,32326,15636,51.63,0.0,43.37
830480000B0566,1.6,0.8,0.382,0.536,1.61,7661,4106,46.4,0.04,37.72
84028000AS0080,2.0,1.25,0.539,0.691,3.18,877,351,59.98,42.08,68.53
83116000AK0458,2.5,1.0,0.357,0.649,1.48,3356,2212,34.09,0.0,32.42
830260000F0325,2.1,1.95,0.452,0.378,8.21,115,17,85.22,60.87,87.83
841150000B0770,2.15,1.15,0.493,0.747,2.37,3287,1614,50.9,34.23,57.74
84008000AY0032,2.15,1.15,0.471,0.423,3.94,508,150,70.47,30.12,74.61
840940000B0232,2.05,0.9,0.256,0.615,48.11,433,8,98.15,97.0,97.92
840720000D0471,2.25,1.1,0.337,0.781,1.72,1447,837,42.16,25.92,41.74
26345000AP0310,1.15,1.15,0.256,0.895,106.58,2025,17,99.16,99.06,99.06
840170000B0484,,,,,,,,,,
13087000AM0009,1.85,1.3,0.43,0.57,46.31,3149,73,97.68,95.94,97.84
84028000AR0013,2.2,1.1,0.399,0.848,2.51,1503,587,60.94,53.96,60.15
84082000AH0244,1.8,1.3,0.392,0.409,26.85,698,27,96.13,90.54,96.28
840560000A0719,,,,,,,,,,
13025000AI0032,2.0,1.1,0.487,0.471,2.45,6477,3075,52.52,0.0,59.12
070970000A0065,1.3,1.65,0.369,0.579,5.79,1082,168,84.47,73.2,82.72
830250000M0068,1.45,1.2,0.388,0.39,10.06,1388,138,90.06,74.5,90.06
840560000F0113,2.15,1.15,0.533,0.617,2.21,1567,912,41.8,5.62,54.82
26324000ZB0081,2.2,0.85,0.512,0.62,1.89,5371,3369,37.27,0.0,47.05
830680000D0486,2.1,1.1,0.514,0.504,2.42,5411,2729,49.57,0.0,58.7
841380000Q0120,2.25,1.1,0.429,0.63,2.04,2946,1540,47.73,16.97,50.95
841330000D0243,2.3,1.3,0.569,0.55,6.12,2760,649,76.49,57.28,83.66
130510000B0878,2.5,1.0,0.448,0.832,10.08,14424,1416,90.18,88.2,90.08
84082000AE0305,1.95,1.25,0.523,0.706,7.24,1702,286,83.2,76.2,86.19
84004000AA0034,2.2,1.05,0.466,0.456,6.54,1445,236,83.67,64.15,84.71
07264000AB0034,2.15,1.15,0.544,0.557,3.46,6906,2610,62.21,32.2,71.13
840300000C0628,,,,,,,,,,
830350000E1179,1.95,1.25,0.49,0.55,4.1,2287,646,71.75,48.62,75.6
070150000A0299,1.55,1.0,0.402,0.579,1.58,565,338,40.18,0.0,36.64
840870000K0660,1.9,1.15,0.285,1.0,6.67,60,9,85.0,85.0,85.0
26345000AZ0141,2.0,1.25,0.546,0.638,4.01,5906,1922,67.46,49.0,75.06
263770000B0182,2.0,1.2,0.47,0.5,10.89,1786,179,89.98,79.96,90.82
13079000AM0030,1.95,1.9,0.417,0.365,5.79,197,35,82.23,51.27,82.74
840420000D0822,1.95,1.1,0.486,0.486,2.31,6035,2984,50.56,0.0,56.75
830720000H1385,2.45,1.0,0.325,0.5,52.2,783,15,98.08,96.17,98.08
831480000I0134,2.35,1.3,0.314,0.37,241.2,2412,10,99.59,98.88,99.59
26054000AD0170,1.95,1.2,0.475,0.374,4.79,206,49,76.21,36.41,79.13
840370000G0023,2.0,1.1,0.504,0.563,2.11,2950,1617,45.19,2.71,52.51
84012000AR0038,1.45,1.05,0.166,0.529,105.92,1377,9,99.35,98.77,99.06
840440000D1410,2.05,1.2,0.501,0.447,8.87,1224,156,87.25,71.49,88.73
830350000E2410,1.6,1.4,0.372,0.381,17.91,770,43,94.42,85.32,94.42
83107000AH0160,1.55,1.1,0.419,0.467,2.1,20797,9691,53.4,0.21,52.28
84086000AP0361,1.8,1.1,0.368,0.373,19.65,786,38,95.17,87.02,94.91
83097000AK0249,2.4,1.75,0.581,0.423,3.67,856,352,58.88,2.8,72.78
83023000AM0080,2.5,1.35,0.495,0.417,23.49,1903,95,95.01,88.02,95.74
831080000D0126,2.5,1.55,0.589,0.435,3.9,3125,1223,60.86,10.08,74.37
841360000A0645,1.8,1.1,0.422,0.712,118.67,6052,52,99.14,98.79,99.16
84028000AO0105,2.4,1.0,0.297,0.762,1.55,839,524,37.54,18.0,35.52
841360000C0567,2.05,1.1,0.444,0.569,33.18,1261,37,97.07,94.85,96.99
84004000BH0029,1.95,1.1,0.506,0.63,3.64,2098,678,67.68,48.67,72.5
840390000E0961,1.9,1.15,0.504,0.622,2.83,2760,1140,58.7,33.59,64.67
830450000F0045,2.5,1.95,0.55,0.446,7.61,4644,838,81.96,59.5,86.86
83096000AE0031,2.35,1.15,0.478,0.633,1.81,2144,1350,37.03,0.51,44.82
84137000AH0115,2.5,1.0,0.337,0.835,2.29,1052,416,60.46,52.66,56.27
84028000AZ0002,1.9,1.15,0.415,0.375,8.27,1083,141,86.98,65.28,87.9
840490000E0205,2.1,1.05,0.32,0.749,1.29,1810,1377,23.92,0.0,22.49
840290000C0168,,,,,,,,,,
83107000AX0133,2.3,1.45,0.574,0.485,3.05,2647,1255,52.59,2.15,67.17
83054000AV0026,1.9,0.8,0.444,0.54,1.88,6963,3798,45.45,0.0,46.7
840370000E0076,2.0,1.1,0.394,0.827,2.3,5217,2169,58.42,49.72,56.51
840390000A0046,1.9,1.15,0.441,0.703,14.85,965,64,93.37,90.57,93.26
841360000C0001,2.1,1.15,0.395,0.789,2.85,2165,776,64.16,54.6,64.9
841270000D0654,1.6,1.2,0.421,0.706,24.98,2498,96,96.16,94.56,96.0
840560000A0736,2.1,1.15,0.422,0.747,5.29,667,133,80.06,73.31,81.11
26179000ZA0213,2.1,1.1,0.522,0.525,2.38,4268,2273,46.74,0.0,58.01
840870000B0540,2.2,1.0,0.543,0.631,2.88,10590,4694,55.68,29.72,65.25
830850000C0068,2.45,1.55,0.575,0.459,3.16,1582,718,54.61,1.07,68.39
830180000E1488,2.45,1.25,0.511,0.65,2.08,688,413,39.97,7.7,51.89
26345000BD0163,2.1,1.15,0.379,0.823,2.37,2309,978,57.64,48.51,57.86
13072000AL0341,2.1,1.15,0.459,0.401,47.68,7772,186,97.61,94.03,97.9
073450000A0148,2.0,1.15,0.499,0.55,2.29,663,338,49.02,7.39,56.26
841260000F1995,1.9,1.15,0.402,0.444,2.25,45,20,55.56,0.0,55.56
840390000C1428,2.15,0.95,0.517,0.554,2.22,2386,1337,43.96,0.0,54.86
84026000AP0040,2.5,1.45,0.469,0.585,2.22,1335,702,47.42,10.04,54.91
830040000C1053,2.45,1.35,0.543,0.469,2.88,729,342,53.09,0.0,65.29
841340000C0590,2.0,1.25,0.546,0.506,3.84,1632,541,66.85,34.44,73.96
84122000AD0100,2.15,1.05,0.528,0.559,2.29,2496,1404,43.75,0.0,56.41
261790000B1020,1.95,1.25,0.501,0.473,3.11,718,279,61.14,17.83,67.83
830730000E0111,2.4,2.15,0.557,0.508,4.13,640,192,70.0,40.94,75.78
831000000D0459,2.2,1.25,0.559,0.474,3.02,27853,12824,53.96,2.82,66.92
83023000BX0068,2.4,1.7,0.596,0.523,5.4,1535,447,70.88,44.36,81.5
841060000B0205,2.25,1.1,0.45,0.696,12.91,1368,110,91.96,88.45,92.25
840160000A0369,1.15,1.25,0.304,0.579,20.34,590,22,96.27,93.56,95.08
13050000BR0089,2.1,1.15,0.445,0.442,14.89,1057,76,92.81,83.73,93.28
830670000D2631,1.35,1.95,0.307,0.387,44.17,530,12,97.74,94.15,97.74
840190000G0224,2.15,1.1,0.351,0.729,1.34,91,70,23.08,0.0,25.27
263570000T0086,2.15,1.15,0.442,0.787,1.6,2356,1542,34.55,16.81,37.35
840720000B0243,2.25,1.1,0.507,0.472,2.96,296,117,60.47,16.22,66.22
830720000G0012,1.15,1.25,0.19,0.5,75.0,600,6,99.0,98.0,98.67
830510000D0195,1.85,1.75,0.472,0.386,22.42,1233,61,95.05,87.19,95.54
830850000C0099,1.95,1.1,0.483,0.489,2.36,1834,898,51.04,0.0,57.69
840930000A0192,2.45,1.35,0.548,0.589,9.28,1494,209,86.01,76.24,89.22
840300000D0406,2.25,0.95,0.52,0.591,2.1,1906,1128,40.82,0.0,52.36
070420000A0015,2.15,1.15,0.544,0.538,2.63,297,154,48.15,3.7,61.95
830350000B0138,1.9,1.25,0.52,0.625,3.8,2472,811,67.19,47.53,73.71
84073000AC0112,1.25,1.15,0.137,0.571,356.75,1427,4,99.72,99.51,99.72
830790000A2904,2.15,1.25,0.507,0.393,3.88,3967,1256,68.34,19.33,74.24
13082000AN0154,2.0,1.25,0.521,0.459,2.77,6681,3005,55.02,1.93,63.96
84141000BA0150,2.05,1.2,0.508,0.491,4.37,2030,563,72.27,43.55,77.09
840370000C0345,1.4,0.85,0.204,0.667,648.9,6489,8,99.88,99.82,99.85
841500000E0376,2.2,1.1,0.478,0.573,19.57,2387,142,94.05,89.61,94.89
841260000E0345,2.15,1.15,0.462,0.693,1.69,232,158,31.9,1.72,40.95
830650000A5511,2.1,0.9,0.499,0.529,2.19,6279,3320,47.13,0.0,54.4
840290000B0752,2.25,1.1,0.564,0.629,2.73,218,112,48.62,18.35,63.3
840940000E0659,2.3,1.05,0.445,0.626,2.54,330,137,58.48,33.64,60.61
841460000B0168,2.1,1.15,0.485,0.643,10.04,733,83,88.68,82.4,90.04
841260000D0142,2.05,1.2,0.507,0.585,9.12,1158,151,86.96,77.72,89.03
13110000BN0188,2.0,1.0,0.477,0.526,2.07,1632,852,47.79,0.74,51.65
841170000B0680,2.15,1.15,0.495,0.427,3.95,1359,412,69.68,28.99,74.69
841220000A1016,2.0,1.25,0.542,0.651,4.29,3364,1040,69.08,52.53,76.69
830270000B0077,2.05,1.2,0.498,0.494,6.04,2961,581,80.38,60.28,83.45
261800000B0339,2.05,1.2,0.503,0.511,7.33,2740,448,83.65,67.99,86.35
840300000B0482,1.8,1.25,0.431,0.425,22.59,2123,102,95.2,88.7,95.57
84141000AS0208,2.0,1.25,0.405,0.594,2.41,1047,476,54.54,23.4,58.55
840450000A0069,2.1,1.15,0.447,0.469,4.8,408,97,76.23,49.26,79.17
840960000C0196,1.85,1.2,0.48,0.619,14.93,4301,325,92.44,87.79,93.3
841380000M0041,1.85,1.2,0.461,0.536,54.01,8264,165,98.0,96.27,98.15
840390000D0268,2.0,1.1,0.5,0.696,3.9,744,224,69.89,56.72,74.33
83116000AI0041,2.05,1.05,0.494,0.543,2.18,873,475,45.59,0.0,54.18
841090000B0090,2.25,1.1,0.559,0.639,3.08,1359,612,54.97,29.51,67.55
84104000AO0197,1.85,1.05,0.373,0.478,29.18,1284,43,96.65,92.99,96.57
841460000A0616,2.0,1.25,0.515,0.744,8.84,875,119,86.4,81.71,88.69
84137000AV0031,2.0,1.25,0.537,0.687,10.2,9084,1140,87.45,81.73,90.19
830310000F0230,2.25,1.3,0.539,0.463,2.86,2446,1101,54.99,2.86,65.04
840390000G0428,2.0,1.1,0.388,0.814,2.64,1639,598,63.51,55.16,62.11
261820000G1299,2.35,0.95,0.339,0.673,1.41,5833,4010,31.25,0.0,29.28
26377000AY0253,2.5,1.0,0.438,0.512,4.94,11822,2436,79.39,59.73,79.75
072590000B0532,2.25,1.1,0.43,0.888,4.81,1222,254,79.21,76.6,79.21
840960000B1031,,,,,,,,,,
263220000B0721,2.25,1.1,0.547,0.572,2.82,1819,864,52.5,16.93,64.6
261920000C0423,2.2,1.1,0.548,0.552,2.42,2848,1599,43.86,0.0,58.74
84046000AC0067,2.4,1.0,0.346,0.75,1.78,492,258,47.56,30.08,43.9
84118000AE0085,2.15,1.15,0.538,0.525,2.63,3350,1668,50.21,5.1,61.97
072340000A1039,2.2,0.95,0.383,0.537,1.85,1277,702,45.03,0.0,46.05
840220000D0559,2.1,1.15,0.455,0.604,2.27,202,102,49.5,16.34,55.94
840440000B0637,2.0,1.25,0.533,0.683,6.66,3723,703,81.12,72.36,84.99
830630000C0024,2.4,1.35,0.516,0.418,6.86,473,89,81.18,54.97,85.41
84003000CI0064,2.1,0.95,0.469,0.496,2.13,1318,678,48.56,0.0,53.03
840370000A0406,2.05,1.05,0.439,0.853,3.07,583,191,67.24,61.58,67.41
830910000B0043,2.45,1.55,0.544,0.503,2.74,4747,2322,51.08,2.82,63.56
841270000C0601,1.85,1.35,0.456,0.448,5.09,484,103,78.72,52.48,80.37
073430000E0284,1.6,1.05,0.357,0.471,19.9,1373,66,95.19,89.8,94.97
841500000B0803,2.0,1.25,0.542,0.624,4.32,4624,1415,69.4,50.97,76.84
830430000G0398,1.95,0.95,0.453,0.486,2.23,3747,1816,51.53,0.37,55.14
84106000ZB0043,2.0,1.25,0.513,0.647,4.4,1020,280,72.55,57.55,77.25
841480000E0350,2.3,1.05,0.381,0.877,3.99,2172,527,75.74,72.33,74.91
26054000AN0100,2.25,1.1,0.472,0.734,1.77,22084,13728,37.84,15.27,43.62
840650000C0591,1.9,1.05,0.455,0.418,2.61,6717,2804,58.26,0.22,61.65
840390000F1141,2.05,1.05,0.477,0.741,13.5,1728,140,91.9,89.06,92.59
830830000C0703,2.3,1.25,0.352,0.439,43.71,743,18,97.58,94.48,97.71
13001000PA0020,2.45,0.8,0.385,0.571,1.7,4508,2558,43.26,0.55,41.35
830040000B0452,2.45,1.45,0.543,0.542,16.22,1590,130,91.82,84.91,93.84
840370000A0003,1.9,1.15,0.47,0.495,3.04,1686,604,64.18,27.64,67.14
841360000C0845,2.25,1.1,0.34,0.777,1.57,619,404,34.73,15.99,36.35
26071000ZB0077,2.15,1.15,0.529,0.588,6.73,855,161,81.17,67.95,85.15
830490000E0044,2.5,1.25,0.432,0.544,1.97,1075,586,45.49,0.0,49.12
840160000C0008,2.2,1.0,0.53,0.579,2.4,2848,1458,48.81,11.55,58.32
830490000D2072,2.35,2.0,0.551,0.386,5.06,2846,758,73.37,30.96,80.22
840220000A0710,2.0,1.25,0.535,0.557,4.05,10691,3409,68.11,42.73,75.29
840490000E0648,2.15,1.15,0.544,0.648,2.63,735,367,50.07,22.99,62.04
840690000C0234,1.9,1.3,0.52,0.693,10.4,3670,415,88.69,83.68,90.38
070130000B1250,2.15,1.05,0.521,0.511,2.43,1592,811,49.06,0.25,58.92
26071000AC0625,,,,,,,,,,
840870000K0917,,,,,,,,,,
26054000AR0120,2.15,1.15,0.559,0.609,3.41,1034,415,59.86,34.04,70.7
841160000A1142,2.4,1.0,0.404,0.702,7.65,2830,353,87.53,82.23,86.93
84127000AN0001,2.15,1.15,0.533,0.514,2.5,3068,1608,47.59,0.0,59.97
840140000F0154,2.2,1.3,0.567,0.505,2.85,3973,1992,49.86,0.78,64.96
841380000F0819,2.0,1.25,0.483,0.423,5.64,992,207,79.13,50.71,82.26
13032000BX0278,,,,,,,,,,
83071000DA0182,2.4,1.85,0.566,0.516,9.6,2044,307,84.98,70.89,89.58
840160000L0461,1.4,1.25,0.352,0.797,10.84,661,59,91.07,88.8,90.77
07317000AC0192,1.7,1.05,0.446,0.548,1.87,905,494,45.41,0.44,46.52
07042000AZ0289,1.75,1.1,0.334,0.475,124.47,2365,19,99.2,98.31,99.2
840490000E0489,1.9,1.3,0.492,0.51,3.72,242,77,68.18,37.6,73.14
840490000E0796,2.0,1.25,0.44,0.873,2.23,14661,7074,51.75,44.74,55.11
262750000I0136,2.2,1.1,0.46,0.743,1.62,6376,4234,33.59,10.59,38.33
830490000D0695,2.4,1.85,0.501,0.634,2.84,709,306,56.84,31.88,64.74
841260000C0311,2.0,1.25,0.522,0.512,4.4,2136,603,71.77,44.85,77.25
84102000BD0190,1.95,1.25,0.51,0.693,15.76,3893,285,92.68,89.44,93.66
841060000C0914,2.0,1.15,0.477,0.767,24.19,1548,69,95.54,94.19,95.87
830730000F0829,2.4,1.35,0.429,0.797,8.05,1939,271,86.02,82.47,87.57
841340000D0074,2.25,1.1,0.51,0.695,2.75,20173,8840,56.18,36.95,63.61
13110000CI0096,2.25,1.4,0.579,0.619,16.27,12906,1147,91.11,85.65,93.86
841460000C0538,1.95,1.25,0.514,0.656,8.73,1973,277,85.96,78.61,88.55
072590000B0185,2.0,1.05,0.508,0.55,2.19,1048,582,44.47,0.0,54.39
840760000E0367,2.45,1.4,0.55,0.533,9.81,5749,797,86.14,74.01,89.81
841170000A0649,1.95,1.25,0.508,0.714,3.8,205,65,68.29,55.61,73.66
83047000AZ0338,1.8,0.9,0.426,0.502,2.01,681,339,50.22,0.88,50.22
261820000A0642,2.0,1.25,0.521,0.48,3.73,2812,948,66.29,29.8,73.19
84106000ZC0050,2.05,1.2,0.277,0.643,380.11,3421,9,99.74,99.59,99.74
840190000B0499,2.2,1.1,0.547,0.649,2.17,1324,800,39.58,6.95,54.0
830670000B0048,2.35,1.2,0.511,0.529,222.73,29401,162,99.45,98.96,99.55
841060000E1124,1.85,1.3,0.503,0.674,6.64,1201,209,82.6,74.19,84.93
840170000F1282,1.95,1.25,0.497,0.509,7.76,1521,233,84.68,69.89,87.11
07143000AB0127,1.55,0.95,0.366,0.635,8.91,490,47,90.41,84.9,88.78
84024000AC0176,2.4,1.4,0.468,0.592,2.3,511,254,50.29,16.05,56.56
830330000E0318,2.45,0.75,0.332,0.649,1.35,1443,966,33.06,0.0,25.78
84129000AV0056,1.5,1.4,0.405,0.589,2.54,1382,564,59.19,30.75,60.56
84029000AA0007,2.2,1.1,0.329,0.641,1.99,366,184,49.73,21.58,49.73
840890000C0869,2.45,1.45,0.58,0.522,3.89,623,240,61.48,26.16,74.32
840870000O1036,1.9,1.15,0.45,0.406,3.47,5444,1711,68.57,22.58,71.18
840290000A0182,2.05,1.2,0.491,0.583,5.07,573,137,76.09,58.99,80.28
26345000BK0140,2.15,1.15,0.545,0.609,2.55,3221,1662,48.4,15.31,60.85
840450000C0101,2.15,1.0,0.439,0.405,3.43,933,292,68.7,22.72,70.85
840370000D0280,1.75,1.25,0.408,0.714,5.64,496,90,81.85,74.6,82.26
840390000E0667,1.8,1.05,0.464,0.539,1.98,6620,3557,46.27,0.39,49.5
841170000A0091,2.05,1.15,0.518,0.553,2.25,619,340,45.07,0.65,55.57
830830000C1125,1.6,0.85,0.233,0.4,62.17,746,10,98.66,96.65,98.39
830250000H0193,2.2,1.65,0.572,0.447,12.61,8978,1048,88.33,73.87,92.07
07143000AK0471,1.55,0.7,0.377,0.578,1.43,922,536,41.87,0.0,29.83
263570000S0152,1.95,1.25,0.532,0.683,5.31,2258,523,76.84,66.08,81.18
840300000E0670,2.2,1.1,0.423,0.655,4.7,3554,773,78.25,66.8,78.73
26054000AM0042,2.25,1.1,0.543,0.604,3.32,800,311,61.12,35.62,69.88
072640000A0095,2.0,1.25,0.533,0.615,6.54,2706,525,80.6,68.48,84.7
840440000C0199,2.25,1.1,0.48,0.698,6.78,2766,452,83.66,76.57,85.25
84118000AR0251,2.15,1.15,0.502,0.502,2.41,2008,1014,49.5,0.0,58.52
840490000A0556,1.8,1.3,0.474,0.654,9.35,851,102,88.01,81.67,89.31
073430000E1664,2.2,1.05,0.527,0.521,2.53,801,405,49.44,3.0,60.55
840960000C0545,1.9,1.2,0.494,0.672,16.39,6751,472,93.01,89.6,93.9
840390000H0120,2.0,1.1,0.333,0.956,1.83,2063,1015,50.8,48.52,45.32
840220000D0540,2.25,1.1,0.49,0.669,5.74,5344,1032,80.69,71.15,82.58
841330000C0770,2.3,1.4,0.543,0.472,6.79,2601,516,80.16,57.98,85.27
261560000B0481,1.8,1.0,0.461,0.554,1.86,1088,610,43.93,0.0,46.23
84003000CI0081,2.2,1.25,0.543,0.469,2.9,1245,579,53.49,0.8,65.46
83116000BT0041,2.25,1.6,0.56,0.386,3.88,2224,822,63.04,4.18,74.24
841330000C1127,2.2,1.45,0.573,0.477,4.02,6350,2305,63.7,23.84,75.1
841480000A0457,1.75,1.3,0.432,0.455,18.41,718,40,94.43,87.74,94.57
07264000AV0083,2.2,1.1,0.342,0.806,1.82,10763,5808,46.04,33.06,44.99
840560000B0296,2.2,0.8,0.287,0.941,27.19,1278,32,97.5,97.34,96.32
84024000AI0228,2.5,1.4,0.478,0.805,2.81,1369,562,58.95,49.01,64.35
840960000C0263,1.8,1.05,0.464,0.543,1.96,2439,1337,45.18,0.0,48.87
830490000A0393,2.2,1.1,0.518,0.466,2.66,946,447,52.75,0.0,62.37
840420000C0670,2.5,1.3,0.438,0.447,2.6,1984,872,56.05,1.61,61.49
84118000AZ0212,2.15,1.15,0.506,0.458,3.65,343,124,63.85,20.99,72.59
841220000A0520,1.85,1.2,0.444,0.664,18.46,1255,73,94.18,91.24,94.58
83107000AW0038,2.15,0.85,0.491,0.511,2.25,6817,3484,48.89,0.06,55.54
840390000G0480,2.0,1.1,0.494,0.763,3.16,9904,3405,65.62,54.93,68.32
830680000D0330,2.25,1.3,0.543,0.399,4.67,1809,519,71.31,28.03,78.61
83149000AH0339,2.35,1.4,0.532,0.426,9.09,1318,187,85.81,66.69,89.0
83097000AN0075,1.45,1.05,0.392,0.475,1.94,2337,1111,52.46,0.0,48.48
83097000AL0207,2.5,1.95,0.587,0.374,4.16,2153,794,63.12,1.39,75.94
830180000D0826,2.4,0.8,0.274,0.692,1.29,2647,1878,29.05,0.0,22.29
13050000BL0105,2.0,1.25,0.529,0.561,3.13,2122,877,58.67,26.39,68.0
07245000AA0018,2.0,1.15,0.497,0.484,3.2,7857,2887,63.26,24.09,68.78
84118000AX0031,1.95,1.25,0.529,0.543,3.35,5342,2047,61.68,29.45,70.16
84090000AH0179,2.05,1.15,0.506,0.492,2.46,1453,720,50.45,0.0,59.33
840720000B0436,2.25,1.1,0.37,0.911,2.27,1860,776,58.28,54.19,55.86
830310000A0057,2.3,1.65,0.566,0.421,5.85,3201,783,75.54,41.92,82.91
841380000L0141,2.0,1.25,0.535,0.686,7.7,2963,483,83.7,76.24,87.01
84028000AI0193,2.0,1.25,0.533,0.542,4.65,12377,3421,72.36,48.98,78.5
841460000A0628,2.1,1.15,0.397,0.769,6.58,408,60,85.29,80.88,84.8
830500000K0203,2.3,1.7,0.568,0.397,3.7,2588,1017,60.7,1.0,72.99
07279000AD0122,2.3,1.4,0.414,0.792,5.96,459,84,81.7,76.91,83.22
841160000D0123,2.35,1.05,0.445,0.545,4.54,286,67,76.57,56.99,77.97
830280000A0145,2.4,1.95,0.432,0.539,5.32,489,104,78.73,60.53,81.19
830730000G1397,1.65,1.55,0.328,0.737,54.79,767,14,98.17,97.52,98.17
830310000A0059,1.95,1.6,0.486,0.632,22.26,1536,84,94.53,91.34,95.51
830510000B0763,2.35,1.35,0.516,0.792,12.31,3669,358,90.24,87.68,91.88
841440000B0061,2.0,1.25,0.528,0.503,4.09,7586,2369,68.77,37.86,75.56
841260000B0122,2.25,1.1,0.529,0.651,4.93,1119,289,74.17,60.32,79.71
841470000A0042,2.5,1.05,0.479,0.474,41.84,5816,154,97.35,94.41,97.61
84102000AI0056,1.65,1.0,0.342,0.369,176.19,4581,24,99.48,98.58,99.43
830510000B0829,2.2,1.8,0.573,0.366,4.5,1725,558,67.65,11.54,77.8
261100000B0177,1.8,1.75,0.386,0.38,3.24,94,30,68.09,15.96,69.15
070090000B1278,1.85,1.15,0.447,0.615,8.82,1032,123,88.08,80.62,88.66
841170000A0086,2.15,0.9,0.508,0.564,2.04,938,544,42.0,0.0,51.07
84090000AH0126,1.95,1.1,0.479,0.482,2.29,2207,1077,51.2,0.0,56.37
263570000T0170,1.8,0.85,0.433,0.525,1.88,1574,815,48.22,1.33,46.89
13050000BZ0194,2.45,1.0,0.428,0.886,3.71,2193,565,74.24,70.91,73.05
263570000R0148,2.2,1.05,0.538,0.604,2.07,1444,874,39.47,0.0,51.66
26317000AC0070,2.15,1.15,0.537,0.507,3.04,9280,3969,57.23,15.59,67.07
13065000BO0082,2.4,1.0,0.481,0.454,2.64,2967,1324,55.38,1.79,62.15
830310000H0319,2.5,1.75,0.541,0.486,6.07,1154,253,78.08,54.85,83.54
830560000D0159,2.35,1.55,0.509,0.57,2.14,2245,1281,42.94,0.0,53.36
840370000C0566,1.7,1.25,0.399,0.818,1.51,732,507,30.74,15.3,33.61
84104000AH0118,2.15,1.15,0.547,0.609,2.98,1955,891,54.42,25.17,66.39
07228000AL0050,1.5,0.95,0.404,0.608,1.45,1007,618,38.63,0.0,30.98
26377000AT0338,2.0,1.25,0.501,0.518,5.42,1095,234,78.63,58.72,81.55
831400000A2683,2.35,1.55,0.537,0.488,12.33,3131,339,89.17,77.8,91.89
840390000F0982,1.75,1.25,0.441,0.848,6.55,491,78,84.11,81.26,84.73
84004000AX0010,2.15,1.0,0.343,0.806,1.98,2926,1394,52.36,40.91,49.49
07264000AB0250,1.95,1.25,0.485,0.569,5.92,592,120,79.73,64.36,83.11
840780000B0139,2.3,1.05,0.421,0.847,2.31,3279,1400,57.3,49.59,56.63
841340000D0049,1.15,1.2,0.335,0.523,48.59,7192,115,98.4,96.94,97.94
840780000C0621,2.15,1.15,0.497,0.689,16.02,1586,113,92.88,89.66,93.76
841380000I0028,1.95,1.25,0.531,0.625,10.21,11056,1351,87.78,80.46,90.2
263570000T0020,2.15,0.7,0.282,0.797,1.12,2007,1565,22.02,2.19,11.01
840170000B1521,1.45,0.95,0.262,0.556,25.37,761,25,96.71,94.09,96.06
26220000AD0013,2.15,1.15,0.536,0.621,5.91,3662,792,78.37,65.18,83.07
841380000M0175,2.25,1.1,0.417,0.688,2.65,1477,557,62.29,45.16,62.29
83096000AE0010,2.2,1.3,0.571,0.529,2.68,953,507,46.8,0.0,62.64
840620000D0211,1.9,1.25,0.474,0.443,16.69,3204,217,93.23,84.71,94.01
830490000D0292,2.35,0.85,0.365,0.755,1.3,759,550,27.54,4.08,23.32
840470000D1602,2.0,1.25,0.531,0.613,5.02,2043,515,74.79,58.88,80.08
84056000AA0001,2.2,1.0,0.448,0.795,82.96,15514,182,98.83,98.52,98.79
840390000F0781,1.8,1.2,0.518,0.821,2.95,56,23,58.93,50.0,66.07
07228000ZA0045,1.75,0.95,0.433,0.544,1.83,915,492,46.23,1.09,45.36
13080000BV0040,2.15,1.15,0.524,0.479,3.56,2331,844,63.79,24.41,71.94
841460000D0509,2.3,1.05,0.357,0.835,11.53,1764,137,92.23,90.7,91.33
26377000AB0440,2.0,1.25,0.547,0.665,5.56,2927,702,76.02,63.92,82.03
841260000F0357,2.0,1.1,0.291,1.0,18.57,557,28,94.97,94.97,94.61
072340000A0623,2.1,1.0,0.428,0.598,16.95,1119,67,94.01,89.99,94.1
830320000B0411,2.25,1.7,0.541,0.369,5.41,1206,295,75.54,33.67,81.51
840840000C0575,2.1,1.35,0.428,0.398,10.88,468,47,89.96,74.79,90.81
830830000C1321,2.45,1.25,0.5,0.703,12.74,6040,572,90.53,86.52,92.15
840190000D0533,2.25,1.1,0.383,1.0,15.62,578,35,93.94,93.94,93.6
83047000BL0010,1.85,0.8,0.432,0.521,1.95,5857,3013,48.56,1.28,48.71
841460000D0503,2.0,1.25,0.514,0.676,8.14,855,127,85.15,78.01,87.72
830330000C0468,2.05,1.6,0.478,0.389,6.31,543,100,81.58,52.67,84.16
840370000B0344,2.0,0.9,0.381,0.599,1.71,4444,2601,41.47,2.23,41.47
84050000AO0080,2.0,1.25,0.52,0.577,11.46,4861,527,89.16,81.22,91.28
830210000N0735,2.4,1.55,0.518,0.901,17.49,997,73,92.68,91.88,94.28
831540000D0626,2.0,1.65,0.422,0.536,38.36,1074,30,97.21,94.79,97.39
070150000C0477,2.15,1.05,0.426,0.723,3.08,2344,774,66.98,54.35,67.53
840300000B0818,2.2,1.1,0.301,0.821,1.32,387,285,26.36,10.34,24.29
830480000B4633,2.3,1.85,0.587,0.418,4.36,602,214,64.45,14.95,77.08
841460000D0344,2.15,1.15,0.546,0.691,4.69,887,257,71.03,58.06,78.69
26317000AI0388,2.0,1.25,0.523,0.548,4.8,394,108,72.59,50.0,79.19
830430000B1695,2.25,1.25,0.533,0.416,3.13,507,211,58.38,0.0,68.05
830040000G0999,1.5,1.5,0.487,0.412,3.2,262,98,62.6,9.16,68.7
840450000C0554,2.45,1.0,0.378,0.876,4.65,1660,324,80.48,77.71,78.49
07056000AC0163,1.8,1.1,0.361,0.733,11.89,535,44,91.78,88.79,91.59
07143000AK0810,1.95,0.75,0.435,0.652,1.97,181,92,49.17,22.1,49.17
841370000A0631,2.15,1.15,0.547,0.544,3.46,7235,2774,61.66,29.52,71.13
07279000AK0263,2.1,1.1,0.499,0.65,1.8,718,469,34.68,0.0,44.43
840960000D0502,2.25,1.1,0.551,0.577,2.67,844,411,51.3,15.64,62.56
840370000C0474,1.6,1.3,0.446,0.534,7.16,1870,269,85.61,73.05,86.04
073430000A0052,1.95,1.05,0.494,0.557,2.11,589,325,44.82,1.02,52.63
830210000K0296,1.55,1.1,0.408,0.649,45.3,6387,133,97.92,96.79,97.79
84106000AA0049,1.85,1.25,0.505,0.667,10.35,2328,267,88.53,82.82,90.34
840720000I0069,2.05,1.2,0.527,0.66,4.98,862,219,74.59,61.48,79.93
13050000BK0053,1.6,1.2,0.406,0.544,50.02,2401,49,97.96,96.25,98.0
070700000B1037,1.55,1.25,0.408,0.696,43.89,4301,96,97.77,96.79,97.72
841260000A0685,2.2,0.8,0.515,0.598,1.94,5395,3243,39.89,0.0,48.56
841340000C0072,2.05,1.2,0.536,0.671,4.61,1375,378,72.51,59.05,78.33
84004000AL0050,2.0,1.05,0.44,0.384,9.52,7959,898,88.72,70.64,89.5
840940000A0420,2.0,1.25,0.518,0.522,7.15,8610,1499,82.59,66.66,86.0
841450000K0346,1.95,1.25,0.527,0.552,5.88,4439,952,78.55,61.12,82.99
830460000F0023,2.5,2.0,0.544,0.474,12.67,4775,514,89.24,77.3,92.1
840370000B0622,1.9,1.1,0.482,0.626,3.08,490,181,63.06,41.02,67.55
841500000G0524,2.15,0.95,0.474,0.586,1.93,406,242,40.39,0.0,48.28
070090000A0725,1.7,1.35,0.355,0.548,31.53,536,17,96.83,94.22,96.83
841380000F0506,2.15,1.15,0.512,0.546,7.0,3466,591,82.95,68.75,85.72
13032000BY0065,2.05,1.2,0.519,0.475,2.88,804,355,55.85,7.09,65.3
841380000F0327,2.0,1.25,0.517,0.473,3.47,9399,3403,63.79,23.43,71.17
840960000D0432,2.1,1.1,0.355,0.959,11.95,908,71,92.18,91.85,91.63
830690000D0581,2.65,1.65,0.473,0.37,8.17,343,50,85.42,60.64,87.76
831540000E0924,1.75,1.2,0.47,0.689,48.91,12716,272,97.86,96.89,97.96
26367000AR0083,2.15,1.15,0.501,0.639,10.01,1111,129,88.39,81.82,90.01
841360000A0706,2.05,1.2,0.53,0.583,2.83,342,162,52.63,18.71,64.62
13110000AY0022,2.0,0.85,0.458,0.518,2.07,2861,1482,48.2,0.0,51.77
13072000AT0217,2.45,1.25,0.527,0.399,3.83,391,137,64.96,12.28,73.91
84149000AO0058,2.15,1.05,0.314,0.951,26.77,1660,58,96.51,96.33,96.27
830450000B0258,1.8,1.2,0.41,0.726,73.57,3090,45,98.54,97.99,98.64
840160000L0806,2.05,1.05,0.409,0.587,2.42,482,199,58.71,29.67,58.71
841150000C0198,2.0,1.25,0.536,0.64,5.61,2905,678,76.66,63.51,82.17
84050000AO0011,2.35,1.05,0.5,0.757,3.32,796,277,65.2,54.02,69.85
84127000AO0038,2.15,1.15,0.549,0.818,4.76,971,275,71.68,65.4,78.99
840290000D0505,2.0,1.25,0.498,0.595,2.42,2471,1235,50.02,16.03,58.68
831430000A0075,2.25,1.35,0.504,0.399,7.63,778,122,84.32,60.67,86.89
83047000AZ0065,2.25,1.4,0.537,0.407,3.34,1051,412,60.8,3.62,70.03
262330000B0610,1.9,1.25,0.501,0.585,11.25,2767,288,89.59,82.22,91.11
840720000H0814,2.25,1.1,0.489,0.811,2.98,7323,2745,62.52,53.79,66.42
83047000AA0820,2.45,1.75,0.532,0.69,3.01,825,347,57.94,39.03,66.79
84041000AE0411,2.25,1.05,0.361,0.792,9.39,2028,198,90.24,87.67,89.35
26054000AK0317,1.9,1.25,0.507,0.574,3.08,693,274,60.46,31.17,67.53
830040000C2216,2.5,1.25,0.515,0.386,13.78,1943,174,91.04,76.79,92.74
840890000B0034,2.45,1.45,0.557,0.748,2.81,1041,514,50.62,34.01,64.36
070890000C1091,1.95,1.15,0.523,0.733,5.27,970,228,76.49,67.94,81.03
831000000E0582,2.2,1.3,0.534,0.4,3.46,3466,1316,62.03,5.02,71.09
261820000B0640,2.0,1.25,0.515,0.468,4.84,20858,5326,74.47,45.42,79.35
831000000E0268,2.2,0.95,0.522,0.541,2.31,6027,3222,46.54,1.14,56.68
840390000G0590,2.1,1.0,0.519,0.615,2.12,1135,660,41.85,5.46,52.86
831000000A0941,1.75,1.0,0.434,0.473,2.17,2649,1246,52.96,0.45,53.94
830510000D0348,2.3,1.75,0.581,0.482,4.86,981,301,69.32,36.39,79.41
263570000H0406,2.05,1.2,0.529,0.652,7.07,2546,440,82.72,73.49,85.86
840720000F0315,1.7,0.95,0.414,0.479,2.02,2288,1099,51.97,0.0,50.52
83016000AH0184,2.2,1.1,0.369,0.665,1.56,1282,837,34.71,1.87,35.73
84046000AE0049,2.25,1.0,0.54,0.556,2.28,3010,1702,43.46,0.0,56.15
84031000AE0267,2.1,1.15,0.452,0.424,7.3,1037,153,85.25,65.19,86.31
26377000AX0094,2.0,1.25,0.53,0.571,8.16,5500,859,84.38,72.64,87.75
830650000A5443,2.35,1.7,0.573,0.414,3.98,7234,2667,63.13,11.0,74.87
830180000B0239,2.5,1.65,0.366,0.609,1.74,184,112,39.13,0.0,42.39
840300000C0584,2.2,1.1,0.339,0.916,3.79,1163,283,75.67,73.43,73.6
13069000AS0042,2.0,1.25,0.521,0.558,13.77,14263,1254,91.21,84.24,92.74
830940000F0672,1.2,1.25,0.126,0.364,98.25,393,4,98.98,97.2,98.98
830250000C0136,2.45,1.95,0.52,0.401,9.9,604,77,87.25,68.21,89.9
070990000F0487,1.85,1.0,0.354,0.744,25.94,830,29,96.51,95.3,96.14
830490000D0399,2.5,1.2,0.404,0.511,2.11,5161,2603,49.56,1.32,52.7
84137000AZ0122,2.2,1.1,0.54,0.715,4.14,1644,505,69.28,57.06,75.85
830670000C1074,2.45,1.3,0.501,0.598,8.41,3414,492,85.59,75.89,88.11
07324000AE0047,1.65,0.95,0.418,0.543,1.75,1838,1011,44.99,0.0,42.87
261820000B0062,2.05,1.2,0.509,0.704,9.84,1604,197,87.72,82.54,89.84
830670000D1484,1.9,0.95,0.444,0.468,2.2,6535,3129,52.12,0.0,54.46
830300000A0779,2.45,1.5,0.467,0.449,21.28,1660,89,94.64,88.07,95.3
841460000B0768,2.15,1.1,0.346,0.769,12.7,127,10,92.13,89.76,92.13
07264000AZ0043,1.95,1.2,0.374,0.479,35.09,772,23,97.02,93.78,97.15
262330000C0378,1.95,1.25,0.504,0.51,4.17,571,171,70.05,41.33,76.01
841060000C1378,2.15,1.15,0.546,0.604,2.99,1896,833,56.07,27.22,66.51
263570000H0117,2.15,1.15,0.457,0.554,23.39,889,41,95.39,91.68,95.73
830850000C0149,2.1,0.85,0.475,0.536,2.02,1560,841,46.09,0.0,50.38
263480000E0703,1.75,1.2,0.451,0.718,29.91,2632,89,96.62,95.29,96.66
830560000C0639,2.4,1.85,0.468,0.534,15.89,445,31,93.03,86.97,93.71
072450000D0489,1.8,1.25,0.49,0.497,2.26,5590,2832,49.34,0.0,55.72
070700000A0144,1.7,1.25,0.479,0.525,2.13,7726,4016,48.02,1.02,53.11
840610000A0151,2.2,1.05,0.348,0.661,1.54,1370,900,34.31,0.66,35.04
070090000C0729,2.25,1.0,0.522,0.597,2.21,465,264,43.23,4.95,54.84
830530000D0490,2.15,1.15,0.518,0.559,2.67,3205,1480,53.82,17.41,62.5
840890000C0124,2.7,1.45,0.575,0.426,3.59,1587,647,59.23,4.28,72.15
840870000L0194,2.2,1.0,0.34,0.916,3.33,1425,372,73.89,71.51,69.96
840960000D0316,2.1,1.15,0.295,0.704,1.4,671,487,27.42,0.0,28.61
840870000B0993,2.2,1.0,0.45,0.828,4.15,2721,693,74.53,69.24,75.89
07264000AR0257,2.0,1.25,0.545,0.686,5.44,14141,3346,76.34,65.53,81.63
262750000A0157,2.1,1.15,0.502,0.709,16.47,1812,129,92.88,89.96,93.93
26377000AT0115,2.35,1.05,0.52,0.61,2.82,1683,750,55.44,26.98,64.59
84104000AC0104,2.15,1.15,0.543,0.559,2.63,940,475,49.47,9.57,62.02
840170000G0952,1.9,1.25,0.477,0.499,8.4,1193,167,86.0,71.92,88.1
830670000D0877,2.4,1.55,0.499,0.373,4.29,2139,634,70.36,20.43,76.67
841380000P0415,2.5,1.0,0.339,0.769,2.06,913,432,52.68,38.44,51.48
840680000B0428,2.2,1.25,0.551,0.462,2.97,4680,2163,53.78,0.0,66.37
13024000AL0032,1.85,0.85,0.386,0.371,538.96,12396,23,99.81,99.5,99.81
263570000D0131,2.1,1.1,0.349,0.712,1.37,4893,3547,27.51,0.0,26.83
830320000E1522,1.95,0.85,0.328,0.383,43.93,1977,41,97.93,94.59,97.72
841330000C0534,2.15,1.25,0.542,0.467,2.81,2273,1074,52.75,0.0,64.45
830490000E0578,2.2,0.95,0.497,0.498,2.36,1830,918,49.84,0.0,57.6
830210000L0347,2.45,1.2,0.499,0.382,23.2,12716,659,94.82,86.42,95.69
841300000B0624,2.35,1.05,0.469,0.475,6.91,449,75,83.3,64.81,85.52
840930000A0297,2.7,1.45,0.584,0.476,9.57,10992,1680,84.72,67.9,89.56
26367000AE0286,2.2,1.1,0.549,0.551,2.46,4929,2682,45.59,1.32,59.28
840200000E0620,2.5,0.9,0.354,0.561,1.7,180,101,43.89,0.0,41.11
83136000AE0094,2.5,1.5,0.48,0.583,32.24,935,35,96.26,93.58,96.9
84102000AH0038,2.0,1.25,0.536,0.608,4.52,1460,421,71.16,52.6,77.88
841330000C0070,2.1,1.15,0.493,0.453,2.61,1092,499,54.3,0.0,61.72
841090000B0367,2.25,1.1,0.52,0.608,5.63,1706,353,79.31,65.94,82.24
26054000AR0083,2.0,1.25,0.415,0.77,1.63,10211,6699,34.39,14.79,38.51
261790000C0191,2.15,0.85,0.468,0.526,1.98,1477,782,47.05,0.0,49.56
263570000Y0183,1.85,1.25,0.452,0.531,9.01,694,85,87.75,76.95,88.9
840370000E0949,2.2,1.0,0.531,0.61,2.49,2720,1365,49.82,17.76,59.78
840390000F0476,2.0,1.1,0.348,0.844,5.25,1697,303,82.14,78.85,80.97
130910000A0466,2.55,0.95,0.285,0.829,3.61,296,68,77.03,72.3,72.3
83097000AK0057,2.1,1.0,0.492,0.509,2.26,3481,1770,49.15,0.06,55.7
840370000A0478,2.5,0.85,0.448,0.606,1.83,633,356,43.76,7.27,45.5
07042000AK0010,2.3,1.05,0.33,0.85,2.42,4231,1628,61.52,54.72,58.69
840870000I0284,2.0,1.1,0.518,0.57,2.37,5159,2666,48.32,9.38,57.82
83148000BW0166,2.3,2.2,0.586,0.375,4.3,2297,684,70.22,20.51,76.75
830950000H0223,1.4,1.35,0.303,0.45,91.39,1645,18,98.91,97.57,98.91
830320000A0467,2.3,2.15,0.577,0.369,5.2,619,152,75.44,33.44,80.78
840300000E1113,2.0,1.25,0.51,0.75,5.67,363,75,79.34,72.45,82.37
831400000C0827,2.4,2.0,0.576,0.364,10.48,5764,787,86.35,62.53,90.46
841300000B0866,2.2,1.1,0.4,0.724,1.68,2287,1419,37.95,14.34,40.49
840300000B0136,1.9,1.3,0.487,0.664,7.74,697,101,85.51,78.19,87.09
261880000C1975,2.6,0.95,0.393,0.828,2.15,1068,467,56.27,47.19,53.46
830270000G0332,1.75,1.0,0.445,0.515,2.0,3581,1849,48.37,0.0,49.93
840770000C0393,2.2,1.0,0.327,0.699,1.39,775,546,29.55,0.0,28.0
840220000B0874,,,,,,,,,,
840390000D0858,,,,,,,,,,
13056000DN0040,2.0,1.25,0.528,0.575,4.6,3383,938,72.27,51.79,78.24
84102000AI0014,2.0,1.2,0.496,0.552,21.28,6151,328,94.67,90.34,95.3
073120000C0377,2.0,1.15,0.478,0.544,2.39,559,271,51.52,10.91,58.14
07042000BE0167,2.15,1.15,0.542,0.628,3.43,4683,1780,61.99,39.5,70.85
130510000B0582,2.0,1.25,0.547,0.633,4.2,919,291,68.34,49.95,76.17
830850000B0251,2.2,1.45,0.561,0.478,3.03,1250,570,54.4,4.56,66.96
13050000BK0219,2.05,1.2,0.531,0.582,4.68,1695,460,72.86,53.33,78.64
83096000AB0206,2.2,1.5,0.583,0.515,3.01,1722,846,50.87,4.53,66.78
84103000AC0026,2.05,1.05,0.507,0.499,2.43,1421,721,49.26,0.0,58.83
84131000AK0080,2.3,1.2,0.387,0.592,1.82,474,273,42.41,2.74,45.15
840090000G0284,1.85,1.0,0.452,0.504,2.1,6986,3525,49.54,0.0,52.32
830710000B0119,2.45,0.8,0.279,0.769,1.19,258,203,21.32,0.0,16.28
840300000D1988,2.0,1.2,0.506,0.691,20.39,2651,152,94.27,91.7,95.1
07070000AO0041,2.4,0.95,0.265,0.615,78.56,707,8,98.87,98.16,98.73
841500000H0296,2.0,1.25,0.539,0.692,10.6,3467,413,88.09,82.78,90.57
83063000AV0226,1.75,1.0,0.431,0.466,2.15,1344,645,52.01,0.0,53.42
840290000C0299,2.15,0.75,0.035,1.0,92.5,185,2,98.92,98.92,98.92
840450000C0568,2.2,1.1,0.451,0.421,8.06,758,106,86.02,66.75,87.6
830500000H0325,2.45,1.7,0.51,0.41,34.82,1149,41,96.43,91.3,97.13
84012000AK0251,2.0,1.25,0.519,0.568,4.24,670,193,71.19,49.25,76.42
07042000AP0223,2.0,1.25,0.538,0.573,5.87,22501,4986,77.84,61.32,82.97
840870000K0368,1.8,1.2,0.399,0.83,1.66,1502,896,40.35,28.1,39.61
263410000A1356,1.95,1.25,0.41,0.658,1.88,1119,630,43.7,14.48,46.83
84012000AS0391,2.1,1.1,0.527,0.587,2.18,869,507,41.66,0.58,54.09
840220000A0193,2.0,1.25,0.516,0.681,5.51,645,141,78.14,67.91,81.86
263570000E0089,1.85,1.0,0.463,0.501,2.1,2273,1164,48.79,0.0,52.44
840390000G0644,2.2,1.0,0.524,0.556,2.24,873,480,45.02,1.15,55.44
84041000AE0505,,,,,,,,,,
841220000A0378,2.05,1.2,0.503,0.68,3.77,4097,1287,68.59,53.8,73.49
072340000A0075,2.45,0.9,0.383,0.733,7.33,718,88,87.74,83.29,86.35
073430000A0471,2.5,1.35,0.466,0.414,11.12,356,36,89.89,75.56,91.01
830490000C0842,2.4,1.85,0.576,0.483,4.7,733,232,68.35,34.52,78.72
84018000AI0001,,,,,,,,,,
263570000I0012,2.15,1.15,0.489,0.643,2.02,2929,1675,42.81,11.03,50.56
830460000E0365,2.35,1.25,0.498,0.413,55.37,7253,163,97.75,94.55,98.19
840170000D0471,2.15,1.15,0.542,0.547,3.38,9201,3559,61.32,29.27,70.37
130910000A0121,2.0,1.25,0.515,0.556,4.52,1447,404,72.08,49.83,77.89
830270000B1159,2.25,1.1,0.472,0.547,2.54,2151,974,54.72,17.25,60.67
840720000B0131,1.95,1.25,0.477,0.609,11.92,882,81,90.82,84.92,91.61
83048000AY0038,2.0,1.2,0.518,0.498,2.5,2705,1370,49.35,0.0,59.96
07042000AB0003,2.25,1.1,0.545,0.534,2.54,4379,2271,48.14,2.92,60.65
84118000AI0189,2.15,1.15,0.554,0.571,4.2,1655,537,67.55,43.2,76.19
841260000F0660,2.25,0.9,0.25,0.978,11.87,724,45,93.78,93.65,91.57
830940000D0144,2.3,1.65,0.394,0.564,2.23,1201,580,51.71,14.4,55.2
26345000AZ0039,2.1,0.9,0.508,0.579,2.04,3128,1811,42.1,0.0,50.93
261190000C1808,1.75,1.2,0.468,0.505,2.22,1316,664,49.54,0.0,54.86
830370000C0475,2.3,1.5,0.523,0.391,6.39,1859,368,80.2,49.33,84.35
84069000BC0038,1.95,1.25,0.504,0.504,6.1,1842,358,80.56,61.45,83.6
84106000ZC0008,2.0,1.25,0.534,0.705,7.92,3612,580,83.94,77.21,87.38
840870000D0087,2.1,1.0,0.362,0.768,2.53,2240,823,63.26,52.14,60.54
840370000B0460,1.95,1.1,0.454,0.554,3.16,2257,767,66.02,38.64,68.37
13050000BV0114,2.1,1.15,0.502,0.553,5.04,580,142,75.52,55.69,80.17
840190000G0516,2.1,1.15,0.516,0.67,4.75,813,197,75.77,63.84,78.97
840490000A0083,2.0,1.25,0.494,0.693,8.89,782,97,87.6,82.1,88.75
13050000CL0138,2.0,1.25,0.526,0.582,3.7,1290,446,65.43,40.62,72.95
84008000AO0233,2.05,1.2,0.463,0.556,16.15,1308,95,92.74,86.93,93.81
830720000C0623,2.4,1.7,0.543,0.396,12.65,4086,424,89.62,73.81,92.09
830450000E0310,2.35,1.85,0.538,0.544,4.54,318,93,70.75,46.23,77.99
070150000C0530,1.6,1.15,0.431,0.511,2.05,679,340,49.93,2.06,51.25
13110000BW0154,2.2,1.8,0.569,0.379,4.94,2409,705,70.73,22.83,79.74
13037000AO0090,2.05,1.15,0.451,0.445,51.55,5103,113,97.79,95.02,98.06
83112000DA0004,2.15,0.95,0.445,0.556,1.94,5204,2873,44.79,0.65,48.39
84138000BI0056,2.2,0.9,0.517,0.571,2.09,2165,1262,41.71,0.0,52.1
830920000D0815,2.25,0.95,0.427,0.622,1.64,4184,2639,36.93,0.0,39.01
840370000K0307,1.9,1.15,0.479,0.495,4.06,321,96,70.09,39.56,75.39
84106000ZB0021,1.75,1.25,0.499,0.527,2.19,17262,9125,47.14,0.0,54.37
13056000DP0010,2.15,1.15,0.542,0.609,4.25,2200,655,70.23,51.09,76.45
830180000B0305,1.85,1.05,0.437,0.424,2.5,10494,4414,57.94,0.83,59.96
84072000CK0005,2.1,1.0,0.502,0.553,2.14,1359,763,43.86,0.0,53.2
263570000V0176,2.1,1.15,0.333,0.715,2.21,228,108,52.63,33.77,54.82
840720000C0534,2.2,1.1,0.505,0.66,2.38,592,293,50.51,25.0,57.94
13113000BK0011,2.15,1.15,0.52,0.679,5.06,3440,822,76.1,64.83,80.23
840420000C0066,2.4,1.45,0.558,0.452,3.4,1030,432,58.06,7.18,70.58
830730000D0577,1.5,1.1,0.342,0.69,27.94,1006,29,97.12,95.83,96.42
83097000AL0571,2.5,1.9,0.473,0.615,2.15,734,402,45.23,10.9,53.41
261880000D0184,2.35,1.05,0.394,0.723,7.56,809,99,87.76,83.07,86.77
07324000AY0110,1.95,1.05,0.472,0.544,2.08,218,118,45.87,0.46,51.83
261800000C1060,2.45,1.0,0.348,0.769,2.44,4619,1736,62.42,51.14,59.04
84137000BC0079,2.25,1.1,0.427,0.765,1.48,1785,1283,28.12,6.05,32.21
841460000A0570,2.0,1.25,0.546,0.601,4.18,602,187,68.94,48.34,76.08
841500000E0148,2.3,1.05,0.343,0.873,3.1,974,281,71.15,66.94,67.76
84137000AC0246,1.95,1.25,0.462,0.604,9.53,810,93,88.52,80.99,89.51
84003000CI0088,2.3,1.05,0.508,0.486,2.45,2829,1387,50.97,0.0,59.17
840960000A0154,2.25,1.1,0.505,0.717,6.18,470,86,81.7,74.47,83.83
07279000AK0365,1.85,1.05,0.472,0.529,2.07,1168,620,46.92,0.0,51.63
070890000D0271,1.65,0.9,0.407,0.524,1.73,593,316,46.71,0.0,42.33
073080000A0022,2.0,1.15,0.526,0.626,4.54,1440,386,73.19,57.15,77.99
831250000E0278,2.6,1.95,0.557,0.432,8.27,769,133,82.7,59.95,87.91
26179000ZM0186,2.4,1.0,0.326,0.89,4.12,5744,1226,78.66,76.01,75.75
13110000CK0061,2.1,0.9,0.495,0.514,2.23,4747,2443,48.54,0.0,55.23
263480000D1195,2.25,1.1,0.528,0.712,4.02,5969,1837,69.22,56.79,75.1
83116000BL0060,2.45,1.5,0.564,0.439,3.21,7655,3369,55.99,0.0,68.83
841300000B0941,2.15,1.15,0.511,0.573,13.43,2242,200,91.08,84.43,92.55
07324000AY0586,1.35,1.05,0.386,0.539,1.67,678,365,46.17,0.15,40.27
262850000D0152,2.35,1.05,0.523,0.594,2.77,18889,8399,55.53,25.19,63.92
840490000C0043,1.95,1.1,0.393,0.766,9.84,482,49,89.83,86.72,89.83
26367000AR0233,2.55,0.85,0.245,0.811,5.84,222,30,86.49,83.33,82.88
840170000G1174,2.15,1.15,0.523,0.43,3.28,482,198,58.92,4.56,69.5
26345000BK0158,1.55,1.2,0.344,0.75,27.75,555,18,96.76,95.68,96.4
831250000C0382,2.55,1.3,0.564,0.497,2.82,1042,513,50.77,0.86,64.59
831080000D0366,2.2,1.05,0.535,0.481,2.72,2932,1399,52.29,0.72,63.2
840560000F0451,2.25,1.1,0.327,0.766,1.49,1219,803,34.13,14.03,33.06
841090000C0629,2.25,1.1,0.543,0.599,2.96,5358,2392,55.36,25.42,66.2
263570000L0164,1.0,1.0,0.257,0.765,40.56,1582,26,98.36,97.85,97.53
07056000AD0126,1.85,1.2,0.505,0.63,2.49,374,172,54.01,27.01,59.89
13030000AZ0127,2.4,1.55,0.464,0.531,2.19,910,486,46.59,0.0,54.4
83132000AP0002,2.15,1.15,0.52,0.442,2.84,87142,38483,55.84,0.07,64.75
841460000B0509,2.25,1.1,0.46,0.583,1.97,776,436,43.81,3.61,49.36
841220000B0555,2.05,1.2,0.532,0.657,4.86,2036,518,74.56,61.25,79.42
84149000BA0041,2.05,1.2,0.534,0.652,3.74,1298,436,66.41,48.46,73.27
84106000ZA0047,2.15,0.75,0.23,0.82,1.04,3781,3188,15.68,0.0,4.05
840190000G0540,2.0,1.25,0.509,0.639,4.43,483,131,72.88,57.56,77.43
840440000D0406,2.0,1.15,0.447,0.446,12.21,1783,156,91.25,80.37,91.81
07345000ZB0306,2.45,0.9,0.282,0.754,1.45,1038,682,34.3,12.91,30.83
830690000C0813,2.15,1.25,0.542,0.459,2.88,9079,4158,54.2,0.3,65.29
841500000G0082,2.05,1.2,0.533,0.562,3.23,1668,658,60.55,29.8,69.06
13110000BP0037,2.55,1.35,0.497,0.643,1.8,3044,1995,34.46,0.0,44.55
840870000D2044,1.75,1.25,0.462,0.507,4.73,4602,1064,76.88,54.41,78.86
830910000C0103,2.2,1.0,0.509,0.548,2.18,574,314,45.3,0.17,54.18
840020000B0964,2.15,1.15,0.46,0.486,6.57,401,67,83.29,65.59,84.79
840190000H0964,2.05,1.2,0.456,0.809,15.76,1324,89,93.28,91.69,93.66
840960000B0190,1.7,1.3,0.379,0.469,24.53,368,15,95.92,91.3,95.92
830590000A0157,2.45,1.25,0.54,0.443,11.58,13329,1512,88.66,74.39,91.36
83097000AH0040,2.7,1.6,0.579,0.392,3.89,1205,461,61.74,2.32,74.27
831410000G0108,2.5,1.2,0.465,0.582,49.62,1439,32,97.78,96.18,97.98
840530000C1190,2.05,1.2,0.479,0.816,23.43,1265,62,95.1,93.99,95.73
07264000AC0232,2.15,1.15,0.431,0.861,6.42,1907,292,84.69,82.22,84.43
840390000A0155,1.9,1.15,0.48,0.729,4.56,2235,533,76.15,67.29,78.08
830640000C0756,2.0,1.05,0.498,0.532,2.21,1412,752,46.74,0.0,54.82
84028000BD0307,1.9,1.3,0.453,0.607,5.0,155,34,78.06,63.87,80.0
840490000E0801,2.05,1.2,0.517,0.709,14.16,5847,494,91.55,88.08,92.94
13082000AN0128,1.9,1.15,0.481,0.459,2.53,3165,1459,53.9,0.0,60.51
83086000BI0234,2.25,1.7,0.572,0.39,5.1,21636,6110,71.76,27.63,80.39
840390000G0111,1.8,1.2,0.506,0.664,3.11,1009,372,63.13,44.5,67.89
130800000B0180,1.95,1.1,0.482,0.437,2.67,1381,602,56.41,0.29,62.56
841380000L0196,2.0,1.25,0.52,0.503,4.65,5133,1358,73.54,47.36,78.49
830350000E1240,2.0,1.25,0.541,0.642,3.11,520,219,57.88,34.42,67.88
13079000AD0185,2.5,1.3,0.431,0.654,1.86,1890,1125,40.48,9.05,46.19
26054000AM0245,2.15,1.15,0.545,0.574,2.92,1318,606,54.02,19.88,65.71
840170000C1042,1.85,1.3,0.464,0.554,3.49,342,113,66.96,40.35,71.35
07264000AN0094,2.0,1.25,0.545,0.625,3.98,2868,967,66.28,46.03,74.86
830460000F2298,2.35,1.35,0.515,0.394,27.66,3070,142,95.37,88.27,96.38
07056000AE0413,1.85,1.2,0.466,0.513,2.22,526,269,48.86,0.38,54.94
073430000D0260,2.2,0.95,0.307,0.752,1.3,1174,865,26.32,2.04,23.34
261820000C0998,1.95,1.25,0.518,0.573,6.0,7336,1489,79.7,64.6,83.33
83104000AW0371,2.25,1.1,0.508,0.648,7.84,792,127,83.96,75.25,87.25
841160000A1465,2.15,1.15,0.484,0.517,6.96,355,61,82.82,66.76,85.63
840170000G1106,2.2,1.1,0.448,0.76,2.46,2037,874,57.09,43.54,59.3
830690000J0283,2.2,1.15,0.549,0.535,2.52,8769,4708,46.31,0.0,60.34
840490000C0629,2.1,1.05,0.513,0.571,2.12,4051,2336,42.34,0.0,52.85
830270000H0043,2.15,1.15,0.53,0.628,4.6,1554,428,72.46,56.11,78.25
841360000C0015,2.1,1.15,0.491,0.581,7.12,1474,247,83.24,71.17,85.96
830350000B0553,2.25,1.1,0.494,0.586,2.63,1177,529,55.06,23.36,62.02
13087000AN0086,2.5,0.95,0.383,0.617,1.57,5472,3440,37.13,0.0,36.37
830890000B0281,2.45,1.55,0.563,0.474,10.6,2227,288,87.07,72.74,90.57
83101000BE0048,2.35,1.8,0.492,0.498,2.92,342,148,56.73,13.16,65.79
841170000A0398,2.0,1.25,0.533,0.523,3.37,1758,678,61.43,26.28,70.36
830320000E1409,2.25,1.85,0.586,0.529,6.3,806,190,76.43,55.46,84.12
26377000AB0414,2.4,1.0,0.488,0.776,3.31,15734,5258,66.58,56.92,69.81
84072000BI0075,1.9,1.25,0.511,0.674,11.87,5579,569,89.8,84.87,91.58
26179000ZI0029,2.0,1.25,0.53,0.638,6.08,3115,659,78.84,66.84,83.56
84004000AM0037,2.1,1.0,0.363,0.752,1.91,4737,2428,48.74,31.86,47.65
840420000E0947,2.5,1.4,0.578,0.483,5.03,2955,872,70.49,38.95,80.1
841330000C0497,2.1,1.2,0.463,0.558,90.39,3254,43,98.68,97.63,98.89
830260000C0648,2.15,1.45,0.54,0.488,12.34,3431,368,89.27,78.02,91.9
840300000E0852,2.2,1.05,0.545,0.571,2.3,1053,612,41.88,0.0,56.51
072680000B0294,2.0,1.25,0.545,0.598,3.97,4562,1536,66.33,43.71,74.81
263570000S0055,2.15,1.15,0.547,0.702,4.84,3401,889,73.86,62.75,79.36
262330000D0182,2.0,1.25,0.507,0.486,5.4,859,198,76.95,52.62,81.49
26038000ZA0155,2.0,1.25,0.527,0.614,7.29,3965,678,82.9,72.13,86.28
263570000V0074,2.0,1.25,0.472,0.776,4.87,448,111,75.22,68.08,79.46
84106000AC0032,2.05,1.2,0.449,0.383,3.03,406,139,65.76,10.59,67.0
84082000AS0161,2.25,1.1,0.535,0.589,2.45,467,257,44.97,6.64,59.1
840370000E0241,1.75,1.25,0.485,0.671,5.69,1104,214,80.62,71.11,82.43
261880000B0362,2.25,1.1,0.512,0.61,3.38,2481,873,64.81,42.36,70.37
841150000B0672,2.0,1.25,0.536,0.539,2.94,42010,18560,55.82,18.03,66.01
26038000ZN0044,2.15,1.1,0.531,0.49,2.63,10303,5059,50.9,0.0,61.97
830830000A0954,2.3,2.05,0.552,0.431,11.7,1287,150,88.34,72.96,91.45
84082000AM0238,2.15,1.15,0.422,0.483,14.36,560,42,92.5,84.46,93.04
840390000F0911,1.9,1.15,0.495,0.651,3.98,1453,399,72.54,57.81,74.88
26377000AB0084,2.15,1.15,0.546,0.582,3.09,4853,2083,57.08,26.27,67.61
13001000OW0285,2.5,1.65,0.568,0.549,3.47,7357,2982,59.47,26.23,71.17
830280000L0154,2.35,2.0,0.587,0.377,4.18,7242,2595,64.17,5.0,76.07
830490000F0270,2.45,1.7,0.532,0.571,2.32,2316,1286,44.47,2.72,56.91
840020000D0235,2.5,1.4,0.522,0.475,2.73,4671,2187,53.18,1.37,63.37
840960000D0204,2.25,1.1,0.378,0.904,5.22,4076,745,81.72,79.78,80.84
840390000H0040,2.0,1.1,0.362,0.88,4.58,1222,256,79.05,76.19,78.15
841130000A0132,2.25,1.45,0.573,0.439,3.29,3154,1384,56.12,0.06,69.59
841380000L0057,2.5,1.0,0.436,0.954,8.08,16643,1870,88.76,88.22,87.62
841060000E0250,1.95,1.25,0.532,0.655,5.09,2763,672,75.68,62.87,80.35
840170000G0136,2.0,1.25,0.53,0.593,4.91,2206,570,74.16,56.44,79.65
830720000G0010,2.35,1.7,0.535,0.384,9.17,899,135,84.98,60.85,89.1
840220000A0042,2.15,1.15,0.468,0.53,5.31,377,80,78.78,59.95,81.17
841450000K0655,2.2,1.1,0.535,0.488,2.67,1556,751,51.74,1.09,62.53
841240000D0019,2.0,1.25,0.531,0.551,6.42,3135,639,79.62,63.0,84.43
070420000A0047,2.15,1.15,0.47,0.752,3.08,597,209,64.99,53.43,67.5
07255000ZB0009,1.95,1.25,0.412,0.824,6.59,356,56,84.27,80.9,84.83
830910000C0384,2.15,1.25,0.557,0.535,2.61,1795,946,47.3,1.45,61.67
841090000C0130,2.3,1.05,0.402,0.422,3.78,238,62,73.95,38.24,73.53
07140000ZI0073,1.55,1.05,0.417,0.534,1.72,5859,3228,44.91,0.0,41.71
13079000AL0128,2.25,1.45,0.585,0.496,3.01,4187,2068,50.61,0.48,66.78
84003000CE0110,2.2,1.1,0.526,0.505,2.53,1833,933,49.1,0.0,60.5
830730000D0128,1.95,1.25,0.495,0.673,30.21,2991,113,96.22,94.38,96.69
841370000B0505,2.0,1.25,0.528,0.518,5.04,10122,2594,74.37,50.52,80.14
84053000ZM0076,2.15,1.15,0.554,0.608,2.91,3552,1634,54.0,24.38,65.65
84036000BB0099,2.0,1.25,0.402,0.623,1.89,1998,1132,43.34,9.11,47.15
841220000H0238,2.15,1.15,0.423,0.701,3.68,714,209,70.73,58.26,72.83
263570000M0275,1.8,1.3,0.48,0.726,14.04,1264,98,92.25,89.32,92.88
840300000D0535,2.2,1.1,0.335,0.914,3.03,673,213,68.35,65.38,67.01
830870000B0255,,,,,,,,,,
840520000F1015,2.15,1.2,0.543,0.474,2.82,3215,1534,52.29,0.0,64.54
841500000E0786,1.9,1.1,0.237,0.444,208.0,832,4,99.52,98.92,99.52
840370000E0142,1.85,0.95,0.358,0.513,1.94,2228,1151,48.34,0.0,48.47
831000000D0133,1.65,0.95,0.396,0.466,2.06,1594,740,53.58,0.31,51.51
84028000AI0195,2.0,1.25,0.523,0.622,8.13,1788,273,84.73,75.45,87.7
830990000D0490,2.25,1.4,0.56,0.431,3.3,19479,8251,57.64,1.76,69.65
26377000AT0140,2.5,1.0,0.34,0.736,1.8,1346,743,44.8,24.96,44.5
13072000AY0141,2.2,1.5,0.508,0.537,15.48,1037,80,92.29,85.63,93.54
830500000H0494,2.2,1.3,0.501,0.497,15.97,1134,85,92.5,84.92,93.74
840370000C0680,1.95,1.1,0.486,0.696,4.48,1125,284,74.76,63.73,77.69
83116000AB0172,2.5,1.05,0.307,0.77,1.28,2745,2102,23.42,0.58,21.79
830720000H0472,2.3,1.2,0.516,0.564,24.5,2205,115,94.78,90.75,95.92
840960000D0030,2.25,1.1,0.512,0.68,6.62,3569,599,83.22,75.32,84.9
841360000A0447,2.25,1.1,0.474,0.58,2.72,622,251,59.65,30.39,63.18
831080000D0631,2.25,0.95,0.349,0.663,1.46,6850,4617,32.6,0.0,31.39
841300000B0935,2.0,1.25,0.509,0.45,4.61,11629,3077,73.54,41.24,78.3
841060000C1337,2.0,1.25,0.548,0.789,4.93,345,90,73.91,66.96,79.71
84073000AK0153,2.3,1.45,0.435,0.65,2.48,698,318,54.44,29.94,59.6
830430000G0697,2.15,1.0,0.501,0.495,2.38,6706,3321,50.48,0.0,57.99
262750000C0224,1.85,1.05,0.398,0.738,59.06,3130,48,98.47,97.92,98.31
840720000B0193,2.0,1.25,0.518,0.482,5.63,2329,525,77.46,53.2,82.22
841220000A0076,2.15,1.15,0.545,0.604,4.06,7832,2519,67.84,46.73,75.36
84102000AO0090,2.15,1.1,0.398,0.818,34.39,619,18,97.09,96.45,97.09
072910000B0592,2.25,1.6,0.547,0.451,4.2,563,188,66.61,25.93,76.2
840760000A0130,2.5,1.45,0.477,0.39,37.0,1036,32,96.91,92.08,97.3
830350000B1435,2.25,1.1,0.44,0.843,2.53,1342,544,59.46,51.94,60.51
840560000A0372,2.0,1.25,0.532,0.636,7.64,1528,252,83.51,74.08,86.91
262750000A0008,2.1,1.15,0.529,0.575,4.72,1957,518,73.53,53.96,78.79
840370000D0649,2.0,0.85,0.461,0.529,2.01,10315,5421,47.45,0.74,50.16
84118000AI0058,1.4,1.0,0.379,0.511,1.79,1760,880,50.0,2.16,44.09
13113000BD0022,2.0,1.25,0.545,0.625,4.4,16206,4817,70.28,52.43,77.29
13100000HT0223,1.65,1.15,0.436,0.445,2.31,7305,3290,54.96,0.0,56.62
840770000C0068,2.15,1.15,0.492,0.707,7.64,1642,248,84.9,78.62,86.91
830670000D2615,2.4,1.9,0.487,0.429,4.47,2983,828,72.24,35.37,77.61
841330000G0657,2.5,1.35,0.537,0.396,4.07,786,252,67.94,19.08,75.45
26367000AK0084,2.0,1.25,0.533,0.622,7.56,6400,1069,83.3,73.16,86.77
13072000AY0013,2.4,1.3,0.507,0.478,40.62,3534,110,96.89,93.49,97.54
26367000AN0113,2.0,1.25,0.494,0.553,7.09,1219,204,83.26,69.73,85.89
840420000F0440,2.3,1.4,0.526,0.45,5.09,545,140,74.31,42.94,80.37
83042000AA0091,2.2,1.75,0.591,0.487,3.21,321,147,54.21,5.92,68.85
26220000AC0001,2.0,1.25,0.513,0.468,3.8,14913,4890,67.21,29.99,73.67
831340000B0113,2.35,1.9,0.583,0.48,5.69,1758,458,73.95,45.73,82.42
840890000F0306,2.05,1.0,0.497,0.486,2.4,2273,1123,50.59,0.0,58.34
840770000B0870,2.15,1.15,0.544,0.584,2.89,658,303,53.95,21.12,65.35
830430000D0245,2.1,1.05,0.519,0.526,2.38,6069,3168,47.8,0.76,57.98
840160000B0813,2.0,1.1,0.387,0.671,1.54,1913,1238,35.28,3.5,35.13
840290000E0533,2.15,1.0,0.392,0.719,24.75,1188,46,96.13,94.61,95.96
840780000D0115,2.0,1.25,0.529,0.667,6.59,1890,354,81.27,71.9,84.81
84007000BS0275,2.0,1.15,0.383,0.394,13.07,196,13,93.37,83.16,92.35
831080000E0174,2.15,0.95,0.506,0.517,2.28,1729,894,48.29,0.0,56.22
261560000B1041,1.95,1.35,0.513,0.551,2.54,211,102,51.66,12.32,60.66
841460000B0743,2.0,1.25,0.512,0.525,4.39,1509,424,71.9,46.52,77.2
840870000O0321,1.75,1.25,0.476,0.689,19.96,4991,273,94.53,92.07,94.99
262750000B0117,2.0,1.25,0.39,0.865,1.8,2927,1691,42.23,33.17,44.48
840370000A0653,1.8,1.2,0.438,0.753,2.02,4122,2132,48.28,31.3,50.41
830270000B0865,2.0,1.25,0.522,0.564,3.8,612,199,67.48,42.32,73.69
84036000BC0218,2.05,1.1,0.499,0.495,2.48,1458,715,50.96,1.03,59.6
26345000AO0116,2.2,1.1,0.39,0.679,2.39,3876,1649,57.46,37.33,58.2
840370000A0396,1.9,1.15,0.404,0.633,1.88,3111,1712,44.97,13.05,46.9
830330000C1196,2.45,1.7,0.578,0.403,3.93,2130,793,62.77,7.65,74.55
84137000AC0119,2.35,1.05,0.54,0.585,2.34,2523,1412,44.03,4.32,57.27
840370000I0767,1.75,1.25,0.488,0.634,4.0,2007,555,72.35,56.4,74.99
831340000E0538,2.75,1.4,0.54,0.399,9.93,4708,627,86.68,66.59,89.93
262750000D0016,2.5,1.0,0.311,0.973,6.35,533,72,86.49,86.12,84.24
84082000AS0067,2.0,1.25,0.537,0.569,6.41,3494,700,79.97,64.77,84.4
831250000D1022,2.5,1.4,0.579,0.507,3.17,682,328,51.91,5.13,68.48
840190000G1118,2.2,1.1,0.345,0.845,4.23,220,49,77.73,73.64,76.36
830730000G0401,2.2,1.3,0.543,0.528,2.61,2119,1096,48.28,1.98,61.73
07228000AL0048,2.45,0.65,0.315,0.732,1.19,915,695,24.04,0.0,15.74
83097000AI0071,2.5,1.95,0.47,0.589,2.35,4066,2077,48.92,13.21,57.43
84029000AO0026,2.15,1.15,0.545,0.553,3.28,10953,4383,59.98,27.59,69.54
841220000H0549,2.05,1.2,0.382,0.888,6.07,1535,246,83.97,81.95,83.52
830370000C0817,2.45,1.45,0.548,0.398,12.38,15776,1700,89.22,72.94,91.92
840390000H0078,1.75,1.25,0.509,0.681,4.7,2003,497,75.19,63.55,78.73
840390000G0880,2.0,1.1,0.244,0.884,1.8,1397,778,44.31,37.01,44.31
841460000A0049,2.0,0.95,0.474,0.517,2.09,2761,1469,46.79,0.0,52.12
07152000AA0271,2.15,1.05,0.527,0.573,2.25,1148,622,45.82,5.49,55.57
841360000B0415,2.15,1.15,0.49,0.519,4.25,816,230,71.81,45.71,76.47
840450000C0046,2.0,1.25,0.532,0.638,5.11,1073,268,75.02,60.86,80.43
07317000AC0179,1.7,1.35,0.438,0.471,3.26,199,64,67.84,31.66,69.35
13069000AV0235,,,,,,,,,,
26345000AY0154,2.0,1.25,0.546,0.595,2.69,3343,1657,50.43,16.66,62.85
841260000B0365,1.7,1.15,0.382,0.405,11.12,1390,126,90.94,77.63,91.01
840490000E0206,2.1,1.1,0.324,0.745,1.37,443,321,27.54,2.71,26.86
841380000F0627,2.5,0.85,0.27,0.818,1.1,1651,1358,17.75,0.0,9.27
840700000C0543,2.3,1.05,0.432,0.74,25.22,933,37,96.03,94.64,96.03
841060000E0236,1.9,1.3,0.468,0.677,20.3,1157,63,94.55,91.96,95.07
840490000A0450,1.55,1.4,0.332,0.73,29.18,817,27,96.7,95.47,96.57
841000000A0252,2.25,1.1,0.399,0.621,7.17,129,18,86.05,77.52,86.05
83047000AX0424,2.35,1.2,0.517,0.542,2.3,2324,1250,46.21,0.82,56.54
84073000AI0379,2.2,1.45,0.571,0.699,6.84,924,188,79.65,70.89,85.39
83086000AA0103,2.5,1.2,0.535,0.392,3.5,1559,594,61.9,2.89,71.46
261880000C1148,2.0,1.25,0.532,0.656,3.82,776,257,66.88,49.48,73.84
83061000AS0996,2.15,1.25,0.543,0.462,2.88,11765,5438,53.78,0.0,65.24
841500000B0489,2.3,1.05,0.389,0.961,21.0,9157,391,95.73,95.56,95.24
841500000B0965,2.25,1.05,0.351,0.822,19.1,1643,74,95.5,94.52,94.77
07324000AY0261,1.75,0.9,0.418,0.555,1.76,646,351,45.67,2.17,43.19
831080000D0112,2.5,0.85,0.375,0.703,1.34,3081,2195,28.76,0.0,25.28
261880000C1032,1.7,1.2,0.416,0.685,19.96,1038,50,95.18,92.97,94.99
83097000AN0276,2.5,1.4,0.445,0.638,1.8,1713,1073,37.36,1.75,44.54
262750000F0064,2.2,1.0,0.335,0.773,1.23,1724,1353,21.52,0.0,18.68
07313000AH0283,2.15,0.7,0.314,0.729,1.25,1036,761,26.54,0.0,19.69
83101000BD0032,2.5,1.8,0.561,0.372,6.7,1339,283,78.86,43.24,85.06
072910000B0594,2.7,1.45,0.562,0.417,4.64,1349,419,68.94,25.57,78.43
840300000D0558,2.15,1.15,0.486,0.813,3.95,446,126,71.75,65.25,74.66
840290000B1669,2.25,1.1,0.553,0.538,2.74,1823,925,49.26,5.76,63.47
841060000E0262,1.85,1.35,0.471,0.758,16.9,1132,72,93.64,91.61,94.08
841260000E0446,2.15,1.15,0.541,0.517,3.6,3358,1207,64.06,30.49,72.25
830080000E0406,2.15,0.95,0.491,0.504,2.32,4223,2106,50.13,1.09,56.81
840720000B0353,,,,,,,,,,
830060000A0470,1.65,1.5,0.362,0.575,14.41,317,23,92.74,87.38,93.06
840890000C0130,2.35,1.35,0.565,0.439,3.29,1719,756,56.02,0.0,69.63
83096000AD0228,2.4,1.65,0.535,0.535,4.15,706,230,67.42,39.09,75.92
840960000B0509,2.2,1.1,0.479,0.467,3.77,2382,720,69.77,35.22,73.47
840870000B0600,2.45,0.7,0.166,0.5,20.38,265,7,97.36,94.72,95.09
840720000B0446,1.95,1.25,0.509,0.512,6.92,4854,858,82.32,65.49,85.56
841220000B1287,1.75,1.0,0.137,0.8,230.25,921,4,99.57,99.46,99.57
83050000BL0020,2.35,1.05,0.476,0.742,1.53,868,631,27.3,2.07,34.45
831080000E0072,2.5,1.55,0.42,0.591,1.87,2489,1456,41.5,1.04,46.4
830350000E1514,2.0,0.85,0.471,0.549,1.91,940,533,43.3,0.0,47.77
07281000AH0583,2.05,1.1,0.392,0.435,25.5,459,20,95.64,89.98,96.08
84046000AC0015,2.3,1.05,0.472,0.745,1.65,3395,2228,34.37,11.93,39.23
83101000AK0098,2.3,1.65,0.578,0.409,3.67,24050,9665,59.81,1.65,72.72
840870000G0628,1.7,1.25,0.48,0.626,6.87,3043,486,84.03,74.5,85.44
84028000AD0220,2.0,1.25,0.391,0.714,2.0,824,437,46.97,25.73,50.12
84122000AS0270,2.25,1.1,0.377,0.762,1.66,466,282,39.48,20.6,39.7
840190000I0711,1.9,1.25,0.461,0.714,19.94,638,35,94.51,92.32,94.98
840780000D0768,2.2,1.1,0.409,0.948,5.21,4976,899,81.93,80.95,80.79
07228000AA0043,2.1,1.05,0.512,0.482,2.57,2237,1070,52.17,0.72,61.06
830570000C0217,2.5,1.45,0.45,0.764,4.59,1674,417,75.09,67.38,78.2
261820000A0432,1.9,1.2,0.359,0.667,13.36,187,14,92.51,88.77,92.51
072450000D0829,1.6,0.8,0.362,0.538,1.58,481,276,42.62,0.0,36.59
830040000G0184,,,,,,,,,,
84104000AL0084,2.15,1.15,0.545,0.738,4.98,3879,984,74.63,65.64,79.92
830950000H0546,1.85,1.25,0.395,0.377,111.89,2126,20,99.06,97.51,99.11
841060000E0287,2.0,1.2,0.465,0.83,9.44,3068,342,88.85,86.57,89.41
841380000M0071,2.0,1.15,0.447,0.406,11.91,2072,188,90.93,77.65,91.6
840490000C0065,2.0,1.25,0.499,0.497,5.42,2924,646,77.91,55.51,81.57
263570000E0014,2.15,1.15,0.465,0.873,4.04,1362,356,73.86,70.04,75.26
261820000A0184,2.45,1.0,0.391,0.684,1.55,2071,1320,36.26,6.76,35.39
831080000E0059,2.05,1.15,0.514,0.48,2.67,2664,1269,52.36,0.68,62.5
830350000B0624,2.25,1.1,0.422,0.746,2.48,1655,691,58.25,44.05,59.64
13032000BS0078,1.95,1.25,0.506,0.52,5.79,2770,579,79.1,59.82,82.74
831540000C0286,,,,,,,,,,
84081000BE0094,2.0,1.1,0.496,0.487,2.48,1399,680,51.39,0.29,59.76
831080000F0171,2.15,1.1,0.526,0.525,2.56,645,324,49.77,4.34,60.93
830490000E0847,2.1,1.1,0.511,0.461,2.69,3929,1818,53.73,0.0,62.76
831000000D0832,2.2,1.5,0.58,0.489,3.07,1621,789,51.33,0.43,67.43
840890000I3091,2.45,1.45,0.569,0.5,18.56,16886,1277,92.44,84.88,94.61
261560000B0005,2.2,1.7,0.568,0.607,4.58,948,298,68.57,48.21,78.16
840470000D0207,2.05,1.2,0.522,0.576,4.15,465,140,69.89,47.74,75.91
84137000AV0040,2.25,1.05,0.464,0.5,12.26,1630,152,90.67,81.35,91.84
831480000I0295,2.1,1.35,0.506,0.522,13.05,1684,156,90.74,82.24,92.34
13056000DP0107,1.8,0.95,0.438,0.512,2.0,7084,3622,48.87,0.11,50.01
13082000CN0142,2.5,1.0,0.384,0.622,1.84,3825,2066,45.99,13.15,45.54
841340000C0239,2.1,1.1,0.27,0.745,2.6,10583,4124,61.03,47.73,61.49
263570000L0066,1.85,1.25,0.464,0.488,3.72,324,98,69.75,37.96,73.15
841260000A0291,2.15,1.15,0.536,0.637,3.28,742,284,61.73,39.89,69.54
840370000C0027,1.5,1.3,0.35,0.628,3.9,441,115,73.92,58.5,74.38
840390000H0217,2.0,1.1,0.506,0.616,2.75,627,266,57.58,31.1,63.64
130920000C0736,2.25,1.0,0.403,0.406,8.78,571,65,88.62,71.98,88.62
262750000I0150,2.0,1.25,0.535,0.626,4.54,1970,555,71.83,54.97,77.97
071520000A0531,1.4,0.95,0.375,0.587,1.51,334,199,40.42,0.0,33.83
840390000C0701,2.0,1.05,0.384,0.96,5.52,1904,315,83.46,82.77,81.88
830040000F0714,2.4,1.8,0.554,0.405,7.93,1539,272,82.33,56.4,87.39
262330000A0215,2.25,1.1,0.549,0.548,2.89,2858,1306,54.3,16.62,65.4
26317000AL0455,2.0,1.25,0.533,0.723,4.94,1313,332,74.71,65.04,79.74
831240000H1018,2.15,1.4,0.54,0.43,3.05,2326,1002,56.92,0.0,67.24
262750000K0044,2.15,1.15,0.559,0.602,2.79,5953,2903,51.23,19.05,64.12
263220000A0270,1.95,1.25,0.489,0.565,9.78,841,100,88.11,78.95,89.77
070700000A0171,2.0,1.15,0.5,0.532,2.44,4768,2267,52.45,10.57,58.93
830350000A0996,1.65,0.9,0.409,0.522,1.77,3409,1780,47.79,0.0,43.39
26345000AM0003,2.2,0.9,0.336,0.748,1.28,798,597,25.19,0.0,21.93
84008000AC0132,2.15,1.15,0.447,0.71,4.39,1810,458,74.7,64.36,77.24
840450000B0315,2.0,1.25,0.544,0.608,4.34,8993,2675,70.25,51.11,76.98
841260000E0710,2.4,1.0,0.434,0.511,15.67,721,47,93.48,87.24,93.62
84069000AB0116,1.5,1.2,0.382,0.615,41.07,1725,40,97.68,96.23,97.57
831000000E0759,1.75,1.0,0.444,0.491,2.11,1617,787,51.33,0.93,52.63
840490000E0207,2.1,1.05,0.318,0.733,1.32,714,532,25.49,0.0,24.09
830320000C0971,2.35,1.5,0.554,0.415,9.25,3367,491,85.42,64.84,89.19
840960000F0755,2.0,1.2,0.459,0.554,7.92,824,113,86.29,75.24,87.38
84018000AH0242,2.0,1.25,0.525,0.553,3.8,2656,886,66.64,39.68,73.68
840890000I0786,2.2,1.35,0.552,0.546,5.89,1214,279,77.02,57.91,83.03
072910000A0955,2.4,1.45,0.54,0.388,5.6,375,90,76.0,38.13,82.13
83123000AC0659,2.15,1.15,0.432,0.651,5.42,374,71,81.02,70.86,81.55
830850000E0028,2.25,1.25,0.544,0.406,3.49,1349,534,60.42,2.45,71.31
83048000AA0002,1.85,1.6,0.435,0.457,28.77,1007,37,96.33,91.96,96.52
84003000BZ0119,2.2,1.3,0.544,0.454,2.99,4505,1950,56.71,4.75,66.53
841480000A1174,2.3,1.05,0.331,0.826,1.73,268,152,43.28,31.34,42.16
84036000AZ0074,2.0,1.25,0.5,0.674,1.82,744,467,37.23,6.85,45.03
841380000O0621,1.95,1.25,0.526,0.597,10.01,19831,2447,87.66,79.32,90.01
840370000F0294,1.8,0.95,0.345,0.719,13.96,363,23,93.66,91.18,92.84
261880000D0714,2.35,0.95,0.299,0.406,171.77,2233,13,99.42,98.57,99.42
840960000E0597,2.15,1.15,0.543,0.647,3.22,1811,748,58.7,36.17,68.91
840250000D0563,1.7,1.4,0.427,0.637,59.82,2931,51,98.26,97.27,98.33
830270000E0220,1.95,1.25,0.533,0.613,4.79,4409,1178,73.28,56.41,79.11
840450000C0302,2.25,1.1,0.482,0.655,6.66,892,154,82.74,73.65,84.98
841220000B0083,2.35,1.0,0.46,0.7,35.58,1957,56,97.14,95.91,97.19
830330000B0825,2.25,1.2,0.533,0.46,2.87,3208,1453,54.71,1.59,65.12
26113000AP0059,1.95,1.1,0.444,0.4,11.09,4680,467,90.02,75.04,90.98
072910000A0877,,,,,,,,,,
84106000ZB0092,1.95,1.25,0.513,0.602,4.06,1648,494,70.02,50.24,75.36
830320000B0382,2.3,1.9,0.536,0.406,10.65,1438,177,87.69,69.68,90.61
830890000D0394,2.2,1.4,0.571,0.497,2.97,4174,2030,51.37,2.06,66.34
841360000C0480,2.1,1.15,0.486,0.468,3.59,427,140,67.21,29.98,72.13
840870000L0892,1.95,1.1,0.484,0.694,2.96,3800,1357,64.29,48.58,66.24
840700000C0770,2.5,1.0,0.344,0.676,3.33,313,98,68.69,53.67,69.97
840390000A0333,1.8,1.2,0.492,0.603,5.07,2759,610,77.89,63.32,80.28
84141000AT0043,1.55,1.1,0.368,0.603,55.06,1872,35,98.13,96.9,98.18
830190000G0404,2.35,1.5,0.544,0.371,4.11,4076,1360,66.63,9.96,75.66
84104000AO0414,1.7,1.2,0.443,0.712,13.28,1341,99,92.62,89.63,92.47
13082000AL0059,2.5,1.0,0.386,0.814,2.19,4201,1835,56.32,46.37,54.25
840370000D0483,1.95,1.1,0.455,0.458,5.26,1783,372,79.14,54.46,80.99
072910000A0676,2.15,1.25,0.548,0.538,2.44,2788,1538,44.84,0.0,59.04
841360000C1270,2.35,1.05,0.448,0.462,4.75,261,60,77.01,50.19,78.93
83119000AW0149,2.3,1.0,0.41,0.52,2.0,1398,728,47.93,0.0,50.07
830830000A1214,1.75,0.95,0.098,1.0,490.0,1470,3,99.8,99.8,99.8
840160000A0550,2.0,1.1,0.443,0.667,11.07,454,40,91.19,86.78,90.97
840370000B0670,1.75,1.1,0.414,0.583,29.85,2030,67,96.7,94.33,96.65
840780000C0188,1.3,1.05,0.265,0.739,24.67,518,17,96.72,95.56,95.95
840200000B1033,2.35,1.15,0.477,0.399,9.62,2175,256,88.23,70.53,89.61
84082000BM0290,2.2,1.1,0.413,0.814,1.79,1028,587,42.9,29.86,44.26
841090000B0110,1.7,1.35,0.368,0.409,15.11,136,9,93.38,83.82,93.38
840020000C0614,2.25,1.45,0.579,0.5,3.83,2794,1073,61.6,23.12,73.91
841150000B0549,2.3,1.05,0.331,0.681,1.52,653,433,33.69,2.6,34.15
830950000H0371,2.35,1.8,0.527,0.387,15.28,993,92,90.74,76.03,93.45
841360000B1064,,,,,,,,,,
072590000B0182,2.0,1.25,0.499,0.595,11.35,919,97,89.45,82.26,91.19
83027000AH0149,2.0,1.05,0.494,0.508,2.31,3853,1942,49.6,0.83,56.63
840220000B0341,2.25,1.1,0.399,0.845,3.59,937,250,73.32,68.41,72.15
83119000BD0270,2.15,0.9,0.51,0.533,2.29,6489,3465,46.6,0.0,56.28
841260000F0043,2.0,1.25,0.519,0.521,3.33,1035,388,62.51,28.02,69.95
840370000E0599,1.9,1.15,0.498,0.607,3.0,1268,498,60.73,35.25,66.64
131150000F0154,2.0,1.2,0.505,0.719,28.52,7015,279,96.02,94.47,96.49
830310000H0286,2.25,1.2,0.489,0.377,12.89,2940,276,90.61,75.07,92.24
840870000B0945,2.0,1.05,0.33,0.872,6.09,1358,212,84.39,82.11,83.58
840160000A0755,2.0,1.1,0.389,0.726,4.91,1590,310,80.5,73.14,79.62
841060000A0458,1.8,0.85,0.44,0.546,1.8,796,435,45.35,0.0,44.6
830260000C0249,2.25,1.55,0.511,0.422,8.41,715,109,84.76,63.92,88.11
13014000CY0144,1.8,1.15,0.432,0.381,26.16,4238,168,96.04,89.59,96.18
830450000B0125,1.35,1.95,0.154,0.625,313.0,1565,5,99.68,99.49,99.68
130590000G0470,2.05,1.0,0.482,0.48,2.35,6259,3026,51.65,0.0,57.44
83101000AR0337,2.4,1.25,0.454,0.443,2.66,1486,652,56.12,1.01,62.38
26367000AO0096,2.15,1.15,0.487,0.708,29.52,1801,75,95.84,94.11,96.61
13079000AL0038,2.5,0.75,0.351,0.645,1.4,1347,878,34.82,0.0,28.66
840870000K0731,1.75,1.25,0.506,0.687,4.36,10581,2764,73.88,62.0,77.06
830850000D0564,2.4,1.9,0.578,0.455,3.71,1112,440,60.43,13.04,73.02
841380000K0024,2.05,1.2,0.526,0.522,2.39,9709,5110,47.37,0.0,58.12
840390000D0160,2.1,0.95,0.507,0.603,1.95,1329,803,39.58,0.0,48.83
84024000AH0173,2.4,1.25,0.51,0.515,11.79,1332,140,89.49,79.58,91.52
84028000AD0170,1.8,1.25,0.458,0.441,2.6,1975,832,57.87,4.46,61.47
83101000AC0042,2.45,1.55,0.562,0.499,2.95,1411,669,52.59,5.03,66.12
07264000AR0380,1.75,1.1,0.081,0.571,198.5,794,4,99.5,99.12,99.5
830190000G0547,2.25,1.1,0.532,0.484,2.66,7443,3637,51.14,0.0,62.38
841360000A0179,2.25,1.1,0.343,0.907,2.9,374,127,66.04,62.57,65.51
84008000AI0245,2.0,1.25,0.53,0.549,3.04,11786,4959,57.92,23.32,67.09
840120000B0660,2.0,1.25,0.509,0.463,4.19,6012,1754,70.83,37.03,76.11
840450000B0339,2.35,1.05,0.3,0.4,13.3,133,10,92.48,81.2,92.48
84003000CM0001,2.25,1.45,0.569,0.433,3.3,15217,6558,56.9,0.54,69.69
070990000F0180,2.5,1.45,0.556,0.464,6.4,2491,528,78.8,54.28,84.38
263570000S0089,1.4,1.1,0.255,0.667,493.33,5920,10,99.83,99.75,99.8
073120000C0601,1.8,1.25,0.499,0.693,3.33,875,307,64.91,49.37,69.94
840900000D0095,2.5,1.4,0.463,0.654,1.8,3111,1991,36.0,2.09,44.52
26054000AE0062,2.1,1.15,0.351,0.714,1.81,274,157,42.7,19.71,44.89
830940000G0040,2.15,1.45,0.518,0.395,4.67,500,136,72.8,31.2,78.6
83068000AS0008,2.25,1.4,0.583,0.507,2.98,8761,4408,49.69,0.7,66.43
830850000D0126,2.25,1.65,0.584,0.492,3.03,869,427,50.86,0.12,66.97
83086000AB0007,2.25,1.2,0.53,0.509,2.42,1170,596,49.06,0.0,58.72
830310000C0446,1.6,1.25,0.267,0.6,43.44,391,9,97.7,96.16,97.7
840300000A0172,2.15,1.05,0.299,0.846,55.45,610,11,98.2,97.87,98.2
830180000C0523,2.5,1.7,0.516,0.56,2.37,1798,946,47.39,6.06,57.79
13082000AK0134,2.0,1.25,0.512,0.463,2.76,2130,954,55.21,3.33,63.71
840370000D0768,,,,,,,,,,
263480000D0278,2.05,1.2,0.521,0.514,5.21,4401,1075,75.57,52.44,80.8
261800000C0362,2.4,1.0,0.335,0.831,8.77,6654,685,89.71,87.62,88.59
841480000B0067,2.35,1.05,0.477,0.505,2.39,753,370,50.86,2.66,58.17
841170000B0562,2.15,1.05,0.383,0.653,1.51,814,548,32.68,0.0,33.66
841380000O0430,2.35,1.05,0.45,0.884,5.78,1132,205,81.89,79.51,82.69
073120000B0512,2.2,1.0,0.509,0.651,2.38,581,286,50.77,24.44,58.0
841170000C0129,2.05,1.2,0.498,0.694,4.5,324,84,74.07,62.65,77.78
84031000AM0309,2.25,1.1,0.433,0.598,4.08,2231,611,72.61,54.19,75.48
84137000AY0016,2.0,1.25,0.526,0.523,6.63,13051,2486,80.95,63.57,84.93
840100000B0556,2.45,1.05,0.335,0.833,10.1,101,10,90.1,88.12,90.1
830460000D0916,2.1,1.85,0.472,0.385,16.94,542,37,93.17,82.29,94.1
26345000BD0144,1.8,1.2,0.439,0.637,11.18,1073,107,90.03,84.34,91.05
84118000AB0005,2.5,0.95,0.301,0.919,6.31,2587,340,86.86,85.7,84.15
840610000B0433,1.85,1.3,0.461,0.633,6.24,418,76,81.82,71.29,83.97
840190000D1108,2.15,1.15,0.368,0.75,1.59,3198,2036,36.34,15.1,36.96
07264000AE0028,2.0,1.25,0.531,0.538,3.03,4024,1688,58.05,21.99,67.0
840450000B0331,1.45,0.95,0.312,0.402,42.34,2117,47,97.78,94.47,97.64
840910000D0784,1.5,1.15,0.37,0.61,42.08,1557,36,97.69,96.21,97.62
840160000A1930,2.15,1.0,0.253,0.778,7.73,116,14,87.93,84.48,87.07
830880000B0164,2.75,1.3,0.521,0.513,28.22,1778,79,95.56,91.34,96.46
841380000O0394,1.4,0.95,0.289,0.692,13.4,402,27,93.28,90.3,92.54
84050000AH0266,,,,,,,,,,
830490000D2143,2.3,1.2,0.542,0.461,2.85,1401,644,54.03,0.29,64.88
841340000C0667,2.45,1.0,0.455,0.693,7.41,16799,2359,85.96,79.73,86.51
263570000Y0493,1.95,1.25,0.52,0.555,4.8,5986,1579,73.62,52.51,79.17
263570000P0280,1.95,1.25,0.514,0.587,2.9,778,330,57.58,27.76,65.55
070700000A1016,1.9,1.2,0.473,0.582,3.51,3826,1254,67.22,43.65,71.54
26377000AI0282,2.2,1.1,0.501,0.647,13.5,1890,154,91.85,87.41,92.59
831000000E0753,2.5,0.75,0.453,0.542,1.84,18555,10364,44.14,0.0,45.6
840890000I3189,2.25,1.45,0.56,0.402,3.55,4537,1798,60.37,1.52,71.85
840200000B0387,1.3,1.2,0.374,0.628,159.53,14517,76,99.48,99.17,99.37
841330000A0921,2.5,0.9,0.343,0.62,1.56,5193,3170,38.96,1.62,35.76
262850000C0855,2.1,1.15,0.529,0.622,4.83,1488,396,73.39,57.19,79.3
840490000A0865,2.0,1.1,0.329,0.674,1.43,507,347,31.56,0.0,30.18
830830000C0416,2.5,1.2,0.465,0.924,12.05,783,73,90.68,89.91,91.7
840140000I0164,2.25,1.3,0.563,0.454,3.2,1138,521,54.22,0.0,68.72
830310000F0420,1.75,1.7,0.304,0.45,17.0,153,9,94.12,86.93,94.12
830830000A0296,2.45,1.35,0.482,0.533,37.61,1053,32,96.96,94.3,97.34
26165000ZE0204,2.0,1.25,0.539,0.595,3.01,28088,12092,56.95,27.68,66.77
840390000E0260,2.2,0.65,0.237,0.745,1.2,3087,2280,26.14,0.91,16.36
262750000F0040,2.3,0.9,0.282,0.774,1.2,3038,2374,21.86,0.0,16.75
841090000B0275,1.55,1.3,0.422,0.658,12.81,1358,100,92.64,88.81,92.19
841220000A0079,2.2,1.1,0.355,0.721,3.67,169,44,73.96,63.91,72.78
263570000O0043,2.2,1.1,0.549,0.579,2.78,726,350,51.79,16.8,64.05
073430000C0295,2.2,1.4,0.546,0.408,3.96,3945,1322,66.49,17.79,74.73
26179000ZB0056,2.2,1.0,0.509,0.612,2.01,4229,2548,39.75,1.58,50.32
83096000AB0191,2.5,1.35,0.509,0.63,2.03,1929,1185,38.57,2.54,50.7
841500000B0995,2.15,1.15,0.54,0.517,2.55,5687,2949,48.14,0.0,60.86
840940000F0215,2.35,1.05,0.372,0.818,3.0,2703,845,68.74,61.78,66.67
263570000P0095,2.0,1.25,0.451,0.873,2.87,382,144,62.3,56.81,65.18
841380000K0238,1.95,1.15,0.463,0.476,33.25,4322,149,96.55,92.76,96.99
84129000AM0055,2.0,1.1,0.437,0.819,4.29,3753,903,75.94,70.61,76.69
84137000AI0019,2.25,1.1,0.511,0.659,4.68,3128,793,74.65,61.54,78.61
263570000C0059,2.15,1.15,0.422,0.742,2.04,1256,654,47.93,29.86,50.96
840370000A0891,2.2,1.0,0.454,0.407,5.62,506,92,81.82,55.34,82.21
840980000A0325,2.2,1.1,0.486,0.719,2.84,715,279,60.98,45.73,64.76
841220000A0736,2.0,1.2,0.47,0.636,15.0,675,49,92.74,88.59,93.33
07279000AO0428,2.35,1.25,0.537,0.444,2.94,4744,2078,56.2,1.31,65.98
830350000E2347,2.05,1.2,0.488,0.585,3.1,2536,964,61.99,35.02,67.74
840370000E0062,2.0,1.1,0.398,0.827,3.19,2948,888,69.88,63.57,68.62
83116000AY0007,2.45,1.3,0.566,0.497,2.91,4005,1944,51.46,2.25,65.64
841330000F1692,2.45,1.35,0.55,0.572,4.34,2997,942,68.57,45.01,76.98
840450000A0149,2.0,1.25,0.503,0.55,4.22,481,144,70.06,45.53,76.3
830650000A1087,2.7,1.35,0.535,0.394,15.74,4172,345,91.73,79.0,93.65
84102000CB0059,2.0,1.25,0.545,0.614,4.28,7118,2190,69.23,49.86,76.65
830940000G0260,2.1,1.1,0.519,0.521,2.4,1009,523,48.17,0.5,58.28
830910000B0686,2.2,1.75,0.582,0.382,4.75,1187,372,68.66,18.03,78.94
261100000A0526,1.65,1.45,0.455,0.512,2.21,854,429,49.77,1.87,54.68
83101000BI0080,2.25,1.75,0.573,0.383,4.65,22459,7016,68.76,18.36,78.51
840160000A1072,2.2,1.0,0.513,0.646,2.25,133,73,45.11,15.04,55.64
263570000K0030,2.2,1.1,0.55,0.56,2.42,1964,1101,43.94,0.0,58.66
07042000AZ0228,2.25,1.0,0.408,0.903,9.48,910,102,88.79,87.58,89.45
840610000B0009,2.0,1.25,0.519,0.74,12.49,3173,291,90.83,87.61,91.99
830450000E0055,2.4,1.25,0.361,0.807,14.49,1913,134,93.0,91.32,93.1
840400000C0909,2.4,1.0,0.413,0.417,4.65,93,20,78.49,48.39,78.49
13037000AW0008,2.0,1.25,0.538,0.633,3.89,3371,1132,66.42,46.96,74.28
073450000D0846,2.15,0.95,0.437,0.438,2.12,229,103,55.02,0.0,52.84
841170000A0322,2.0,1.2,0.5,0.546,2.93,575,231,59.83,26.43,65.91
841170000A0206,1.2,1.0,0.254,0.72,52.17,1200,18,98.5,97.92,98.08
84036000AZ0149,2.0,1.25,0.483,0.427,7.24,1572,254,83.84,62.15,86.2
831000000A0473,1.95,1.0,0.466,0.474,2.31,5918,2828,52.21,0.0,56.64
83149000AK0288,2.4,2.25,0.503,0.516,6.47,466,81,82.62,66.31,84.55
263480000D0513,2.15,1.15,0.546,0.561,3.37,2176,858,60.57,29.69,70.31
840220000B0400,2.05,1.2,0.483,0.454,3.21,639,241,62.28,16.9,68.86
840220000B0689,2.15,1.15,0.546,0.583,2.7,1840,917,50.16,14.46,62.99
840200000B0622,,,,,,,,,,
841500000B0169,1.9,1.25,0.505,0.719,20.25,2106,120,94.3,92.07,95.06
261920000B0228,,,,,,,,,,
261800000C0610,2.0,1.25,0.529,0.617,9.74,3732,479,87.17,79.21,89.74
840490000E0552,1.85,1.25,0.486,0.713,9.04,759,97,87.22,82.08,88.93
84088000BL0256,2.15,1.15,0.465,0.719,6.48,272,46,83.09,76.47,84.56
83047000AN0119,2.45,1.45,0.499,0.521,2.41,1980,998,49.6,3.23,58.59
071690000C0697,1.4,1.05,0.404,0.525,1.7,1425,760,46.67,0.0,41.05
840490000E1023,2.3,1.05,0.286,0.729,1.58,6374,3918,38.53,15.74,36.81
83071000BL0014,2.25,1.25,0.522,0.396,3.76,763,249,67.37,17.56,73.39
07070000AH0216,,,,,,,,,,
841380000N0218,2.25,1.1,0.36,0.922,6.75,675,95,85.93,84.74,85.19
840220000B0366,1.95,1.25,0.507,0.562,8.39,1669,248,85.14,73.58,88.08
84104000AO0231,2.25,1.1,0.505,0.431,4.09,503,149,70.38,31.21,75.55
070990000D0485,2.3,1.75,0.573,0.413,4.73,2846,890,68.73,24.24,78.85
84149000AB0036,2.15,1.15,0.374,0.845,2.49,5662,2277,59.78,52.42,59.89
830180000D0786,2.15,1.55,0.476,0.374,25.17,1510,70,95.36,87.62,96.03
263570000M0159,2.0,0.95,0.485,0.549,2.04,1823,1000,45.15,0.16,50.96
84028000AX0020,2.0,1.25,0.493,0.777,12.27,1031,94,90.88,88.26,91.85
830650000A1930,2.25,1.4,0.557,0.42,3.53,8173,3223,60.57,6.06,71.69
841260000F0289,2.1,1.15,0.48,0.702,3.48,946,309,67.34,53.49,71.25
830690000D1073,2.2,1.5,0.572,0.454,3.4,6432,2712,57.84,7.12,70.63
831110000A0127,1.8,1.25,0.421,0.787,30.62,1133,37,96.73,95.85,96.73
26377000AS0368,2.5,1.0,0.316,0.812,1.97,879,416,52.67,41.75,49.15
840490000C0452,2.05,1.2,0.519,0.525,5.64,8989,1989,77.87,57.89,82.28
841380000K0359,1.95,1.25,0.517,0.648,20.98,15693,880,94.39,91.35,95.23
840870000B0089,1.9,1.15,0.515,0.666,2.66,2317,1035,55.33,32.89,62.45
830880000B0218,2.45,0.8,0.348,0.693,1.4,2544,1712,32.7,2.87,28.69
840200000B0307,2.5,1.35,0.557,0.475,6.83,4758,950,80.03,57.92,85.35
26071000ZH0005,2.2,0.95,0.525,0.534,2.37,8101,4288,47.07,0.96,57.8
841270000E0560,2.2,1.1,0.357,0.906,5.31,977,174,82.19,80.35,81.17
841060000B1469,2.2,0.95,0.302,1.0,33.17,1161,27,97.67,97.67,96.99
840870000B0625,2.2,0.9,0.256,0.733,3.43,48,11,77.08,68.75,70.83
84058000AL0191,2.3,1.35,0.573,0.58,5.79,4281,1052,75.43,57.6,82.71
840390000G0300,2.0,1.05,0.382,0.609,1.64,1853,1123,39.4,0.43,38.91
840290000C0818,2.5,1.0,0.283,0.781,2.1,807,368,54.4,41.64,52.29
841170000A0537,2.1,1.15,0.427,0.745,5.9,2378,410,82.76,76.87,83.05
840970000C0215,2.4,1.0,0.512,0.631,2.19,3655,2026,44.57,12.18,54.36
830910000B0234,2.4,1.1,0.47,0.56,2.03,3107,1752,43.61,0.0,50.85
13082000BS0009,2.0,1.25,0.518,0.472,3.03,2581,1085,57.96,11.0,66.95
070510000A2418,1.2,1.0,0.288,0.595,56.84,1762,22,98.75,97.9,98.24
840390000F1139,1.7,1.25,0.445,0.682,9.07,644,75,88.35,82.92,88.98
26377000AK0330,2.4,1.0,0.455,0.482,3.51,2490,760,69.48,36.63,71.53
261820000G0618,2.2,1.1,0.521,0.56,2.62,3366,1548,54.01,17.86,61.79
840370000A0198,1.85,1.15,0.441,0.46,4.17,1150,295,74.35,44.17,76.0
841160000A0136,2.15,1.15,0.513,0.619,7.76,2336,361,84.55,75.04,87.11
841150000B0744,2.0,1.25,0.533,0.594,5.86,2578,566,78.04,63.03,82.93
830430000H0503,1.85,1.0,0.469,0.494,2.19,867,429,50.52,0.0,54.44
261820000F0895,2.0,1.0,0.491,0.521,2.19,1902,988,48.05,0.26,54.36
84007000BS0030,2.0,1.25,0.529,0.573,3.75,7209,2455,65.95,40.6,73.33
83026000AB0932,2.35,1.7,0.501,0.458,3.05,67,27,59.7,11.94,67.16
830330000C0418,2.3,1.15,0.485,0.381,8.62,1173,159,86.45,64.45,88.41
840300000B0471,1.95,1.25,0.468,0.48,12.0,852,84,90.14,79.46,91.67
07264000AX0158,,,,,,,,,,
84138000BL0028,1.95,1.25,0.498,0.638,20.64,3034,169,94.43,91.27,95.15
070990000D0898,1.55,1.2,0.395,0.52,26.23,3252,127,96.09,92.5,96.19
830350000E0551,2.15,1.15,0.546,0.612,3.78,3527,1209,65.72,44.03,73.58
840170000C1270,2.15,1.15,0.544,0.661,5.21,2614,648,75.21,62.51,80.8
84028000AH0015,2.0,1.25,0.533,0.614,3.96,1157,384,66.81,45.98,74.76
840300000D0970,2.2,1.1,0.398,0.862,4.6,2029,431,78.76,75.36,78.27
84104000AO0035,2.15,0.8,0.497,0.581,1.96,1340,776,42.09,0.3,48.96
840960000B0118,2.25,1.1,0.459,0.673,1.96,1123,631,43.81,16.47,49.07
840560000F0197,2.0,1.25,0.407,0.957,5.67,1531,270,82.36,81.58,82.36
840960000C0759,2.2,0.85,0.519,0.647,1.89,2949,1901,35.54,0.37,47.13
84149000AV0017,2.05,1.2,0.541,0.715,12.95,8544,828,90.31,86.45,92.28
84024000AI0012,2.2,1.0,0.531,0.507,2.52,1706,879,48.48,0.0,60.32
831350000E0174,2.5,1.15,0.372,0.38,40.8,1224,30,97.55,93.55,97.55
840490000C0163,2.2,1.1,0.493,0.553,8.94,1914,241,87.41,77.22,88.82
26054000AR0346,2.3,1.0,0.212,0.583,50.43,353,7,98.02,96.6,98.02
840420000F0528,2.4,1.45,0.563,0.499,3.52,858,346,59.67,19.11,71.56
831540000E1656,2.35,0.8,0.251,0.412,103.2,1032,7,99.32,98.35,99.03
840970000D0009,1.75,1.15,0.441,0.706,12.46,1034,84,91.88,88.49,91.97
84069000BC0195,2.25,1.1,0.45,0.485,13.33,1213,99,91.84,83.18,92.5
830790000A2473,1.5,0.85,0.364,0.483,1.78,14175,6852,51.66,0.0,43.87
84028000AL0036,2.0,1.25,0.549,0.687,6.27,6868,1394,79.7,70.47,84.04
07324000AD0404,1.8,1.25,0.487,0.525,2.12,1732,910,47.46,0.0,52.83
840390000G0887,2.15,1.0,0.483,0.872,1.91,1554,879,43.44,35.14,47.68
830450000H0082,2.3,1.85,0.339,0.562,51.22,461,9,98.05,96.53,98.05
84127000AA0044,2.0,1.25,0.541,0.575,4.02,7759,2463,68.26,44.76,75.14
840770000B0932,1.3,1.2,0.274,0.511,22.4,672,24,96.43,93.01,95.54
840290000E1190,2.0,1.25,0.538,0.62,5.07,10276,2609,74.61,59.05,80.29
830830000C0370,2.35,1.35,0.477,0.409,23.16,1181,61,94.83,87.38,95.68
830450000D0547,2.2,1.55,0.544,0.443,8.35,3157,502,84.1,64.08,88.03
84104000AI0110,2.2,1.1,0.428,0.819,13.68,1669,118,92.93,91.37,92.69
073170000C0520,2.4,0.85,0.299,0.71,1.31,643,468,27.22,0.0,23.79
830310000F0335,1.5,1.35,0.345,0.767,56.0,1288,23,98.21,97.67,98.21
130510000D0265,2.05,1.2,0.54,0.647,4.64,2681,739,72.44,57.4,78.44
830720000D1246,1.4,1.2,0.363,0.683,48.91,1614,28,98.27,97.46,97.96
840960000D0343,2.25,1.1,0.329,0.746,1.54,1448,944,34.81,12.64,35.01
841060000A0068,2.05,1.2,0.53,0.619,4.26,1077,314,70.84,52.92,76.51
84031000AL0312,1.55,1.1,0.433,0.521,1.88,877,458,47.78,0.0,46.75
84031000AL0010,2.2,0.95,0.528,0.547,2.24,6690,3742,44.07,0.0,55.35
840300000E1616,2.15,1.15,0.538,0.569,2.48,1283,664,48.25,9.12,59.63
831250000D0452,2.2,1.65,0.603,0.542,3.69,332,141,57.53,21.69,72.89
840490000E1029,2.0,1.25,0.546,0.638,4.28,3504,1083,69.09,51.54,76.63
841110000B0495,2.15,1.15,0.55,0.65,4.27,329,104,68.39,51.37,76.6
072910000A0083,2.2,1.45,0.543,0.654,7.86,982,166,83.1,74.13,87.27
13050000BK0294,2.5,1.0,0.304,0.855,1.6,1635,959,41.35,31.38,37.68
840770000A0233,2.2,1.1,0.518,0.591,2.86,617,259,58.02,29.01,64.99
830490000E0942,2.15,1.3,0.514,0.379,5.93,2573,530,79.4,45.63,83.13
840120000B0739,2.0,1.25,0.521,0.518,5.36,88130,20072,77.22,56.04,81.35
841380000B0055,2.0,1.2,0.49,0.675,20.35,2747,154,94.39,91.7,95.09
831350000B0166,2.5,1.85,0.474,0.52,3.06,938,361,61.51,26.01,67.27
83049000AY0019,2.3,0.85,0.346,0.766,1.24,47,36,23.4,0.0,19.15
840370000D0885,1.1,1.4,0.211,0.5,15.88,127,6,95.28,90.55,93.7
130510000F0819,2.0,1.25,0.526,0.495,3.38,74748,28181,62.3,23.76,70.39
840200000C0772,2.5,1.45,0.559,0.374,4.55,14329,4410,69.22,17.66,78.02
840720000F1020,2.15,1.15,0.546,0.573,2.8,1826,856,53.12,18.24,64.24
84028000AI0038,2.2,1.1,0.41,0.622,3.31,523,163,68.83,49.9,69.79
83148000BV0163,2.15,1.25,0.517,0.604,21.32,3838,212,94.48,90.85,95.31
840190000C0267,2.45,1.0,0.442,0.602,5.44,6032,1173,80.55,67.67,81.61
26377000AI0297,2.4,1.0,0.367,0.429,8.09,89,12,86.52,68.54,87.64
841060000B0133,2.0,1.25,0.547,0.601,3.29,1735,698,59.77,33.08,69.63
263770000H0318,2.5,1.0,0.424,0.5,8.37,904,107,88.16,76.33,88.05
070150000A0145,2.2,0.55,0.222,0.85,1.01,494,429,13.16,0.0,0.61
840960000C0193,2.2,1.1,0.365,0.669,1.53,825,543,34.18,1.58,34.67
84031000AD0426,2.2,0.8,0.309,0.739,1.21,1042,789,24.28,0.0,17.27
84036000AY0256,1.8,0.85,0.433,0.511,1.85,752,391,48.01,0.0,45.88
073080000A1068,2.25,0.95,0.333,1.0,16.82,471,25,94.69,94.69,94.06
830310000F0332,2.4,1.0,0.206,1.0,59.28,1897,31,98.37,98.37,98.31
840370000E1495,2.0,1.1,0.513,0.632,4.56,2239,563,74.85,60.21,78.07
13110000BW0025,2.5,1.25,0.431,0.568,2.14,2084,1065,48.9,10.03,53.31
261790000B0305,2.1,0.95,0.501,0.546,2.23,1647,887,46.14,1.4,55.19
841360000A0051,2.05,1.2,0.489,0.551,3.26,329,119,63.83,34.35,69.3
261820000G0241,2.3,1.05,0.426,0.683,2.22,758,358,52.77,30.87,55.01
83063000AT0262,2.15,0.95,0.497,0.52,2.2,2137,1111,48.01,0.05,54.52
84031000AI0068,1.9,1.25,0.506,0.599,7.51,999,160,83.98,73.27,86.69
840870000I2123,2.0,1.1,0.503,0.807,2.49,9717,4332,55.42,44.77,59.91
84102000AM0297,2.05,1.2,0.537,0.533,3.27,3852,1546,59.87,24.77,69.44
84082000BH0274,2.15,1.15,0.539,0.528,2.59,2827,1446,48.85,3.04,61.44
84046000AC0160,2.25,0.8,0.463,0.679,1.5,1186,811,31.62,0.0,33.47
830670000D3444,1.85,1.0,0.445,0.464,2.26,5409,2506,53.67,0.22,55.78
840910000B0022,2.15,1.15,0.464,0.848,5.13,2016,425,78.92,75.15,80.51
84036000AY0068,2.1,1.15,0.384,0.732,2.12,2030,976,51.92,34.33,52.86
263770000B0033,2.05,1.2,0.525,0.587,24.51,9046,443,95.1,91.65,95.92
841270000D0510,1.95,1.25,0.516,0.573,6.96,2192,379,82.71,69.8,85.63
13087000AI0189,2.35,1.75,0.559,0.43,3.47,2225,895,59.78,6.38,71.15
07059000ZA0099,1.8,1.25,0.478,0.621,6.81,1015,164,83.84,73.99,85.32
13079000BN0153,2.2,1.4,0.548,0.529,9.11,4535,657,85.51,72.61,89.02
830850000A0648,2.1,0.95,0.505,0.522,2.3,9584,4962,48.23,0.79,56.44
072680000B0087,1.95,1.25,0.531,0.615,4.78,3222,873,72.91,55.96,79.08
840970000C0265,2.35,1.05,0.447,0.687,2.58,10687,4355,59.25,40.68,61.22
840190000D0821,2.2,1.05,0.334,0.923,4.28,1528,323,78.86,77.09,76.64
830730000F1551,2.45,1.15,0.366,0.7,1.47,487,336,31.01,1.44,32.03
840590000A0120,1.95,1.25,0.512,0.562,2.82,871,377,56.72,22.96,64.52
84024000AH0147,2.5,1.35,0.392,0.623,1.85,3785,2202,41.82,6.58,45.81
830560000C0637,2.4,1.75,0.381,0.949,11.03,397,37,90.68,90.18,90.93
26345000AW0008,1.85,1.05,0.328,0.526,12.5,250,20,92.0,84.8,92.0
830310000E0324,2.45,1.75,0.484,0.58,6.85,2748,481,82.5,69.83,85.41
841170000B0022,2.15,1.0,0.525,0.619,1.96,222,143,35.59,0.0,49.1
830570000C0488,2.4,1.45,0.552,0.384,9.98,15975,2180,86.35,64.46,89.98
070890000D0309,2.05,1.1,0.457,0.724,3.5,445,131,70.56,59.33,71.46
830690000D0959,2.4,0.85,0.365,0.709,1.36,6097,4404,27.77,0.0,26.67
26377000AS0045,2.45,1.0,0.379,0.802,2.38,2299,906,60.59,50.89,57.94
26179000ZP0188,2.15,0.9,0.498,0.561,2.05,1420,807,43.17,0.0,51.2
830350000B0820,2.0,1.25,0.539,0.631,4.3,3019,908,69.92,52.3,76.75
072590000B0660,2.15,1.15,0.51,0.668,6.24,4958,945,80.94,71.46,83.97
841480000A0526,2.3,1.05,0.397,0.741,2.37,639,269,57.9,43.19,57.75
26038000ZI0060,2.15,0.9,0.511,0.541,2.24,9218,5017,45.57,0.0,55.39
262750000B0193,2.0,1.25,0.43,0.802,2.5,3896,1700,56.37,45.61,60.04
840020000C0393,2.35,1.25,0.49,0.394,16.1,1964,147,92.52,81.01,93.79
840490000C0438,2.0,1.25,0.514,0.456,3.17,4752,1860,60.86,14.18,68.43
84106000ZA0064,2.15,1.15,0.52,0.774,18.29,3420,223,93.48,91.58,94.53
830430000G0883,2.4,1.8,0.556,0.367,4.09,760,258,66.05,7.5,75.53
841460000B0565,2.25,1.1,0.513,0.576,2.83,796,341,57.16,25.63,64.7
84041000AE0478,2.25,1.0,0.409,0.688,187.79,3568,22,99.38,99.1,99.47
840300000E1619,2.15,1.15,0.53,0.613,5.42,987,234,76.29,61.3,81.56
830450000A0082,2.45,1.75,0.584,0.559,7.62,381,71,81.36,66.67,86.88
831250000E0261,1.95,1.1,0.437,0.439,37.38,2430,72,97.04,93.25,97.33
83121000AP0228,1.95,1.05,0.421,0.708,106.22,7223,68,99.06,98.67,99.06
841330000G0650,2.35,1.45,0.58,0.648,5.14,704,206,70.74,54.83,80.54
840770000C0294,2.15,1.15,0.523,0.745,7.8,1108,181,83.66,78.07,87.18
840440000A0020,2.2,0.9,0.516,0.623,1.93,1209,760,37.14,0.0,48.06
072910000B0515,2.15,1.3,0.417,0.5,52.84,1321,28,97.88,95.76,98.11
26377000AN0129,2.1,1.15,0.531,0.638,11.51,8725,948,89.13,82.98,91.31
841500000D0282,2.35,1.05,0.47,0.692,6.0,2154,376,82.54,74.79,83.33
840720000E0114,2.25,1.1,0.517,0.598,3.83,4772,1536,67.81,46.21,73.87
840420000D0925,2.5,1.4,0.5,0.722,2.72,579,262,54.75,37.31,63.21
26271000ZA0049,2.2,0.9,0.52,0.567,2.17,1709,972,43.12,0.0,53.95
840560000F0228,2.25,1.1,0.432,0.749,2.52,713,292,59.05,45.3,60.31
830320000E0892,2.3,1.25,0.464,0.515,24.22,2083,102,95.1,90.49,95.87
263220000A0275,2.35,1.05,0.469,0.637,12.03,6831,573,91.61,86.84,91.68
840490000C0160,2.1,1.15,0.25,0.538,300.71,2105,7,99.67,99.38,99.67
830060000A0504,1.9,1.25,0.428,0.54,6.06,958,169,82.36,67.33,83.51
840720000D0459,1.85,1.35,0.509,0.616,7.5,1823,290,84.09,74.16,86.67
26054000AN0091,2.0,1.25,0.542,0.584,3.26,14492,5783,60.1,31.69,69.29
261190000H0386,1.9,1.3,0.506,0.644,6.41,628,112,82.17,72.29,84.39
841380000L0199,2.0,1.25,0.52,0.515,6.7,12483,2319,81.42,63.9,85.07
840140000I0152,2.45,1.45,0.575,0.421,3.47,1643,689,58.06,0.49,71.15
840290000C0724,2.0,1.25,0.52,0.683,7.87,1763,261,85.2,78.33,87.29
07324000AY0419,1.8,1.25,0.472,0.624,6.86,1441,222,84.59,75.29,85.43
830670000C1198,2.0,1.15,0.494,0.477,2.45,3071,1492,51.42,0.0,59.17
84104000AI0329,2.1,1.1,0.369,0.874,5.06,1143,209,81.71,79.09,80.23
841340000B0593,2.0,1.25,0.376,0.717,1.87,470,266,43.4,21.06,46.6
830490000C3645,1.95,0.95,0.466,0.498,2.17,3779,1907,49.54,0.0,53.98
13050000BL0082,2.5,1.0,0.384,0.773,2.48,5137,1983,61.4,50.07,59.65
261880000D1123,1.75,1.25,0.416,0.756,71.55,2361,34,98.56,98.09,98.6
841060000B0128,2.05,1.15,0.394,0.728,1.41,4143,3060,26.14,0.0,28.94
841170000C0252,1.9,1.0,0.399,0.655,26.26,998,36,96.39,94.49,96.19
830320000B0594,2.2,1.25,0.521,0.4,3.41,7796,2874,63.13,7.75,70.64
840570000D0047,,,,,,,,,,
840770000B0872,2.05,1.2,0.526,0.536,3.47,1598,586,63.33,31.54,71.21
841460000C0314,2.4,1.0,0.441,0.668,2.38,6912,3099,55.16,32.86,57.9
840560000F0453,2.25,1.1,0.409,0.914,2.45,1036,414,60.04,56.27,59.27
830180000C0555,2.55,1.3,0.514,0.491,9.81,5836,750,87.15,73.83,89.8
830350000E1304,2.0,1.25,0.52,0.556,3.79,1648,541,67.17,40.96,73.6
830320000E0586,,,,,,,,,,
840970000E0289,2.3,0.9,0.324,0.753,1.25,6718,5097,24.13,0.0,20.27
84086000AD0021,2.15,0.95,0.52,0.545,2.26,720,384,46.67,2.22,55.69
840450000B0287,,,,,,,,,,
83048000AY0047,2.2,1.25,0.517,0.394,3.2,1413,564,60.08,0.0,68.72
841150000C0355,2.2,0.8,0.477,0.733,1.45,11337,8384,26.05,0.0,30.84
84028000BC0177,2.2,0.95,0.523,0.546,2.28,1214,666,45.14,0.0,56.1
07042000BK0025,2.25,1.1,0.52,0.54,2.44,804,405,49.63,6.72,59.08
840890000I1191,2.45,1.45,0.535,0.598,4.46,811,237,70.78,51.17,77.56
840370000C0019,1.1,1.1,0.277,0.556,44.55,1381,20,98.55,97.39,97.76
26377000AK0341,,,,,,,,,,
84118000AI0162,2.5,1.0,0.379,0.506,7.58,7211,968,86.58,73.46,86.81
830920000D0789,1.55,0.85,0.372,0.472,1.88,7027,3309,52.91,0.23,46.93
263800000C1954,1.55,0.95,0.395,0.51,1.89,104,53,49.04,0.0,47.12
84007000BS0112,2.0,1.25,0.42,0.388,21.32,661,33,95.01,87.14,95.31
840170000D1089,2.0,1.25,0.525,0.555,4.92,2894,749,74.12,53.35,79.68
841330000C0588,2.4,1.35,0.529,0.394,3.88,1035,345,66.67,15.36,74.2
840300000D0778,,,,,,,,,,
830670000D0630,1.6,0.9,0.394,0.489,1.89,5921,2901,51.0,0.0,47.05
073080000A0890,1.95,0.95,0.408,0.459,2.09,1116,533,52.24,0.0,52.06
840450000C0128,2.25,1.1,0.374,0.743,4.14,952,220,76.89,68.91,75.84
26345000BD0239,2.15,1.1,0.534,0.571,2.22,4263,2474,41.97,0.0,54.94
841330000D0617,2.0,1.15,0.488,0.464,2.52,3409,1582,53.59,0.0,60.37
841050000E0221,2.25,1.3,0.493,0.473,4.96,367,88,76.02,49.32,79.84
13050000BV0108,2.15,1.15,0.538,0.522,2.81,1176,545,53.66,11.14,64.37
840490000D0258,2.05,1.2,0.435,0.723,4.26,912,217,76.21,67.11,76.54
840030000G0297,2.5,1.4,0.547,0.408,9.86,3107,430,86.16,66.04,89.86
26345000BK0225,2.15,1.15,0.414,0.943,4.34,1624,367,77.4,76.05,76.97
840290000C0228,2.3,1.05,0.537,0.667,1.99,705,455,35.46,3.26,49.65
261100000A0502,2.25,1.0,0.472,0.583,1.93,1090,641,41.19,0.0,48.26
830510000F0942,2.15,1.3,0.519,0.386,4.59,5207,1423,72.67,29.11,78.2
840590000A0134,2.25,1.1,0.495,0.521,3.27,9186,3226,64.88,32.64,69.43
840560000F0128,2.15,1.15,0.41,0.746,1.9,2850,1609,43.54,24.35,47.3
841380000A0149,2.0,1.25,0.544,0.662,3.07,365,157,56.99,35.07,67.4
841460000D0328,2.0,1.25,0.507,0.545,8.76,1192,169,85.82,73.99,88.59
84018000AE0052,1.6,0.85,0.035,1.0,1484.0,4452,3,99.93,99.93,99.93
263480000D0190,2.05,1.2,0.524,0.584,5.73,4222,910,78.45,63.12,82.54
84028000AP0083,2.3,1.05,0.336,0.748,1.3,1111,849,23.58,0.0,23.31
840370000B0681,2.0,1.1,0.409,0.837,2.1,2129,971,54.39,45.51,52.42
261560000D0134,2.2,1.55,0.554,0.407,6.26,9665,2120,78.07,46.16,84.02
263800000D0813,1.95,1.0,0.48,0.521,2.12,2053,1068,47.98,0.15,52.75
070510000A2392,,,,,,,,,,
830420000A0376,2.25,1.35,0.55,0.401,3.42,4002,1604,59.92,0.0,70.76
830270000B0131,2.0,1.25,0.519,0.473,3.19,1236,485,60.76,17.07,68.69
841060000C0941,2.0,1.25,0.533,0.58,2.3,3273,1838,43.84,3.24,56.58
831340000B0209,2.45,1.8,0.572,0.466,16.08,2524,219,91.32,81.38,93.78
073080000C0578,2.0,1.15,0.455,0.699,1.66,502,337,32.87,3.98,39.84
830370000B0631,2.55,1.95,0.576,0.63,2.42,252,150,40.48,5.56,58.73
840290000D0573,2.0,1.25,0.448,0.804,1.87,8607,5004,41.86,27.69,46.46
840390000G0639,1.8,1.0,0.462,0.563,1.84,744,427,42.61,0.0,45.56
840960000E0188,2.1,1.15,0.465,0.831,3.37,4296,1335,68.92,62.62,70.34
830730000G1511,2.2,1.65,0.58,0.482,3.09,473,232,50.95,0.0,67.65
841170000A0126,2.05,1.2,0.536,0.695,7.38,2444,410,83.22,75.86,86.46
841220000B1306,2.3,1.0,0.286,0.959,13.83,1535,94,93.88,93.62,92.77
830910000B1134,2.45,1.05,0.51,0.466,2.61,5497,2579,53.08,0.0,61.62
13079000AM0064,1.55,1.1,0.419,0.516,1.89,2662,1372,48.46,0.04,46.96
261820000B0440,1.95,1.25,0.523,0.591,3.26,1159,444,61.69,35.2,69.37
830650000A0181,2.35,1.75,0.572,0.363,4.8,29851,9041,69.71,16.65,79.18
840300000D0559,2.15,1.15,0.437,0.715,2.34,582,266,54.3,36.08,57.22
841330000F0183,2.5,1.45,0.558,0.525,8.13,1041,170,83.67,68.88,87.7
840390000H0326,1.75,1.25,0.504,0.658,3.78,1134,333,70.63,55.38,73.54
830260000F0321,2.2,1.55,0.531,0.417,9.64,3162,434,86.27,67.05,89.63
840300000D0564,2.15,1.15,0.465,0.835,4.45,1416,350,75.28,70.41,77.54
841380000R0295,2.3,0.95,0.307,0.749,1.31,5248,3846,26.71,2.1,23.95
840720000H0018,1.95,1.2,0.489,0.639,16.41,2248,152,93.24,89.41,93.91
840290000D0323,,,,,,,,,,
830260000B0305,2.3,1.75,0.506,0.371,22.16,1485,89,94.01,83.84,95.49
841380000H0192,2.35,1.05,0.473,0.672,5.77,2515,468,81.39,72.33,82.66
840190000E3569,2.25,1.1,0.327,0.691,1.62,3039,1886,37.94,10.2,38.24
840440000B0405,2.3,1.05,0.43,0.797,1.77,4116,2405,41.57,26.7,43.39
13050000BR0093,,,,,,,,,,
840150000B0196,2.3,1.05,0.5,0.48,2.59,947,451,52.38,0.74,61.46
840840000C0322,2.4,1.05,0.417,0.667,1.54,499,337,32.46,0.0,35.07
840220000D0226,2.0,1.25,0.543,0.628,5.27,2862,713,75.09,60.34,81.03
841150000C0186,2.05,1.2,0.54,0.665,4.71,1822,508,72.12,58.07,78.76
831250000D0143,2.5,2.0,0.58,0.384,3.88,990,374,62.22,1.62,74.24
84024000AK0033,2.25,1.25,0.565,0.502,2.86,2200,1097,50.14,0.59,65.0
830280000L0229,2.3,1.4,0.571,0.48,3.02,2969,1402,52.78,1.72,66.92
841220000A0365,2.2,0.95,0.33,0.73,1.36,1446,1044,27.8,1.04,26.28
072790000B0082,2.35,1.5,0.563,0.416,5.33,1710,457,73.27,35.73,81.23
84137000AD0226,2.45,1.0,0.523,0.665,2.79,792,341,56.94,35.23,64.14
84118000AE0244,2.15,1.1,0.527,0.515,2.49,2023,1036,48.79,0.49,59.86
841220000B1177,2.0,1.25,0.536,0.64,3.92,646,222,65.63,46.28,74.46
830490000D0394,1.65,1.1,0.438,0.473,2.15,12014,5663,52.86,0.27,53.45
84031000AH0111,2.25,1.1,0.372,0.782,2.97,1374,451,67.18,58.01,66.3
831400000F1246,2.2,1.25,0.551,0.482,2.81,1304,628,51.84,0.15,64.42
840190000G0587,2.0,1.25,0.535,0.537,2.7,1826,878,51.92,10.46,62.92
071690000C0870,1.8,1.25,0.474,0.514,2.35,2143,1006,53.06,8.73,57.4
261820000G1085,2.0,1.25,0.531,0.551,3.49,6234,2292,63.23,33.3,71.35
840120000A0133,2.3,1.05,0.492,0.627,10.31,959,106,88.95,82.38,90.3
831110000C0240,2.3,1.45,0.495,0.428,9.62,818,101,87.65,71.15,89.61
830560000D0430,2.2,1.4,0.541,0.388,3.94,18666,6307,66.21,12.88,74.63
841500000F0234,2.2,0.9,0.463,0.697,1.53,6190,4282,30.82,0.73,34.81
830040000C0157,2.3,1.4,0.557,0.469,3.48,804,322,59.95,14.55,71.27
84024000AK0002,2.5,1.4,0.47,0.626,2.64,2492,1114,55.3,28.61,62.08
070130000B0263,2.0,1.15,0.51,0.62,3.47,1116,396,64.52,42.74,71.15
84050000AC0239,2.15,1.1,0.462,0.494,21.78,1590,78,95.09,90.06,95.41
840780000D0125,2.35,0.95,0.358,0.75,34.68,659,21,96.81,95.75,97.12
262750000C0663,2.0,1.25,0.54,0.6,3.51,9368,3460,63.07,38.49,71.48
072910000B0760,2.35,1.7,0.477,0.492,7.4,185,30,83.78,67.03,86.49
07264000AY0012,2.3,1.05,0.341,0.937,3.03,3464,990,71.42,69.49,67.03
840960000F0655,2.15,1.15,0.393,0.89,3.77,905,235,74.03,70.83,73.48
841220000A0093,2.0,1.25,0.421,0.82,2.29,2180,1008,53.76,43.58,56.24
830910000C0139,2.05,1.15,0.505,0.478,2.57,319,151,52.66,0.94,61.13
13082000CI0209,2.05,1.1,0.52,0.551,2.31,706,377,46.6,3.12,56.66
840390000D0294,2.0,1.1,0.504,0.603,2.23,475,261,45.05,8.84,55.16
841150000A0607,2.15,1.15,0.405,0.559,2.15,209,104,50.24,11.0,53.59
13025000AI0135,2.6,1.4,0.577,0.492,3.13,1644,775,52.86,4.14,68.0
840440000A0495,2.0,1.25,0.545,0.626,4.43,3587,1049,70.76,53.25,77.42
841260000A0775,,,,,,,,,,
840560000B0671,2.0,1.05,0.292,0.724,1.39,1071,766,28.48,1.21,27.92
840200000C0600,1.3,1.15,0.213,0.538,56.78,511,7,98.63,97.46,98.24
84112000AN0136,,,,,,,,,,
84073000AD0040,1.7,1.1,0.384,0.732,81.84,2619,30,98.85,98.43,98.78
13050000BV0087,2.15,1.15,0.545,0.622,3.79,2774,970,65.03,43.8,73.65
263570000P0224,2.1,0.85,0.242,0.758,1.18,367,292,20.44,0.0,14.99
841500000H0879,1.9,1.25,0.519,0.679,18.68,21835,1399,93.59,90.57,94.65
84031000AD0425,1.8,1.25,0.448,0.592,7.11,384,58,84.9,74.48,85.94
841220000B0076,2.2,1.1,0.371,0.844,4.86,641,130,79.72,75.98,79.41
072910000A1801,2.2,1.5,0.415,0.595,1.87,1335,794,40.52,0.07,46.44
840910000D0833,1.15,0.85,0.232,0.783,82.2,2466,18,99.27,99.07,98.78
840710000A0034,2.25,1.45,0.571,0.461,4.32,643,219,65.94,26.13,76.83
840960000F0346,2.05,1.2,0.498,0.511,5.97,1732,348,79.91,60.68,83.26
07143000AD0737,2.0,0.75,0.454,0.615,1.65,1181,707,40.14,2.62,39.54
070990000C0046,2.2,1.45,0.365,0.589,1.84,2096,1209,42.32,2.05,45.66
13050000BE0009,2.25,1.1,0.546,0.568,3.25,1642,681,58.53,26.98,69.24
83104000BT0144,1.95,1.25,0.504,0.475,4.73,2508,630,74.88,47.09,78.87
83136000AY0053,2.25,1.3,0.494,0.421,7.71,786,117,85.11,64.63,87.02
84072000BM0030,2.0,1.25,0.529,0.545,8.12,103112,15885,84.59,71.75,87.68
830870000B0174,2.4,1.3,0.454,0.385,27.05,1136,45,96.04,89.7,96.3
263570000V0013,2.0,1.25,0.535,0.699,6.48,979,188,80.8,72.52,84.58
84137000AT0231,2.2,1.1,0.385,0.75,6.57,1110,162,85.41,80.54,84.77
84018000AD0288,2.2,0.95,0.208,0.6,335.0,2010,6,99.7,99.5,99.7
840200000A1789,1.95,1.25,0.231,0.667,89.0,534,6,98.88,98.31,98.88
07279000AM0181,2.65,1.5,0.599,0.45,3.67,385,168,56.36,3.12,72.73
13114000BC0004,2.0,1.25,0.531,0.519,3.13,2729,1131,58.56,20.08,68.01
830420000A0292,1.95,1.2,0.488,0.403,3.0,2858,1128,60.53,2.06,66.66
840290000C0323,2.15,1.15,0.534,0.596,3.23,513,201,60.82,34.31,69.01
830910000C0068,2.4,1.8,0.465,0.59,2.31,2197,1149,47.7,11.33,56.71
840390000H0500,2.05,1.0,0.5,0.504,2.37,1599,817,48.91,0.0,57.85
840960000B0740,2.15,1.15,0.328,0.791,1.91,130,68,47.69,33.85,47.69
841090000A0750,2.4,1.0,0.434,0.679,5.25,6122,1165,80.97,71.97,80.97
841220000A0479,1.15,0.95,0.207,0.462,295.33,3544,6,99.83,99.63,99.66
841220000B0422,2.0,1.1,0.35,0.86,6.17,537,80,85.1,82.68,83.8
83009000AX0137,2.0,1.25,0.535,0.54,3.04,803,357,55.54,17.68,67.12
840910000D0122,2.5,1.0,0.31,0.807,1.55,631,388,38.51,23.77,35.34
841380000D0301,2.25,1.1,0.556,0.604,2.83,229,116,49.34,16.16,64.63
841330000C0817,2.5,1.25,0.39,0.62,1.77,1308,789,39.68,2.68,43.35
070150000A0596,1.9,1.2,0.521,0.735,3.18,598,225,62.37,48.83,68.56
840160000A0680,2.25,0.95,0.415,0.702,21.69,759,33,95.65,93.81,95.39
830460000A0086,2.3,1.75,0.559,0.38,4.52,4887,1500,69.31,19.3,77.86
830260000E0423,2.4,1.55,0.557,0.582,14.31,2190,203,90.73,84.06,93.01
070150000C0153,1.75,1.25,0.482,0.647,13.77,3691,288,92.2,87.94,92.74
840940000E0767,2.05,1.2,0.505,0.48,5.66,1019,216,78.8,55.84,82.34
263570000O0005,2.05,1.2,0.468,0.662,8.29,340,43,87.35,80.88,87.94
263480000E0855,,,,,,,,,,
84089000AP0022,2.55,1.4,0.538,0.583,6.16,1398,310,77.83,61.95,83.76
07345000ZC0004,2.4,0.95,0.161,0.429,78.0,234,3,98.72,97.01,98.72
830450000B0157,2.25,1.5,0.527,0.457,14.3,1230,111,90.98,80.24,93.01
840780000C0134,1.8,1.15,0.341,0.462,129.38,1682,12,99.29,98.45,99.23
840570000C0206,1.5,1.3,0.096,0.429,887.33,2662,3,99.89,99.74,99.89
840190000G0467,2.0,1.2,0.449,0.696,10.23,307,32,89.58,85.02,90.23
830690000J0182,2.3,1.45,0.572,0.454,3.17,9853,4464,54.69,0.22,68.44
841500000D0007,1.9,1.3,0.527,0.638,7.93,6272,991,84.2,75.24,87.39
831250000D0150,2.5,1.95,0.602,0.403,4.05,2144,850,60.35,1.68,75.33
841330000D0563,2.45,1.4,0.555,0.462,4.03,1813,618,65.91,26.14,75.18
83097000AC0972,2.65,1.4,0.57,0.454,3.31,1315,570,56.65,4.49,69.81
26071000ZA0062,2.05,1.2,0.545,0.688,4.56,2137,619,71.03,57.88,78.05
263570000B0033,2.0,1.25,0.516,0.563,4.13,587,178,69.68,46.17,75.81
840390000F0580,2.0,1.1,0.513,0.679,5.21,2963,667,77.49,66.86,80.8
841260000B0130,2.3,1.05,0.474,0.659,5.03,3091,654,78.84,67.91,80.1
831480000I0152,2.35,2.2,0.567,0.372,3.81,537,176,67.23,11.92,73.74
830180000B0639,2.45,2.0,0.524,0.585,3.0,6751,2860,57.64,27.6,66.67
830310000E0180,2.25,1.5,0.544,0.532,8.95,1137,166,85.4,72.56,88.83
830940000B0860,1.8,1.15,0.467,0.5,2.16,16028,7978,50.22,0.51,53.78
07143000AL0317,1.95,0.75,0.443,0.614,1.88,954,522,45.28,10.9,46.86
84149000AI0019,2.0,1.25,0.535,0.574,2.56,1286,640,50.23,13.3,60.96
840300000D1798,1.95,1.25,0.53,0.622,5.88,2341,500,78.64,65.66,83.0
84008000AO0160,1.95,1.25,0.488,0.513,6.92,713,119,83.31,67.46,85.55
830180000F0809,2.5,1.7,0.511,0.371,6.14,786,157,80.03,46.18,83.72
841260000E0351,2.05,1.2,0.486,0.623,2.58,1868,846,54.71,27.36,61.3
840300000B1178,2.3,1.05,0.403,0.854,1.83,2823,1516,46.3,37.12,45.34
84008000AO0109,1.85,1.3,0.469,0.667,7.97,630,86,86.35,79.52,87.46
26377000AI0062,2.25,1.1,0.485,0.428,5.95,1738,340,80.44,54.32,83.2
84118000AB0168,1.05,1.4,0.257,0.632,959.14,13428,12,99.91,99.86,99.9
830720000G0855,2.05,1.7,0.503,0.366,5.81,656,139,78.81,42.07,82.77
84028000AT0164,2.0,1.15,0.467,0.671,17.78,907,53,94.16,91.29,94.38
831000000D0451,2.4,0.8,0.4,0.63,1.53,11862,7652,35.49,0.0,34.75
841340000C0202,1.95,1.25,0.519,0.71,2.53,1031,497,51.79,32.1,60.43
830180000C1536,2.45,1.55,0.23,0.571,31.5,126,4,96.83,94.44,96.83
830490000F1942,1.7,1.15,0.452,0.477,2.19,12644,6064,52.04,0.0,54.37
263220000B0075,2.05,1.2,0.53,0.549,3.32,3981,1527,61.64,30.12,69.91
83116000BR0126,2.2,1.65,0.545,0.398,3.65,2211,823,62.78,6.47,72.64
84031000AB0529,2.25,1.1,0.391,0.854,2.29,978,409,58.18,51.02,56.34
84069000AK0074,1.8,1.3,0.409,0.667,10.74,365,34,90.68,86.03,90.68
841220000B1262,2.15,1.15,0.51,0.532,5.49,780,173,77.82,58.33,81.79
84138000AX0014,2.0,1.25,0.535,0.641,5.1,1361,345,74.65,60.47,80.38
841380000H0345,2.0,1.25,0.535,0.628,6.17,5813,1207,79.24,66.95,83.79
841260000F0114,2.15,1.15,0.55,0.589,3.13,1170,506,56.75,26.58,68.03
84104000AL0139,2.15,1.15,0.441,0.87,3.87,1918,515,73.15,69.13,74.14
83047000AW0191,2.4,1.4,0.427,0.678,1.65,1502,1003,33.22,1.53,39.41
841270000C0419,2.25,1.1,0.322,0.714,2.38,411,175,57.42,40.39,57.91
840300000E2072,1.85,1.35,0.487,0.468,4.97,1695,403,76.22,49.14,79.88
84050000AD0057,1.35,1.45,0.272,0.542,55.46,721,13,98.2,96.67,98.2
831080000F0162,2.25,1.25,0.438,0.393,5.33,5303,1095,79.35,47.48,81.24
83016000AD0334,2.0,1.25,0.527,0.572,3.57,1658,588,64.54,38.0,71.95
841220000B0274,,,,,,,,,,
841060000B0176,2.0,0.9,0.488,0.585,1.93,5220,3030,41.95,0.84,48.12
84081000BM0108,2.15,1.15,0.494,0.603,2.13,2240,1216,45.71,10.0,53.04
26054000AK0103,2.2,1.05,0.535,0.557,2.35,1104,609,44.84,1.0,57.52
84104000AH0397,2.1,1.15,0.42,0.926,3.14,3894,1247,67.98,65.43,68.18
830350000A1134,2.0,1.25,0.515,0.651,5.69,1143,248,78.3,66.67,82.41
840170000E0715,1.85,1.3,0.477,0.489,10.57,2431,260,89.3,78.12,90.54
830310000H0910,2.25,2.1,0.569,0.364,5.62,1462,338,76.88,36.53,82.22
830830000A0167,2.1,1.2,0.484,0.394,3.55,2223,740,66.71,15.61,71.84
262750000L0747,1.7,1.05,0.446,0.548,1.84,1842,1014,44.95,0.0,45.71
070130000C0648,1.55,1.45,0.401,0.415,3.15,359,120,66.57,19.5,68.25
84012000AM0659,2.3,1.05,0.481,0.39,4.66,415,104,74.94,35.66,78.55
841340000A0508,2.0,1.25,0.527,0.632,7.01,3112,559,82.04,71.56,85.73
840160000A0057,2.0,1.1,0.386,0.828,10.17,905,77,91.49,89.72,90.17
07042000AO0252,2.15,0.8,0.484,0.603,1.92,1297,782,39.71,0.0,47.96
840140000C0240,2.45,1.25,0.453,0.585,1.92,1918,1120,41.61,0.21,47.91
830260000E0492,1.95,1.3,0.441,0.39,7.75,395,55,86.08,64.3,87.09
830920000E0806,2.4,0.8,0.363,0.601,1.57,1606,966,39.85,0.0,36.3
263570000O0067,2.05,1.15,0.48,0.633,5.35,524,112,78.63,66.22,81.3
841500000F0393,2.0,1.0,0.485,0.477,2.38,5770,2754,52.27,0.0,58.06
840560000A0860,1.95,1.25,0.496,0.461,5.03,171,47,72.51,40.35,80.12
840370000A0181,1.75,1.25,0.433,0.568,39.04,3201,88,97.25,95.16,97.44
84036000BA0024,1.95,1.25,0.481,0.446,4.5,837,210,74.91,43.73,77.78
830040000C0571,2.05,1.45,0.503,0.449,9.42,801,105,86.89,70.79,89.39
841060000B0010,2.15,1.15,0.482,0.553,6.66,273,47,82.78,68.86,84.98
13050000AY0080,2.15,1.15,0.547,0.585,4.03,3758,1226,67.38,44.25,75.2
840720000A0248,2.2,1.1,0.506,0.762,2.65,2519,1119,55.58,41.72,62.21
263570000R0095,2.15,1.15,0.39,0.85,2.47,991,407,58.93,51.66,59.54
840650000B0925,2.5,1.4,0.528,0.561,3.61,2179,786,63.93,35.75,72.33
07324000AH0405,1.9,1.2,0.499,0.557,3.43,3453,1156,66.52,39.88,70.87
830040000C0870,2.3,1.35,0.575,0.537,2.78,1452,763,47.45,2.07,64.05
07264000AN0086,2.2,1.1,0.387,0.83,1.83,2879,1553,46.06,35.05,45.26
83086000BE0108,2.5,1.1,0.356,0.681,1.48,9175,6243,31.96,0.01,32.44
841330000F0397,2.45,1.2,0.369,0.578,1.8,566,326,42.4,0.35,44.35
841170000B1009,2.4,1.0,0.311,0.911,3.61,296,72,75.68,73.31,72.3
840160000A0830,1.7,0.85,0.175,0.5,57.83,347,5,98.56,97.12,98.27
071130000B1215,2.4,1.45,0.372,0.634,1.95,115,64,44.35,12.17,48.7
84081000BM0153,2.15,1.15,0.52,0.55,2.36,882,459,47.96,5.33,57.71
26345000AI0016,2.15,0.9,0.488,0.639,1.71,866,559,35.45,0.0,41.45
841490000A0036,,,,,,,,,,
262110000D0091,2.25,1.6,0.589,0.644,6.54,1466,338,76.94,64.19,84.72
263570000B0292,2.1,1.15,0.418,0.817,2.61,1075,411,61.77,53.21,61.67
840870000K0827,2.2,1.0,0.54,0.617,3.38,2995,1129,62.3,38.93,70.42
840720000B0079,2.05,0.9,0.483,0.558,2.06,702,385,45.16,1.71,51.42
840370000F0306,,,,,,,,,,
07264000AB0100,2.2,1.1,0.401,0.775,2.14,11021,5229,52.55,38.75,53.16
841090000A0124,1.7,1.25,0.456,0.602,14.76,1048,74,92.94,88.26,93.23
13032000BE0229,2.5,1.0,0.365,0.805,2.19,712,314,55.9,45.22,54.35
130510000D0222,2.0,1.25,0.543,0.654,5.41,10743,2588,75.91,63.17,81.52
84137000AH0396,2.15,1.15,0.514,0.453,5.17,3505,859,75.49,45.91,80.66
830040000A0533,2.3,1.75,0.478,0.507,4.21,1056,307,70.93,42.71,76.23
84004000AB0038,1.8,1.2,0.48,0.559,7.48,2349,350,85.1,73.35,86.63
830500000H0690,1.75,1.25,0.438,0.672,33.85,2708,84,96.9,95.38,97.05
83016000AE0702,2.15,1.15,0.548,0.585,2.53,2615,1362,47.92,10.94,60.46
841300000B0474,2.15,1.05,0.456,0.417,2.83,342,135,60.53,5.26,64.62
26011000AC0242,1.95,1.1,0.448,0.5,7.56,1278,187,85.37,70.74,86.78
84073000AO0065,2.5,1.35,0.526,0.442,8.11,1322,215,83.74,63.24,87.67
840590000B0288,2.25,1.1,0.444,0.834,2.67,1135,451,60.26,52.33,62.56
841260000E0712,2.15,1.15,0.437,0.731,2.59,707,304,57.0,41.16,61.39
830260000E0272,2.4,1.2,0.425,0.541,16.9,828,53,93.6,88.16,94.08
830910000C0119,2.4,1.4,0.422,0.688,1.68,2520,1640,34.92,5.36,40.63
841060000E0038,2.15,1.15,0.506,0.685,3.44,110,37,66.36,50.91,70.91
841300000B0135,2.15,1.15,0.516,0.491,3.35,4876,1800,63.08,24.82,70.14
840090000G0460,2.0,1.05,0.494,0.499,2.36,16735,8311,50.34,0.4,57.56
831170000B0077,2.2,1.35,0.553,0.441,3.1,765,338,55.82,0.0,67.71
07279000AR0038,2.45,1.4,0.529,0.623,15.89,1192,101,91.53,86.41,93.71
26054000AO0077,2.15,1.1,0.516,0.552,2.27,4938,2705,45.22,0.73,55.87
830260000D0750,2.2,1.25,0.507,0.514,27.82,3728,164,95.6,91.44,96.41
841380000A0132,2.35,1.05,0.365,0.767,1.81,4884,2702,44.68,27.87,44.9
840300000B0224,2.15,1.15,0.504,0.734,2.44,249,116,53.41,36.55,59.04
071260000G0359,2.2,1.4,0.537,0.534,9.98,2526,329,86.98,75.61,89.98
83101000BC0672,2.45,1.3,0.558,0.536,2.83,3022,1471,51.32,9.27,64.73
841330000C0280,2.35,1.45,0.574,0.452,3.39,1217,535,56.04,2.71,70.5
84073000AO0102,2.25,1.25,0.514,0.581,24.05,2044,104,94.91,91.24,95.84
840190000G0604,2.0,1.25,0.541,0.592,4.04,889,286,67.83,45.67,75.25
840420000E0239,2.5,1.4,0.533,0.625,3.46,3687,1376,62.68,40.33,71.06
130910000B0885,2.15,1.15,0.535,0.583,2.54,878,444,49.43,13.21,60.71
830830000C0153,2.5,1.75,0.411,0.411,2.8,56,23,58.93,0.0,64.29
84031000AH0062,2.25,1.1,0.387,0.712,1.45,1163,817,29.75,1.38,31.13
830320000A0500,2.2,1.45,0.542,0.38,4.3,13625,4236,68.91,18.2,76.74
830180000B0686,2.55,1.35,0.536,0.514,11.67,1354,152,88.77,78.14,91.43
840370000G0083,1.8,1.2,0.452,0.802,8.8,1602,190,88.14,85.21,88.64
13028000BX0282,2.1,0.9,0.451,0.431,2.45,1394,622,55.38,0.0,59.18
841000000B0150,2.25,1.1,0.414,0.587,4.63,509,108,78.78,63.85,78.39
840560000A0614,2.0,1.25,0.527,0.629,5.31,3905,903,76.88,63.25,81.15
840420000E0506,2.55,1.4,0.445,0.672,1.81,663,414,37.56,7.09,44.65
840870000K0085,1.9,1.15,0.427,0.905,6.35,4723,726,84.63,83.02,84.25
840170000C0736,2.15,1.05,0.528,0.549,2.31,2714,1512,44.29,0.0,56.71
13110000AS0101,,,,,,,,,,
07042000AE0546,2.0,1.25,0.545,0.597,3.34,1872,736,60.68,34.13,70.03
84031000AK0136,2.2,0.95,0.363,0.706,1.41,4026,2824,29.86,0.7,29.16
840960000E1047,1.95,1.25,0.488,0.606,6.99,482,77,84.02,73.65,85.68
840370000B0618,1.9,1.15,0.511,0.63,2.53,28168,12854,54.37,27.58,60.5
841380000D0052,1.8,1.15,0.358,0.742,10.91,251,23,90.84,87.65,90.84
840870000M0038,1.9,1.1,0.445,0.485,5.23,565,115,79.65,58.05,80.88
830730000F0096,2.45,1.65,0.582,0.485,3.07,1078,517,52.04,1.02,67.44
84029000AP0032,1.95,1.25,0.436,0.806,5.97,1730,303,82.49,78.27,83.24
26317000AL0094,1.9,1.25,0.483,0.544,9.79,2329,270,88.41,78.7,89.78
840370000C0435,1.8,1.2,0.493,0.588,3.97,2323,682,70.64,50.06,74.82
83063000AS0143,1.65,1.05,0.428,0.486,2.06,3121,1522,51.23,0.0,51.36
07070000AH0120,2.0,1.15,0.454,0.543,9.95,647,69,89.34,80.37,89.95
840100000C0066,2.3,1.45,0.55,0.433,3.14,994,427,57.04,0.8,68.11
840940000E0424,2.15,1.15,0.521,0.601,5.89,542,110,79.7,66.24,83.03
84056000AH0001,2.5,1.0,0.432,0.763,2.29,7555,3400,55.0,41.01,56.39
840870000K0416,1.8,1.2,0.489,0.682,3.8,1383,414,70.07,56.11,73.68
841260000C0433,2.0,1.25,0.529,0.558,8.98,30751,4274,86.1,75.08,88.87
84104000AD0240,1.95,1.15,0.427,0.604,24.1,699,29,95.85,93.13,95.85
840220000B0167,1.9,1.15,0.456,0.746,8.27,786,103,86.9,82.44,87.91
840370000B0064,1.75,1.25,0.487,0.633,3.2,3307,1148,65.29,45.12,68.79
830300000A0911,1.75,1.25,0.391,0.557,42.74,1966,44,97.76,95.98,97.66
073430000E1424,2.2,1.75,0.44,0.715,1.87,418,253,39.47,15.31,46.41
84135000BL0135,2.05,1.2,0.534,0.59,4.46,811,233,71.27,51.29,77.56
841130000B0283,2.3,1.45,0.57,0.436,3.45,628,254,59.55,7.17,71.02
830310000I0245,2.25,1.75,0.581,0.385,4.44,69359,23238,66.5,12.91,77.47
840170000E0949,1.75,1.25,0.44,0.756,21.98,1275,59,95.37,93.88,95.45
26345000AL0006,2.2,1.1,0.483,0.619,2.46,1595,766,51.97,22.38,59.37
84129000BK0137,1.9,1.15,0.451,0.455,3.65,756,229,69.71,33.47,72.62
84082000AC0107,1.55,0.85,0.337,0.455,249.34,14462,45,99.69,99.32,99.6
13014000BS0016,1.75,1.2,0.437,0.419,13.06,3395,285,91.61,79.94,92.34
070970000A0058,1.9,1.2,0.489,0.589,5.96,703,139,80.23,66.43,83.21
830920000D1213,2.35,1.6,0.532,0.37,9.95,1035,137,86.76,64.25,89.95
840170000C0479,2.5,1.0,0.397,0.815,2.05,2365,1097,53.62,43.09,51.21
840390000G0337,1.75,1.25,0.447,0.693,1.65,1477,953,35.48,6.84,39.47
84118000AK0263,1.85,0.95,0.44,0.474,2.15,1221,583,52.25,0.0,53.4
07042000BL0090,2.2,1.1,0.352,0.804,1.64,2577,1556,39.62,24.91,38.92
830720000G0414,1.9,1.05,0.39,0.422,32.22,3222,97,96.99,92.86,96.9
07264000AR0143,1.85,1.1,0.358,0.62,82.56,2642,31,98.83,98.11,98.79
840400000C1184,2.0,1.25,0.537,0.642,7.56,11930,2011,83.14,73.76,86.76
831400000E0927,2.4,1.15,0.353,0.687,1.51,1604,1092,31.92,0.94,33.85
841220000B1656,2.15,1.15,0.525,0.609,4.54,5789,1529,73.59,56.62,77.96
841130000C0169,2.5,1.45,0.472,0.68,2.74,1748,738,57.78,37.87,63.5
831340000B0182,2.5,1.85,0.601,0.434,5.67,2364,677,71.36,34.01,82.36
840720000I0662,2.25,1.05,0.32,0.792,1.21,1382,1103,20.19,0.0,17.51
84028000AY0172,2.05,1.15,0.402,0.683,1.54,1634,1107,32.25,0.86,34.94
262750000F0212,2.1,1.15,0.339,0.817,1.82,820,438,46.59,34.63,45.0
831250000D0271,2.05,1.4,0.317,0.409,53.83,969,18,98.14,95.46,98.14
840960000B0719,1.95,1.2,0.508,0.673,1.94,346,212,38.73,8.96,48.55
130510000F0392,1.65,0.85,0.355,0.437,2.11,397,173,56.42,0.25,52.64
840160000C0200,1.8,1.2,0.492,0.641,3.07,962,354,63.2,42.62,67.46
840870000G0439,2.2,1.0,0.509,0.627,3.2,1223,452,63.04,41.05,68.77
830860000B0354,2.25,1.3,0.545,0.477,2.79,1732,828,52.19,0.0,64.2
830850000D0115,2.5,1.45,0.425,0.611,1.82,1693,1021,39.69,1.36,45.19
84122000AV0164,1.9,1.3,0.464,0.398,6.88,1259,208,83.48,58.46,85.46
26377000AI0294,2.15,1.15,0.554,0.599,4.06,2545,853,66.48,44.05,75.36
261190000C1023,2.0,0.9,0.273,0.615,1.55,143,88,38.46,0.0,35.66
84088000AO0116,2.0,1.25,0.521,0.663,6.83,1736,313,81.97,72.81,85.37
84036000BA0092,2.0,1.25,0.521,0.512,3.72,1528,506,66.88,35.34,73.1
840870000N1578,2.25,0.85,0.312,0.688,207.15,2693,11,99.59,99.41,99.52
262330000A0346,1.95,1.25,0.504,0.491,5.86,4840,1000,79.34,57.93,82.93
841300000B0655,2.15,1.15,0.501,0.507,4.95,1034,249,75.92,52.51,79.79
840390000C0452,2.0,1.1,0.499,0.538,2.2,1311,707,46.07,0.0,54.46
84106000AD0049,1.95,1.25,0.535,0.667,6.36,1952,381,80.48,70.75,84.27
840160000A1607,1.3,1.35,0.292,0.548,14.05,295,17,94.24,89.49,92.88
841380000S0461,2.3,1.05,0.356,0.823,9.47,2065,195,90.56,88.52,89.44
84102000AI0100,2.0,1.25,0.513,0.467,4.6,2433,641,73.65,43.57,78.26
84031000AS0014,2.3,1.05,0.397,0.833,7.45,1356,169,87.54,85.03,86.58
831080000D0204,2.5,0.75,0.389,0.718,1.26,6151,4362,29.08,1.25,20.44
84118000AX0082,1.7,1.05,0.44,0.496,2.07,5802,2867,50.59,0.45,51.65
840560000A0440,1.75,1.15,0.425,0.642,38.33,2338,61,97.39,95.94,97.39
84036000AZ0093,2.0,0.95,0.451,0.508,2.09,732,373,49.04,0.0,52.05
840520000D0010,2.75,1.45,0.574,0.414,4.34,3761,1250,66.76,19.76,76.95
83101000AS0037,2.5,1.65,0.499,0.507,5.05,2165,527,75.66,52.01,80.18
84086000AH0165,2.15,1.15,0.411,0.427,18.89,1209,67,94.46,87.01,94.71
830730000A0138,2.45,1.15,0.172,0.857,158.67,952,6,99.37,99.26,99.37
84082000BM0283,2.15,1.15,0.434,0.639,3.67,242,69,71.49,55.37,72.73
84007000BS0359,2.0,1.25,0.403,0.564,3.06,6510,2316,64.42,36.87,67.31
83112000DB0100,2.2,1.1,0.505,0.506,2.66,301,134,55.48,11.96,62.46
840290000F0362,2.15,1.15,0.546,0.563,2.3,624,354,43.27,0.0,56.57
071130000B1109,2.15,1.4,0.544,0.458,7.82,3435,573,83.32,63.61,87.22
840680000B0271,2.5,1.25,0.551,0.388,4.19,10019,3270,67.36,15.85,76.11
841170000B0287,2.15,1.15,0.547,0.571,2.43,2878,1566,45.59,4.73,58.93
841220000B0960,2.1,1.15,0.53,0.639,4.06,2617,801,69.39,52.12,75.39
830720000D0539,2.45,1.4,0.565,0.435,3.77,1238,475,61.63,11.71,73.51
262750000F0528,2.35,1.05,0.478,0.439,3.93,424,118,72.17,36.56,74.53
263800000C1671,1.5,1.1,0.405,0.667,1.46,3116,2078,33.31,0.03,31.39
13112000CB0010,1.8,1.05,0.398,0.616,157.17,7230,45,99.38,98.99,99.36
841380000F0373,2.0,1.25,0.529,0.592,4.2,1439,440,69.42,48.37,76.16
84003000CP0114,2.2,1.35,0.569,0.488,3.05,2960,1402,52.64,2.91,67.2
830470000C0574,2.0,1.2,0.491,0.419,2.87,14730,6129,58.39,0.79,65.13
84029000AB0064,1.85,1.25,0.484,0.595,13.07,1098,94,91.44,85.61,92.35
07070000AC0062,,,,,,,,,,
840160000A2200,1.65,1.25,0.484,0.7,32.88,37681,1223,96.75,95.37,96.96
83129000AC0489,2.45,2.2,0.399,0.469,14.73,324,23,92.9,84.88,93.21
841260000E0422,2.5,0.95,0.401,0.667,10.85,282,24,91.49,87.23,90.78
262330000A0209,2.35,1.05,0.472,0.736,13.94,1366,95,93.05,90.56,92.83
830730000F1167,2.35,1.15,0.459,0.375,6.45,651,116,82.18,52.53,84.49
830180000B0472,2.45,1.45,0.457,0.676,1.75,680,443,34.85,3.68,42.94
261190000A0156,2.0,1.25,0.502,0.467,6.78,529,98,81.47,60.3,85.26
840260000F0262,2.15,1.05,0.523,0.518,2.44,2690,1375,48.88,1.23,59.0
830910000E0831,1.15,0.9,0.33,0.511,1.66,1130,561,50.35,2.92,39.65
840670000D0607,2.15,1.15,0.526,0.568,4.2,2297,669,70.88,48.76,76.19
263570000D0031,2.3,1.05,0.346,0.775,1.42,4025,2759,31.45,11.5,29.37
830510000E1499,2.25,1.35,0.486,0.425,27.23,1198,54,95.49,89.4,96.33
841330000F0488,2.15,1.0,0.523,0.536,2.35,247,133,46.15,0.0,57.49
841480000A0455,2.15,1.15,0.431,0.787,1.94,1744,945,45.81,31.19,48.39
841380000F0084,2.15,1.15,0.529,0.568,4.27,1111,331,70.21,47.52,76.6
83148000AH0241,2.2,0.95,0.514,0.484,2.51,5042,2441,51.59,0.02,60.21
07264000AM0023,2.0,1.25,0.527,0.547,2.93,1844,796,56.83,21.1,65.89
840370000E0438,2.05,1.05,0.438,0.743,13.54,758,52,93.14,90.77,92.61
840370000F0884,2.25,0.8,0.288,0.62,1.45,927,587,36.68,0.0,30.96
263800000C0744,2.0,1.25,0.526,0.667,3.78,540,176,67.41,51.11,73.52
26054000AM0249,2.2,1.1,0.416,0.749,1.6,3161,2028,35.84,14.33,37.65
84082000AS0155,2.15,1.1,0.528,0.518,2.41,1941,1018,47.55,0.0,58.48
072790000B0096,2.25,1.1,0.549,0.534,2.49,4393,2374,45.96,0.0,59.91
841170000C0241,1.95,1.25,0.472,0.606,8.05,515,77,85.05,75.34,87.57
830330000C0116,2.2,1.6,0.54,0.39,7.31,1257,230,81.7,53.06,86.32
841270000D0687,2.25,1.1,0.39,0.778,1.39,581,438,24.61,3.1,27.88
830180000D0782,2.45,1.3,0.371,0.699,1.54,857,592,30.92,1.17,34.89
830260000C0250,2.55,1.45,0.448,0.443,23.25,558,27,95.16,89.07,95.7
262750000I0369,2.05,1.15,0.373,0.872,2.57,239,95,60.25,54.39,61.09
841500000F0200,2.3,1.05,0.47,0.878,1.95,3865,2053,46.88,39.48,48.62
830950000H0243,2.3,1.35,0.51,0.593,17.33,1109,80,92.79,87.83,94.23
84127000AW0035,2.1,0.85,0.319,0.777,1.17,2625,2108,19.7,0.0,14.17
070150000C0704,2.55,0.9,0.313,0.545,2.47,491,186,62.12,30.55,59.47
840370000G0007,1.95,1.1,0.514,0.663,3.64,4060,1286,68.33,52.19,72.56
830490000D1512,2.35,1.25,0.371,0.532,1.94,366,193,47.27,0.82,48.36
840190000G0512,1.95,1.0,0.36,0.562,19.65,334,18,94.61,90.42,94.91
840770000C0080,2.0,1.25,0.537,0.561,5.02,1215,323,73.42,52.59,80.08
261790000B0583,2.0,1.25,0.533,0.604,5.66,900,206,77.11,62.11,82.33
071260000G0475,2.05,1.3,0.332,0.692,59.44,535,9,98.32,97.57,98.32
261790000B0372,2.0,1.25,0.515,0.514,2.66,506,231,54.35,11.26,62.45
26345000BK0257,1.65,1.5,0.418,0.676,8.77,377,48,87.27,81.17,88.59
841150000B0604,2.25,1.1,0.382,0.643,2.47,673,281,58.25,35.07,59.44
830830000B0251,2.5,1.95,0.554,0.406,3.7,1843,681,63.05,8.9,72.98
831400000C0102,2.55,1.3,0.569,0.615,23.23,11799,708,94.0,90.24,95.69
072910000A0796,,,,,,,,,,
84028000AY0269,2.1,1.15,0.383,0.869,5.95,2706,450,83.37,80.86,83.19
07264000AX0165,2.2,0.95,0.333,0.771,29.09,989,27,97.27,96.46,96.56
840390000F0700,2.0,1.1,0.501,0.626,4.7,1570,397,74.71,59.62,78.73
84106000AD0035,2.15,1.15,0.39,0.522,5.43,782,152,80.56,62.79,81.59
84046000AB0145,,,,,,,,,,
07056000AE0501,1.9,1.2,0.495,0.484,3.11,1080,417,61.39,20.19,67.87
830750000B1180,2.25,0.95,0.492,0.517,2.27,860,443,48.49,0.35,55.93
261190000C1030,2.05,0.8,0.469,0.561,1.91,469,265,43.5,0.0,47.76
84086000AI0346,2.0,1.35,0.507,0.568,10.8,1199,133,88.91,80.48,90.74
07174000AC0237,1.9,1.2,0.514,0.693,3.47,947,311,67.16,52.59,71.17
840370000E0168,1.95,0.85,0.44,0.619,1.66,705,433,38.58,0.71,39.86
841170000B0822,2.35,1.05,0.499,0.614,11.42,1862,178,90.44,84.43,91.25
840390000G0903,1.9,1.15,0.377,0.875,3.54,2166,569,73.73,69.99,71.75
830450000B0557,2.4,1.35,0.535,0.426,14.95,5247,450,91.42,79.86,93.31
84086000AI0270,2.25,1.4,0.558,0.53,7.93,2419,412,82.97,67.88,87.39
263570000E0128,1.9,1.2,0.444,0.444,29.63,3733,138,96.3,91.67,96.62
830870000C0553,2.3,1.45,0.566,0.427,3.43,9058,3748,58.62,3.12,70.87
26054000AE0145,2.05,1.05,0.505,0.54,2.24,1470,793,46.05,0.07,55.44
840960000B0908,,,,,,,,,,
830260000F0580,2.4,1.65,0.459,0.446,25.36,558,25,95.52,89.96,96.06
841460000C0113,2.0,1.25,0.527,0.569,7.02,5470,969,82.29,68.85,85.76
26179000ZA0120,2.4,1.0,0.368,0.778,2.1,3089,1392,54.94,42.05,52.31
84046000AM0007,2.65,0.9,0.279,0.509,4.97,149,28,81.21,63.09,79.87
840170000B0858,2.4,1.0,0.336,0.919,6.05,1355,192,85.83,84.58,83.47
83097000AK0218,2.4,1.85,0.46,0.559,2.11,857,471,45.04,1.75,52.63
83063000AC0076,2.25,1.4,0.533,0.422,6.48,1179,239,79.73,51.99,84.56
840890000A0104,2.5,1.35,0.442,0.618,1.79,6176,3852,37.63,0.0,44.17
841160000A0341,2.15,1.15,0.507,0.456,4.07,8793,2622,70.18,34.64,75.44
84127000AX0057,1.95,1.2,0.383,0.875,20.96,1090,49,95.5,94.86,95.23
07264000AE0401,1.85,1.2,0.477,0.568,13.54,1652,126,92.37,86.56,92.62
26220000AC0109,2.2,1.1,0.471,0.419,2.9,642,251,60.9,6.7,65.58
26345000AK0100,2.05,1.15,0.515,0.506,2.46,3013,1527,49.32,0.0,59.34
26345000AC0035,2.15,1.15,0.541,0.587,3.86,3246,1130,65.19,40.7,74.09
261820000A0185,2.05,1.2,0.522,0.539,2.35,1244,664,46.62,0.96,57.4
07345000ZB0320,2.1,1.0,0.489,0.587,1.94,4298,2539,40.93,0.0,48.58
840420000C0289,2.55,1.35,0.565,0.49,3.8,365,129,64.66,27.95,73.7
841500000H0622,2.15,1.15,0.552,0.578,2.38,9986,5651,43.41,2.03,57.93
830940000A0118,2.2,1.95,0.572,0.436,3.58,404,163,59.65,7.43,72.03
840840000B1336,2.25,1.3,0.562,0.525,2.88,1081,532,50.79,6.2,65.22
84102000AH0049,2.25,1.1,0.469,0.805,3.44,2628,803,69.44,62.02,70.93
07279000AM0198,2.2,1.0,0.34,0.708,1.44,1576,1083,31.28,2.92,30.77
84028000AX0058,2.2,1.1,0.439,0.749,14.62,2676,200,92.53,90.02,93.16
830990000B0060,2.5,1.35,0.453,0.552,2.06,1469,822,44.04,0.0,51.4
83097000AH0134,2.5,1.8,0.574,0.392,4.11,1700,595,65.0,10.82,75.65
841170000C0619,2.15,1.15,0.486,0.667,3.98,1274,374,70.64,55.97,74.88
830320000E0581,2.25,1.35,0.566,0.501,2.89,1737,862,50.37,0.86,65.34
07070000AL0050,1.9,1.2,0.491,0.527,8.84,3997,523,86.92,75.16,88.69
07264000AT0019,2.2,1.0,0.522,0.584,2.08,2442,1439,41.07,0.0,52.01
840450000A0056,2.35,1.05,0.47,0.725,4.92,541,124,77.08,68.39,79.67
831250000C0309,2.15,1.2,0.541,0.536,2.44,1669,900,46.08,0.0,59.02
26377000AC0020,1.8,1.15,0.446,0.652,14.34,1678,122,92.73,88.86,93.03
261920000C0069,2.05,1.2,0.507,0.544,3.11,3860,1536,60.21,26.81,67.85
84029000AB0061,2.4,0.85,0.357,0.727,73.35,1467,16,98.91,98.5,98.64
071520000A0499,1.9,1.2,0.477,0.579,2.28,41,22,46.34,7.32,56.1
841260000B0525,2.5,1.0,0.343,0.756,3.59,665,170,74.44,66.17,72.18
841380000K0254,2.0,1.25,0.532,0.685,6.88,3824,711,81.41,72.86,85.46
840260000B0071,1.5,0.95,0.166,0.667,561.0,1122,2,99.82,99.73,99.82
840300000E0479,2.0,1.2,0.516,0.659,3.83,792,257,67.55,50.76,73.86
841300000B0331,1.95,1.25,0.506,0.527,3.4,2886,1024,64.52,32.64,70.62
84138000AY0010,2.25,1.1,0.461,0.734,1.7,1744,1140,34.63,10.95,41.34
840300000D0070,2.0,1.25,0.384,0.644,10.56,285,29,89.82,84.21,90.53
07042000BC0052,2.15,1.15,0.548,0.574,3.11,1364,602,55.87,23.09,67.82
83097000AC0539,2.05,0.9,0.461,0.512,2.04,1831,946,48.33,0.0,50.96
840840000D0114,2.55,1.15,0.378,0.581,2.31,307,136,55.7,23.78,56.68
831400000E0524,2.2,1.3,0.558,0.465,3.06,2200,1017,53.77,0.68,67.27
83107000BK0105,2.2,1.25,0.569,0.558,2.61,3791,2085,45.0,1.42,61.73
830730000F0542,2.0,1.3,0.461,0.447,26.74,1818,76,95.82,90.65,96.26
830320000E1516,2.45,1.55,0.508,0.793,9.98,1687,203,87.97,84.83,89.98
262750000F0414,2.1,1.15,0.347,0.746,1.33,792,601,24.12,0.0,25.0
26367000AE0269,2.0,1.25,0.529,0.522,3.81,4085,1385,66.1,35.03,73.78
841360000B0887,2.0,1.25,0.539,0.619,4.5,833,244,70.71,52.7,77.79
26377000AI0262,2.15,1.15,0.55,0.59,4.43,6689,2042,69.47,48.27,77.44
13079000AH0156,2.5,0.95,0.373,0.658,1.49,1266,820,35.23,1.5,32.86
841360000B0073,2.2,1.1,0.378,0.714,6.71,1732,247,85.74,80.02,85.1
841450000K0076,2.0,1.25,0.53,0.525,3.9,1457,492,66.23,35.62,74.33
830460000E0066,2.25,1.5,0.556,0.437,3.31,1067,446,58.2,4.31,69.82
830940000E0404,2.35,1.6,0.558,0.408,4.33,597,192,67.84,21.11,76.88
261920000B0325,2.0,1.2,0.503,0.751,12.63,1768,163,90.78,87.73,92.08
84137000AH0496,2.05,1.2,0.488,0.428,5.61,1589,331,79.17,51.29,82.19
830570000B0717,2.15,1.0,0.486,0.601,1.89,709,430,39.35,0.0,46.97
831340000C0081,2.5,1.15,0.228,0.9,24.56,221,9,95.93,95.48,95.93
261820000C0083,2.35,0.8,0.321,0.68,1.36,1927,1323,31.34,0.0,26.21
83098000BK0131,2.45,1.45,0.576,0.439,3.31,6059,2651,56.25,0.3,69.83
830450000B0093,2.6,1.65,0.513,0.371,8.23,354,52,85.31,60.45,87.85
84024000AL0062,2.25,1.45,0.583,0.513,3.38,1299,573,55.89,13.93,70.44
070700000B0851,,,,,,,,,,
84118000AZ0063,2.2,1.05,0.531,0.53,2.48,2687,1401,47.86,1.56,59.66
840390000A0338,1.9,1.15,0.49,0.71,4.67,1092,260,76.19,66.48,78.57
840160000A0990,2.25,0.95,0.314,0.961,14.11,2187,122,94.42,94.19,92.91
830460000F2386,2.35,1.85,0.549,0.369,7.67,782,141,81.97,51.15,86.96
84012000AR0161,2.15,1.15,0.55,0.634,4.05,1117,371,66.79,47.63,75.29
263570000I0152,2.05,1.2,0.531,0.655,3.44,2056,746,63.72,44.6,70.91
84050000AK0124,2.35,0.95,0.267,0.667,650.62,5205,8,99.85,99.77,99.85
13079000AH0228,2.2,1.55,0.573,0.488,2.95,1302,634,51.31,0.15,66.13
831400000B1769,2.35,1.3,0.532,0.516,15.49,2882,243,91.57,83.66,93.55
13056000DM0362,2.0,1.25,0.51,0.565,11.51,2763,293,89.4,81.22,91.31
841500000B0564,2.3,1.05,0.317,0.73,1.52,1946,1258,35.35,11.46,34.33
831400000F0118,2.25,1.35,0.528,0.38,3.64,5793,2059,64.46,6.35,72.54
26317000AE0096,2.0,1.25,0.537,0.574,2.78,1870,895,52.14,16.63,64.06
840870000G0854,1.95,0.85,0.412,0.697,1.42,364,251,31.04,1.1,29.4
84104000AI0120,2.1,1.15,0.495,0.658,5.05,4745,1064,77.58,65.92,80.21
840720000F1421,2.25,1.1,0.361,0.747,1.65,1710,1022,40.23,19.94,39.53
26377000AY0067,2.05,1.2,0.533,0.507,2.81,1204,558,53.65,8.55,64.37
840030000E0262,2.2,1.45,0.551,0.473,3.37,1244,506,59.32,13.99,70.34
262330000A0282,2.0,1.25,0.514,0.456,3.01,11721,4843,58.68,9.42,66.81
26345000AP0343,2.15,1.15,0.517,0.685,3.58,969,331,65.84,50.15,72.03
841060000C1545,2.0,1.25,0.53,0.575,3.84,18380,5914,67.82,44.08,73.94
830910000E3471,2.55,1.95,0.538,0.556,3.11,579,240,58.55,25.39,67.88
841300000B0062,2.0,1.25,0.511,0.585,9.46,2204,286,87.02,77.81,89.43
840390000F1704,1.65,1.25,0.482,0.546,1.89,370,207,44.05,0.0,47.03
84073000AW0064,2.15,1.2,0.505,0.404,3.83,1364,429,68.55,22.14,73.9
830580000H0778,2.45,1.9,0.525,0.4,7.67,667,110,83.51,58.77,86.96
841460000A0753,2.25,1.0,0.525,0.535,2.38,2837,1504,46.99,0.99,58.05
84008000AC0149,2.15,1.15,0.544,0.55,3.47,371,143,61.46,29.92,71.16
841500000E0517,2.1,1.15,0.418,0.683,1.69,3548,2153,39.32,11.13,40.78
070510000A1306,2.1,0.7,0.364,0.789,1.15,380,296,22.11,1.32,13.16
83148000BV0066,2.55,1.65,0.539,0.4,6.84,1094,209,80.9,52.29,85.37
830940000B0724,1.65,1.15,0.426,0.431,2.42,2032,877,56.84,0.0,58.66
840710000A1573,2.3,1.15,0.367,0.635,2.81,508,186,63.39,42.32,64.37
83104000CD0069,1.9,1.2,0.378,0.444,53.78,1452,28,98.07,95.66,98.14
830910000D0538,2.4,1.9,0.452,0.478,3.04,167,64,61.68,19.76,67.07
13110000BL0068,2.45,1.55,0.554,0.464,3.01,511,235,54.01,0.98,66.73
83096000AD0043,2.15,1.15,0.543,0.515,2.6,1950,997,48.87,0.67,61.59
263770000H0120,2.15,1.15,0.537,0.534,3.52,1398,523,62.59,29.97,71.6
26317000AE0226,2.2,1.1,0.538,0.504,2.59,1297,654,49.58,0.0,61.45
83097000AO0181,2.5,1.45,0.57,0.451,3.27,933,412,55.84,2.14,69.45
830270000E0359,2.0,1.25,0.538,0.63,5.32,6431,1559,75.76,61.53,81.2
84028000AR0011,2.15,1.15,0.461,0.818,3.53,2063,615,70.19,63.55,71.69
830720000I0338,2.4,1.3,0.546,0.499,24.43,7868,433,94.5,88.97,95.91
841380000F0492,1.7,1.0,0.331,0.6,412.32,7834,18,99.77,99.62,99.76
84039000AA0074,1.6,1.3,0.458,0.716,30.2,4439,149,96.64,95.31,96.69
07264000AO0059,2.35,1.05,0.391,0.719,1.88,1485,789,46.87,26.06,46.8
841220000A0201,2.25,1.1,0.435,0.708,2.2,1328,646,51.36,31.25,54.59
26271000ZE0101,2.0,1.25,0.52,0.591,5.15,979,234,76.1,59.55,80.59
830730000G1510,2.4,1.6,0.583,0.466,3.26,1192,552,53.69,0.59,69.3
831080000G0118,2.1,1.25,0.463,0.393,30.12,2681,99,96.31,90.6,96.68
840020000C0202,2.1,1.15,0.554,0.7,2.53,38,21,44.74,21.05,60.53
130030000A0304,2.0,1.2,0.494,0.711,8.92,821,106,87.09,81.85,88.79
263570000S0066,1.8,1.2,0.475,0.733,32.75,6944,225,96.76,95.58,96.95
841380000H1092,1.9,1.25,0.459,0.726,13.78,813,61,92.5,89.67,92.74
830920000A0404,2.3,1.25,0.504,0.386,5.68,2886,620,78.52,44.35,82.4
84018000AI0139,2.15,1.15,0.506,0.517,8.77,3631,485,86.64,74.14,88.6
841380000B0106,2.2,1.1,0.544,0.57,3.09,1158,491,57.6,25.65,67.62
070150000C0549,1.55,1.15,0.428,0.534,1.88,470,250,46.81,0.43,46.81
071690000C0932,2.0,0.95,0.477,0.522,2.1,4599,2394,47.95,0.3,52.49
84104000AB0205,2.15,1.15,0.555,0.606,2.93,8903,4112,53.81,23.78,65.89
840870000K0506,1.9,1.15,0.358,0.659,1.68,791,480,39.32,7.96,40.58
13082000CE0013,2.0,1.25,0.537,0.583,3.74,6328,2226,64.82,39.68,73.29
840490000D0268,1.75,1.25,0.381,0.6,37.33,560,15,97.32,95.54,97.32
830750000A0198,2.5,1.25,0.482,0.684,19.55,5670,336,94.07,91.34,94.89
071690000B0251,,,,,,,,,,
07056000AK0101,2.2,0.9,0.438,0.693,1.46,780,551,29.36,0.0,31.28
840170000D0107,2.25,1.1,0.539,0.572,2.31,1431,809,43.47,1.19,56.74
840870000K0394,2.0,1.1,0.512,0.575,2.91,10048,4155,58.65,28.07,65.61
840200000C0216,2.5,1.15,0.473,0.642,33.2,1328,43,96.76,94.95,96.99
07279000AO0103,2.25,1.35,0.556,0.537,2.68,322,169,47.52,2.17,62.73
83121000AP0005,1.05,0.7,0.25,0.764,93.37,15967,68,99.57,99.44,98.93
830910000D0335,2.25,1.3,0.421,0.527,56.08,1402,29,97.93,96.08,98.22
831000000A1753,2.0,0.85,0.473,0.512,2.14,2741,1401,48.89,0.11,53.34
840370000B0616,2.0,1.1,0.499,0.525,2.97,37145,14538,60.86,25.48,66.37
26345000BM0001,2.1,1.0,0.487,0.609,1.96,1347,802,40.46,2.23,49.0
831000000A0435,1.95,0.9,0.464,0.537,2.07,2356,1237,47.5,2.16,51.66
84032000AS0215,2.0,1.25,0.533,0.538,3.64,2844,1011,64.45,33.93,72.54
841480000A0840,2.2,1.1,0.38,0.64,60.07,901,16,98.22,97.23,98.34
840960000F0006,2.0,1.25,0.541,0.56,3.08,2360,997,57.75,24.62,67.58
26345000BK0287,2.2,1.05,0.365,0.796,1.77,133,74,44.36,30.08,43.61
840400000A0144,1.7,1.2,0.444,0.683,8.36,1354,166,87.74,82.05,88.04
263570000A0210,2.0,1.25,0.49,0.409,3.42,817,291,64.38,12.85,70.75
840490000E0261,2.05,1.2,0.488,0.726,14.96,1586,114,92.81,90.1,93.32
26377000AM0218,2.05,1.2,0.513,0.616,4.91,569,138,75.75,60.63,79.61
26179000ZB0058,2.0,1.25,0.527,0.521,2.93,12056,5043,58.17,19.71,65.82
261880000C0758,2.05,1.2,0.451,0.614,3.5,294,97,67.01,46.26,71.43
840120000A0331,2.0,1.15,0.464,0.394,2.87,3310,1311,60.39,0.0,65.17
07042000BE0019,2.05,1.2,0.471,0.576,33.12,2186,68,96.89,94.6,96.98
830910000E0130,1.95,0.9,0.466,0.516,2.13,3098,1601,48.32,0.0,53.03
840200000C1743,2.35,1.4,0.548,0.405,5.61,3509,850,75.78,40.18,82.19
841090000B0112,2.25,1.1,0.444,0.756,2.82,7664,2880,62.42,50.29,64.5
070150000A0202,2.0,1.15,0.539,0.603,2.13,576,334,42.01,3.82,52.95
840370000C0908,1.6,1.05,0.361,0.643,26.33,790,27,96.58,94.68,96.2
840960000B0158,2.0,1.25,0.504,0.571,25.2,5444,252,95.37,91.9,96.03
83104000BZ0377,1.9,1.3,0.507,0.486,5.93,3207,648,79.79,58.43,83.13
831400000A0390,2.3,1.9,0.6,0.455,5.16,1141,345,69.76,33.57,80.63
830720000F0860,,,,,,,,,,
840870000B0721,1.8,1.2,0.498,0.672,5.1,6408,1428,77.72,66.84,80.4
84028000AO0041,2.2,1.1,0.326,0.904,4.66,373,75,79.89,77.75,78.55
84082000AN0063,2.3,1.05,0.357,0.658,1.79,1202,669,44.34,15.39,44.18
830510000A0269,2.45,1.45,0.385,0.389,20.3,406,21,94.83,86.7,95.07
830830000C0465,2.6,1.75,0.581,0.418,3.98,1936,715,63.07,11.62,74.9
261800000C1167,2.05,1.2,0.493,0.457,3.75,862,273,68.33,30.63,73.32
841380000Q0481,1.65,1.2,0.433,0.551,18.85,2300,124,94.61,90.22,94.7
84012000AE0500,2.2,1.1,0.428,0.869,2.88,3499,1258,64.05,58.65,65.22
841150000C0209,2.25,1.05,0.525,0.519,2.42,2357,1224,48.07,0.0,58.76
071400000D0531,2.3,1.0,0.286,0.803,2.26,147,57,61.22,51.7,55.78
84004000AO0097,2.0,1.1,0.502,0.542,3.3,1964,713,63.7,32.99,69.65
13079000AT0203,2.15,1.5,0.492,0.489,9.62,558,68,87.81,75.09,89.61
84081000BA0014,2.1,1.15,0.395,0.574,1.92,2698,1487,44.89,3.97,47.85
840960000D0299,,,,,,,,,,
830720000H0743,2.15,1.7,0.479,0.446,10.89,599,62,89.65,76.79,90.82
83042000AB0033,2.25,1.35,0.536,0.444,2.94,1993,872,56.25,1.46,66.03
13050000BP0146,2.5,1.0,0.297,0.794,1.49,746,475,36.33,19.84,32.98
840960000B0606,2.2,0.8,0.472,0.717,1.44,664,471,29.07,1.05,30.72
840840000D0280,2.5,0.9,0.326,0.703,1.32,3673,2553,30.49,1.2,24.37
073080000D0120,2.2,0.95,0.524,0.521,2.44,1274,663,47.96,0.16,58.95
830790000A0977,2.35,0.55,0.313,0.68,1.05,1686,1407,16.55,0.0,4.39
07168000AD0073,2.2,1.45,0.53,0.516,15.26,763,63,91.74,84.01,93.45
830910000E0506,1.7,0.85,0.392,0.479,1.95,5421,2593,52.17,0.11,48.81
84118000BC0261,2.2,1.05,0.534,0.532,2.41,2090,1103,47.22,0.72,58.42
830350000B0260,2.0,1.25,0.546,0.626,4.24,1745,531,69.57,51.4,76.39
84028000AZ0280,2.15,1.15,0.543,0.534,2.92,2318,1067,53.97,13.76,65.7
84081000BM0161,2.0,1.25,0.522,0.598,2.35,233,125,46.35,10.3,57.51
83097000AN0205,2.25,1.85,0.564,0.525,6.73,922,191,79.28,60.52,85.14
841000000A0315,2.15,1.15,0.528,0.683,5.81,773,170,78.01,67.79,82.79
261880000D0399,2.3,1.05,0.485,0.582,3.1,487,177,63.66,37.58,67.76
840970000D0288,2.05,1.2,0.496,0.66,59.18,6687,126,98.12,97.14,98.31
84104000AL0160,2.1,1.15,0.345,0.727,1.82,477,264,44.65,23.9,45.07
84073000AB0064,1.5,0.95,0.327,0.706,34.93,1956,48,97.55,96.52,97.14
840960000D0013,2.35,1.05,0.355,0.712,1.39,300,210,30.0,1.67,28.0
26317000AD0042,2.0,1.25,0.535,0.581,2.9,1295,569,56.06,24.32,65.48
83112000CY0014,2.15,1.15,0.527,0.565,2.73,1320,619,53.11,16.97,63.41
841220000B0530,2.25,1.1,0.532,0.699,6.09,2101,419,80.06,71.49,83.58
830450000D0368,2.75,1.7,0.536,0.385,5.06,319,84,73.67,31.66,80.25
84129000CD0037,2.25,0.75,0.37,0.725,1.29,10661,7778,27.04,0.0,22.42
830270000C1047,1.95,1.25,0.456,0.592,4.31,2657,681,74.37,56.72,76.78
840720000E0235,2.25,1.05,0.422,0.719,1.42,1848,1326,28.25,0.16,29.44
830490000D0850,2.2,1.3,0.539,0.412,3.33,3412,1353,60.35,3.84,69.99
830650000A4793,2.25,1.3,0.539,0.413,4.02,672,225,66.52,18.9,75.15
261820000D0123,2.0,1.25,0.527,0.527,3.1,1300,531,59.15,22.54,67.77
073450000A0112,1.6,1.2,0.461,0.573,1.83,616,350,43.18,0.81,45.29
841340000E0007,2.15,1.15,0.543,0.584,2.75,563,271,51.87,17.58,63.59
83096000AI0027,2.25,1.65,0.577,0.438,3.45,1086,459,57.73,3.59,70.99
840720000F0537,2.3,1.05,0.348,0.672,6.36,5353,845,84.21,76.5,84.27
841380000S0272,2.15,1.15,0.522,0.49,3.49,1605,582,63.74,25.98,71.34
84135000AX0009,2.0,1.15,0.402,0.95,14.14,2857,191,93.31,92.96,92.93
830670000D0646,2.4,0.7,0.282,0.773,1.19,8649,6566,24.08,1.73,16.02
841480000A0149,2.05,1.2,0.537,0.592,3.93,1443,484,66.46,43.38,74.57
840560000F0760,2.2,1.1,0.387,0.723,1.69,8399,4997,40.5,17.67,40.97
830040000G0401,2.45,1.5,0.579,0.454,3.28,1313,586,55.37,1.75,69.54
840960000F0502,2.0,1.2,0.489,0.664,19.39,1706,99,94.2,91.27,94.84
830910000B0092,2.25,1.65,0.583,0.418,3.77,799,318,60.2,4.88,73.47
830320000A0201,,,,,,,,,,
840170000D1018,2.1,0.9,0.497,0.512,2.35,2450,1240,49.39,1.22,57.43
831080000C0868,2.5,1.1,0.39,0.649,1.59,1329,870,34.54,0.0,37.17
072910000B0606,2.25,1.4,0.574,0.514,2.82,1920,990,48.44,0.0,64.58
841500000E0183,2.0,1.25,0.548,0.66,4.36,881,262,70.26,54.94,77.07
840890000A0458,2.5,1.4,0.46,0.536,3.84,7663,2330,69.59,43.22,73.94
840760000B0181,2.0,1.45,0.439,0.588,5.71,257,47,81.71,68.87,82.49
841220000B0042,2.5,1.0,0.302,0.675,1.73,420,237,43.57,16.43,42.14
830270000E0452,2.05,1.2,0.512,0.468,2.66,1637,772,52.84,0.0,62.37
840720000I0826,,,,,,,,,,
831340000B0576,,,,,,,,,,
84028000AR0048,2.1,1.15,0.538,0.572,2.28,3344,1942,41.93,0.0,56.07
840370000D0169,2.0,1.1,0.495,0.647,5.21,969,211,78.22,66.36,80.8
84104000AD0144,1.7,1.15,0.378,0.667,40.25,966,24,97.52,96.27,97.52
841330000C1162,,,,,,,,,,
830060000B0245,2.0,1.25,0.533,0.551,3.28,6639,2641,60.22,27.87,69.54
840190000D0883,2.25,0.8,0.385,0.799,1.18,3967,3163,20.27,0.25,15.1
83149000AM0041,,,,,,,,,,
840220000D0489,1.95,1.25,0.522,0.671,7.98,2059,330,83.97,76.1,87.47
840560000B0055,1.95,1.25,0.539,0.688,4.82,1644,430,73.84,61.98,79.26
071680000A0340,2.25,1.75,0.528,0.565,3.3,2034,789,61.21,31.32,69.67
841260000E1725,2.3,1.05,0.384,0.621,1.65,2467,1532,37.9,0.0,39.4
84091000AL0072,2.2,0.8,0.513,0.595,2.07,1008,596,40.87,0.69,51.59
841170000A0287,2.25,1.1,0.437,0.5,8.0,328,43,86.89,73.78,87.5
84012000AP0058,2.4,0.95,0.45,0.678,14.25,869,61,92.98,89.64,92.98
84028000AY0320,2.15,1.1,0.381,0.715,1.4,1306,954,26.95,0.0,28.33
84073000AB0147,2.3,1.45,0.553,0.48,4.8,590,167,71.69,41.02,79.15
84138000AS0049,2.05,1.2,0.547,0.606,3.31,4480,1804,59.73,33.57,69.8
83116000AI0239,2.4,1.3,0.562,0.519,2.71,879,455,48.24,0.34,63.14
840560000F0089,2.1,1.15,0.415,0.855,3.95,2773,693,75.01,70.75,74.68
830040000C1334,1.95,1.3,0.392,0.419,25.52,1276,52,95.92,90.28,96.08
84012000AP0210,2.1,1.0,0.306,0.828,6.94,687,82,88.06,85.59,85.59
13079000BN0055,2.35,1.55,0.544,0.422,3.35,312,127,59.29,3.53,70.19
840140000A0509,2.35,1.45,0.542,0.38,7.35,11758,2085,82.27,53.27,86.4
831480000I0265,2.45,1.4,0.47,0.761,10.16,1240,137,88.95,85.48,90.16
830470000B1284,1.45,0.9,0.37,0.493,1.79,3879,1906,50.86,0.41,44.26
841340000B0179,2.2,1.0,0.54,0.587,2.15,9099,5436,40.26,0.0,53.57
841220000B0546,2.0,1.25,0.521,0.665,8.61,2549,357,85.99,78.93,88.39
830720000C0237,1.7,1.1,0.412,0.39,17.66,6887,399,94.21,85.13,94.34
840140000I0144,2.55,1.45,0.554,0.497,2.88,3099,1473,52.47,4.32,65.25
072640000B0347,2.15,1.15,0.559,0.619,3.59,3120,1179,62.21,38.97,72.18
840490000C0105,2.0,1.25,0.53,0.593,5.13,3186,784,75.39,58.51,80.51
841220000A0329,2.0,1.25,0.434,0.777,4.35,3852,947,75.42,68.35,77.02
261560000B0568,1.55,0.85,0.397,0.676,1.24,588,406,30.95,0.0,19.39
26377000AR0015,2.5,1.0,0.314,0.741,2.1,1938,907,53.2,36.84,52.32
840140000C0329,2.2,1.3,0.564,0.52,2.84,1772,867,51.07,5.87,64.79
840960000E0382,1.85,1.3,0.431,0.556,10.56,644,65,89.91,81.83,90.53
840020000B0425,2.55,1.05,0.446,0.562,1.91,2450,1393,43.14,0.0,47.55
84003000CE0044,2.2,1.45,0.583,0.501,3.15,1378,644,53.27,6.75,68.21
840420000E1116,2.2,0.85,0.498,0.525,2.11,2459,1309,46.77,0.0,52.54
07264000AL0061,2.2,1.1,0.332,0.833,1.51,4218,2747,34.87,21.79,33.83
263480000D0956,2.0,1.25,0.541,0.568,3.46,3146,1197,61.95,33.03,71.11
84118000AP0119,2.15,1.15,0.521,0.45,3.16,1616,645,60.09,11.32,68.38
84008000AO0071,2.05,1.2,0.492,0.417,3.66,545,179,67.16,21.28,72.66
84141000BA0154,2.15,1.15,0.527,0.562,3.42,253,99,60.87,30.43,70.75
830920000D0831,2.2,0.9,0.491,0.515,2.2,2035,1057,48.06,0.0,54.55
841480000B0280,1.95,1.25,0.508,0.575,7.03,2004,339,83.08,70.56,85.78
840560000A0094,1.95,1.25,0.489,0.736,12.96,609,53,91.3,88.18,92.28
841170000A0361,,,,,,,,,,
83101000AS0332,2.5,1.35,0.423,0.621,1.79,6007,3700,38.41,0.83,44.07
840170000E0289,1.95,1.25,0.509,0.634,8.78,1879,258,86.27,78.34,88.61
840140000E0371,2.5,1.35,0.39,0.623,1.76,640,397,37.97,0.47,43.12
830040000C1059,2.4,1.9,0.589,0.409,4.31,1193,418,64.96,14.25,76.78
840200000A1744,2.5,1.45,0.54,0.597,8.83,1687,255,84.88,74.69,88.68
840390000G0153,1.8,1.2,0.4,0.886,3.02,1763,573,67.5,63.3,66.87
13079000AW0076,2.4,1.25,0.568,0.527,2.66,1408,744,47.16,0.0,62.43
830420000A0204,2.0,1.15,0.502,0.443,2.78,2427,1062,56.24,1.24,63.99
841500000B0394,2.25,1.1,0.417,0.773,4.09,3103,786,74.67,67.23,75.54
840440000A0949,2.05,1.2,0.536,0.618,4.59,1551,441,71.57,53.97,78.21
840700000A0186,2.25,1.1,0.44,0.625,2.2,1963,980,50.08,20.12,54.51
841340000B0607,2.2,1.1,0.4,0.733,4.58,1789,398,77.75,69.65,78.14
830720000D0596,2.4,1.85,0.594,0.414,3.77,1243,514,58.65,0.08,73.45
840720000B0564,2.3,1.05,0.368,0.911,1.99,1743,821,52.9,48.31,49.8
831480000I0002,2.5,1.75,0.599,0.431,6.17,8106,2059,74.6,41.11,83.8
84069000AI0301,2.25,1.05,0.33,0.88,5.32,990,161,83.74,81.52,81.21
07228000ZA0027,1.85,1.05,0.459,0.5,2.13,2040,1031,49.46,0.0,53.04
830490000D0119,2.4,1.2,0.402,0.608,1.74,1470,884,39.86,1.09,42.65
840970000B0238,2.15,1.05,0.533,0.549,2.39,2305,1265,45.12,0.09,58.09
84118000BC0151,2.25,1.1,0.554,0.524,2.99,2896,1323,54.32,12.88,66.61
840560000B0616,2.2,1.1,0.348,0.749,1.9,1620,849,47.59,30.0,47.28
841060000B0454,2.15,1.15,0.39,0.865,1.84,2504,1367,45.41,36.86,45.77
830210000K0052,1.45,1.3,0.367,0.396,77.78,5367,67,98.75,96.85,98.71
840870000L0600,1.9,1.15,0.452,0.758,1.77,2351,1394,40.71,21.78,43.43
84028000AP0036,2.0,1.25,0.542,0.598,4.31,14703,4437,69.82,49.54,76.79
26367000AP0111,2.05,1.15,0.518,0.665,12.35,5778,553,90.43,85.6,91.9
84099000AL0016,2.5,1.3,0.562,0.479,2.96,649,309,52.39,0.62,66.26
840890000B4159,2.5,1.35,0.436,0.698,4.18,343,88,74.34,63.27,76.09
261100000B0225,1.95,1.2,0.406,0.606,1.76,845,514,39.17,0.0,43.2
070970000D0859,1.9,1.2,0.487,0.49,3.1,620,232,62.58,23.71,67.74
841460000E0317,2.25,1.1,0.521,0.585,3.42,3205,1198,62.62,36.1,70.8
073450000A0623,1.8,1.25,0.466,0.658,6.51,469,79,83.16,74.41,84.65
130480000C1697,2.0,1.25,0.513,0.477,6.42,23408,4484,80.84,59.82,84.43
84104000AE0118,2.15,1.15,0.533,0.724,14.93,3224,254,92.12,89.11,93.3
26377000AK0170,2.35,1.05,0.509,0.608,3.77,2033,620,69.5,49.88,73.49
26377000AY0155,1.95,1.25,0.437,0.417,33.12,1921,65,96.62,91.88,96.98
840890000B4061,1.9,1.05,0.471,0.491,2.23,9076,4525,50.14,0.0,55.06
841380000S0481,2.4,0.95,0.36,0.852,3.44,461,121,73.75,69.2,70.93
830940000D0716,2.3,1.1,0.425,0.505,2.05,1014,529,47.83,0.0,51.28
84127000AO0040,2.15,1.05,0.316,0.73,1.36,1711,1244,27.29,0.47,26.42
831430000E0326,2.2,2.2,0.583,0.438,9.58,3851,510,86.76,69.75,89.56
830040000A0770,2.55,1.4,0.532,0.445,13.49,2510,243,90.32,78.25,92.59
840560000B0308,2.0,1.2,0.488,0.623,5.43,239,48,79.92,67.78,81.59
840140000C0440,2.5,1.4,0.574,0.454,3.35,2278,979,57.02,5.4,70.11
840300000E0482,2.15,1.15,0.535,0.56,5.11,3426,865,74.75,54.93,80.41
841460000C0410,1.95,1.25,0.514,0.636,11.09,5447,585,89.26,83.11,90.99
840870000C0301,2.2,1.0,0.544,0.607,2.51,4253,2184,48.65,15.4,60.19
83107000BS0109,2.2,1.3,0.575,0.546,2.86,1762,924,47.56,4.03,65.04
840610000B0229,2.2,1.1,0.479,0.765,2.66,3095,1302,57.93,44.98,62.42
841270000D0514,2.0,1.25,0.549,0.646,4.13,2388,756,68.34,50.96,75.8
13085000AP0223,2.25,1.55,0.552,0.456,3.08,20835,9305,55.34,2.09,67.49
830180000D0185,1.8,1.3,0.399,0.622,28.85,779,28,96.41,94.22,96.53
263410000C0094,1.9,1.3,0.418,0.71,6.09,134,22,83.58,76.87,83.58
841330000D1097,2.25,1.4,0.579,0.537,4.11,2797,989,64.64,34.11,75.65
84137000AN0014,2.45,1.0,0.505,0.584,4.04,3224,946,70.66,49.75,75.25
841090000C0165,2.15,1.1,0.3,0.845,1.71,1535,890,42.02,31.4,41.5
84135000BH0012,1.5,1.25,0.424,0.763,32.21,12787,400,96.87,95.9,96.9
840170000B0839,2.0,1.2,0.468,0.61,6.62,351,64,81.77,70.09,84.9
13056000DO0054,2.35,1.05,0.402,0.424,8.44,717,87,87.87,71.41,88.15
830450000E0063,1.9,1.05,0.414,0.385,6.01,2072,360,82.63,54.87,83.35
840450000B0072,2.4,1.0,0.346,0.709,3.37,1721,459,73.33,62.41,70.31
840560000F0266,2.15,1.1,0.517,0.521,2.39,1002,523,47.8,0.0,58.18
831480000I0079,2.5,1.55,0.583,0.414,3.99,5192,1966,62.13,8.59,74.94
841330000G0273,2.5,1.4,0.43,0.673,2.04,1457,795,45.44,18.87,50.93
840780000C0569,2.25,1.1,0.522,0.689,5.35,2152,478,77.79,67.75,81.32
840560000F0522,1.95,1.1,0.321,0.677,1.49,769,525,31.73,0.0,32.77
84018000AB0016,1.25,1.15,0.307,0.71,282.1,8181,22,99.73,99.62,99.65
841360000A0063,2.1,1.15,0.382,0.795,2.95,1260,424,66.35,57.7,66.11
83097000AD0706,,,,,,,,,,
840510000C0354,2.5,1.25,0.521,0.552,45.66,3242,85,97.38,95.25,97.81
841500000G0569,2.05,1.2,0.503,0.52,3.55,1789,617,65.51,33.65,71.83
26377000AM0021,2.4,1.0,0.377,0.765,5.75,880,140,84.09,79.2,82.61
830060000A0079,2.25,1.1,0.548,0.684,3.67,517,173,66.54,51.06,72.73
840770000B0494,2.05,1.2,0.53,0.562,3.07,1079,467,56.72,22.98,67.38
840160000K0199,1.9,1.15,0.513,0.627,4.13,727,198,72.76,56.53,75.79
840980000A1152,2.45,1.0,0.5,0.633,2.84,1364,558,59.09,35.41,64.81
84082000AN0057,2.3,0.85,0.382,0.685,1.35,2520,1744,30.79,0.0,25.99
84104000AH0186,2.15,1.15,0.546,0.657,2.85,1110,511,53.96,29.91,64.86
840770000B0529,2.15,1.15,0.538,0.565,2.66,583,290,50.26,12.01,62.44
830320000E1363,2.5,1.85,0.565,0.561,5.5,6917,1767,74.45,54.43,81.81
84028000AL0055,1.85,1.2,0.386,0.641,17.29,415,25,93.98,90.6,94.22
830210000B0492,2.2,1.3,0.506,0.373,40.13,6060,182,97.0,91.95,97.51
84129000AO0003,1.8,1.2,0.502,0.633,3.96,1209,349,71.13,54.43,74.77
840390000G0579,2.15,0.9,0.48,0.7,1.56,780,557,28.59,0.0,35.77
840300000D0454,2.25,1.1,0.514,0.62,8.16,1436,204,85.79,77.09,87.74
840680000D0871,2.2,1.25,0.546,0.441,3.0,3017,1341,55.55,0.0,66.72
840960000B0823,2.0,1.25,0.534,0.679,4.64,2068,551,73.36,60.78,78.43
83101000BC0055,2.5,1.3,0.46,0.63,1.81,1946,1237,36.43,0.0,44.86
13072000AZ0044,2.15,1.2,0.527,0.499,2.49,941,479,49.1,0.0,59.83
071520000A1484,2.1,0.95,0.466,0.623,1.73,157,99,36.94,0.0,42.04
26377000ZB0222,,,,,,,,,,
83123000AD0521,2.0,1.25,0.537,0.568,4.24,1873,561,70.05,47.3,76.4
841170000C0524,2.2,1.1,0.529,0.577,3.8,1301,432,66.79,42.43,73.71
83149000AH0326,2.4,1.75,0.521,0.475,5.9,183,38,79.23,56.28,83.06
841380000S0119,2.0,1.25,0.517,0.65,4.92,2242,554,75.29,62.0,79.66
84081000AY0084,2.15,1.15,0.548,0.598,3.25,1860,755,59.41,32.15,69.19
841500000B0356,2.25,1.1,0.388,0.792,9.4,3139,328,89.55,86.81,89.36
830690000C0499,2.45,1.55,0.553,0.435,3.21,5476,2321,57.62,2.57,68.81
13056000DS0157,2.0,1.25,0.49,0.538,14.31,1345,112,91.67,84.54,93.01
830630000C0007,2.25,1.45,0.539,0.447,12.15,1689,180,89.34,76.14,91.77
13087000AK0141,2.5,1.05,0.361,0.554,1.83,453,247,45.47,1.55,45.47
83148000AI0273,1.5,1.2,0.417,0.662,60.87,8582,131,98.47,97.69,98.36
840200000D0832,2.45,1.4,0.574,0.515,4.58,2397,756,68.46,38.76,78.18
830570000E0143,,,,,,,,,,
84072000CH0057,2.0,1.25,0.53,0.544,2.88,2022,906,55.19,17.66,65.23
841010000C0168,2.0,1.25,0.522,0.539,7.28,4463,757,83.04,68.52,86.26
841330000A0451,2.25,1.3,0.565,0.482,3.03,1484,695,53.17,2.83,67.05
830940000A0710,2.25,1.95,0.577,0.383,3.89,11235,4208,62.55,2.27,74.3
840770000B0313,2.0,1.25,0.55,0.658,4.48,1497,444,70.34,54.91,77.69
84122000AS0293,2.0,1.2,0.452,0.627,18.09,597,37,93.8,90.12,94.47
840170000G0582,2.05,1.2,0.492,0.538,9.33,1502,192,87.22,76.23,89.28
840870000M0100,2.0,1.1,0.507,0.585,2.28,2943,1519,48.39,11.79,56.2
830450000H0307,2.45,1.4,0.557,0.473,3.49,809,320,60.44,16.32,71.32
26054000AD0345,2.2,1.1,0.48,0.789,1.63,660,452,31.52,13.18,38.79
840390000H0733,2.4,0.85,0.423,0.553,7.52,617,78,87.36,77.15,86.71
841220000A0012,2.2,1.1,0.384,0.894,6.02,4237,706,83.34,81.35,83.38
07168000AD0078,2.45,1.4,0.542,0.512,8.17,1029,164,84.06,68.9,87.76
841210000A0088,2.25,1.3,0.55,0.45,3.08,6104,2693,55.88,2.06,67.56
84046000AM0087,2.25,1.1,0.546,0.531,2.86,1456,669,54.05,13.46,65.04
830850000D0332,2.45,1.35,0.576,0.463,3.09,1231,571,53.61,0.0,67.67
840290000C0118,,,,,,,,,,
831410000A0126,2.2,1.4,0.537,0.427,8.64,8636,1310,84.83,64.45,88.43
84003000BX0105,2.35,1.35,0.433,0.587,3.35,892,294,67.04,43.83,70.18
07228000AL0015,1.8,1.25,0.5,0.591,3.79,1837,558,69.62,48.61,73.6
84073000AB0157,2.3,1.3,0.391,0.795,3.07,896,306,65.85,57.03,67.41
830940000G0293,2.35,1.8,0.488,0.59,2.18,85,49,42.35,2.35,54.12
13118000AN0022,2.2,1.1,0.524,0.569,5.62,1337,296,77.86,61.11,82.2
261560000B0216,1.4,0.85,0.358,0.601,1.29,500,309,38.2,0.0,22.2
841400000B0695,2.25,1.4,0.533,0.423,3.97,948,302,68.14,24.68,74.79
83047000BK0010,1.9,1.05,0.462,0.453,2.44,4138,1889,54.35,0.0,59.06
840390000D0345,1.9,1.15,0.382,0.71,2.64,454,171,62.33,46.92,62.11
830270000B0121,2.0,1.25,0.524,0.626,5.46,2720,613,77.46,64.01,81.69
26038000ZI0072,2.0,1.25,0.532,0.515,2.52,12609,6347,49.66,2.28,60.24
841060000A0649,2.2,1.05,0.461,0.702,1.53,1471,1027,30.18,0.48,34.67
830260000D0368,2.15,1.3,0.512,0.384,4.09,11013,3334,69.73,21.17,75.53
070510000A1683,1.95,1.1,0.497,0.566,2.17,648,358,44.75,2.47,54.01
13050000BP0098,2.5,1.0,0.369,0.75,1.97,485,234,51.75,35.67,49.28
263770000H0370,2.0,1.25,0.541,0.566,3.83,9624,3328,65.42,38.89,73.9
261800000C0542,1.5,1.2,0.275,0.6,40.69,529,12,97.73,96.22,97.54
840870000K0531,1.9,1.15,0.393,0.87,1.73,1179,671,43.09,34.61,42.07
840370000D0788,,,,,,,,,,
84137000AC0218,2.05,1.2,0.466,0.558,17.14,634,43,93.22,87.85,94.16
840290000C0560,1.65,1.0,0.406,0.465,2.11,411,195,52.55,0.0,52.55
261100000B0465,1.7,1.0,0.416,0.505,1.91,6500,3311,49.06,0.0,47.77
26345000BK0051,2.0,1.25,0.533,0.778,3.29,1025,396,61.37,50.34,69.56
841220000A0223,1.65,1.45,0.435,0.574,7.56,431,62,85.61,74.94,86.77
84118000AK0046,2.15,1.15,0.549,0.631,4.01,1453,479,67.03,47.76,75.09
072910000B0698,2.25,1.2,0.485,0.39,9.63,982,124,87.37,67.62,89.61
830940000F0683,2.5,1.9,0.533,0.497,2.73,1045,504,51.77,2.87,63.35
830460000F2106,2.25,1.55,0.506,0.399,15.1,1027,85,91.72,79.26,93.38
261820000C0070,2.15,1.15,0.522,0.494,2.95,1822,795,56.37,11.69,66.14
841330000B0118,2.4,1.2,0.411,0.685,1.53,2507,1723,31.27,0.0,34.74
830350000B0750,2.2,1.05,0.53,0.551,2.27,814,455,44.1,0.0,55.9
07324000AX0109,1.7,1.05,0.431,0.501,2.02,844,423,49.88,0.0,50.47
830570000B0526,2.5,1.95,0.544,0.46,3.99,630,217,65.56,25.08,74.92
840370000D0128,1.75,1.25,0.392,0.479,2.44,557,239,57.09,10.41,59.07
840400000C1216,2.0,1.25,0.526,0.623,6.55,3765,707,81.22,69.88,84.73
840390000G1768,2.15,0.95,0.265,0.568,3.92,98,25,74.49,55.1,74.49
262750000E0305,1.8,1.2,0.252,0.571,135.25,1082,8,99.26,98.71,99.26
83130000AY0089,2.15,1.25,0.537,0.463,2.75,952,460,51.68,0.0,63.66
841380000S0017,1.45,0.9,0.323,0.667,54.04,2486,32,98.71,98.07,98.15
84012000AB0173,2.25,1.1,0.377,0.7,3.58,980,284,71.02,58.57,72.04
13001000PC0097,2.45,1.6,0.567,0.38,7.07,17658,3573,79.77,46.69,85.86
84081000BH0099,2.05,1.1,0.425,0.459,12.78,741,62,91.63,81.78,92.17
84024000AN0194,2.25,1.15,0.471,0.449,9.18,835,109,86.95,70.9,89.1
830940000F1189,2.2,1.5,0.573,0.452,3.24,4098,1838,55.15,0.76,69.13
840290000C0626,2.0,1.25,0.549,0.668,3.13,570,245,57.02,35.61,68.07
841460000B0311,2.2,1.1,0.537,0.51,3.57,2646,942,64.4,30.2,72.0
13050000BC0302,2.1,1.15,0.511,0.581,3.4,51,18,64.71,39.22,70.59
84082000BD0276,2.05,1.2,0.468,0.49,7.67,905,123,86.41,72.27,86.96
83068000AS0009,2.5,1.55,0.566,0.467,3.78,1504,567,62.3,19.35,73.54
263570000K0208,2.0,1.25,0.526,0.558,3.3,1210,458,62.15,32.15,69.67
830940000F0237,1.95,1.25,0.523,0.519,2.48,841,432,48.63,1.07,59.69
263800000C0874,2.05,1.2,0.539,0.638,5.08,1799,451,74.93,60.7,80.32
13110000BW0028,2.45,1.35,0.538,0.496,2.65,5153,2545,50.61,0.43,62.27
84012000AR0284,2.2,1.1,0.495,0.623,14.95,3752,276,92.64,88.19,93.31
840290000B0771,2.3,1.05,0.356,0.571,16.12,129,8,93.8,89.15,93.8
261880000C0793,1.9,1.25,0.519,0.685,9.29,2313,307,86.73,80.63,89.23
072910000A0873,1.5,1.05,0.197,0.556,198.8,994,5,99.5,99.09,99.5
840370000E1375,1.8,1.2,0.497,0.661,2.42,1140,539,52.72,28.42,58.6
840490000B0417,2.15,1.0,0.341,0.727,1.28,32,24,25.0,0.0,21.88
840890000A0701,2.7,1.15,0.359,0.723,1.82,60,34,43.33,21.67,45.0
840170000B0981,2.1,1.0,0.514,0.566,2.13,914,521,43.0,0.0,52.95
84145000AE0360,2.35,1.05,0.521,0.62,2.01,1023,629,38.51,0.88,50.34
83096000AB0099,2.1,1.25,0.491,0.592,28.67,2552,100,96.08,93.38,96.51
84028000AH0165,1.85,1.3,0.428,0.547,12.88,438,35,92.01,85.39,92.24
841370000A0174,2.2,1.1,0.505,0.748,6.05,1935,342,82.33,76.38,83.46
840940000E0058,2.15,1.15,0.534,0.531,2.86,1656,751,54.65,14.55,64.98
830920000A0013,2.45,1.25,0.521,0.397,5.41,1726,400,76.83,41.6,81.52
83149000AK0633,1.55,1.35,0.204,0.4,185.67,1114,6,99.46,98.65,99.46
840870000L0435,1.75,1.25,0.466,0.495,2.35,1149,545,52.57,4.09,57.44
840150000B0197,2.15,0.7,0.481,0.604,1.74,3346,2078,37.9,0.0,42.53
830830000C0038,2.35,1.6,0.546,0.384,4.29,932,288,69.1,19.53,76.72
831480000F0129,1.7,1.05,0.42,0.422,2.38,141445,59816,57.71,0.0,57.96
073120000B0723,1.5,1.3,0.456,0.583,1.83,1685,962,42.91,2.02,45.4
840220000B0608,2.3,0.85,0.371,0.619,1.38,357,232,35.01,0.0,27.73
84004000AI0060,2.15,1.15,0.485,0.798,4.19,3842,1047,72.75,65.85,76.16
84028000AP0050,2.0,1.25,0.497,0.591,2.31,5713,2880,49.59,14.7,56.77
26345000BK0173,2.0,1.15,0.451,0.623,12.77,396,33,91.67,86.62,92.17
841060000C0960,1.1,0.95,0.192,0.7,107.27,1180,7,99.41,99.15,99.07
830460000B0530,1.95,1.25,0.458,0.442,138.21,10642,87,99.18,98.15,99.28
841450000J0330,2.05,1.2,0.527,0.614,6.2,4599,939,79.58,66.73,83.87
13110000AR0104,2.35,1.75,0.604,0.489,4.57,2775,943,66.02,30.49,78.13
840170000D0599,2.05,1.15,0.509,0.569,3.91,1080,325,69.91,47.13,74.44
84106000AE0029,1.9,1.25,0.507,0.732,6.84,1224,210,82.84,76.55,85.38
070890000D0314,1.65,1.3,0.443,0.711,4.98,279,59,78.85,70.25,79.93
841060000A0530,1.05,1.25,0.259,0.588,76.36,1909,20,98.95,98.22,98.69
07281000AW0031,2.0,1.25,0.504,0.72,19.25,2233,136,93.91,91.54,94.81
841370000B0109,2.5,1.0,0.355,0.758,1.95,2917,1466,49.74,33.7,48.78
831000000A2095,2.4,0.85,0.347,0.65,1.4,5304,3567,32.75,0.0,28.39
07174000AI0212,1.9,1.2,0.504,0.544,3.73,1847,591,68.0,41.2,73.2
84028000BC0729,2.3,1.05,0.382,0.791,1.73,3946,2255,42.85,27.77,42.04
840720000B0371,2.2,1.05,0.537,0.562,2.19,1503,870,42.12,0.0,54.42
841090000C0205,2.15,1.15,0.465,0.638,3.89,136,37,72.79,57.35,74.26
83097000AL0078,2.6,1.85,0.591,0.393,3.89,3053,1191,60.99,0.66,74.29
84106000ZA0079,2.25,0.8,0.505,0.649,1.8,2219,1422,35.92,1.22,44.57
841500000D0093,2.0,1.25,0.537,0.611,4.44,2971,868,70.78,52.17,77.48
830190000G0604,2.3,1.65,0.565,0.37,4.13,33378,11524,65.47,6.59,75.78
830280000E0774,2.4,1.4,0.452,0.615,1.91,1425,829,41.82,5.47,47.72
84012000AH0098,2.1,1.15,0.502,0.545,5.86,855,168,80.35,63.98,82.92
260190000C0329,1.65,1.15,0.364,0.585,45.38,1180,24,97.97,96.53,97.8
841480000B0517,2.05,1.2,0.489,0.427,7.23,1200,196,83.67,61.75,86.17
840020000A0163,2.3,1.45,0.576,0.518,3.11,685,330,51.82,7.01,67.88
26377000AM0031,2.25,1.1,0.54,0.523,2.8,1172,560,52.22,8.7,64.25
13082000CL0026,2.0,1.25,0.519,0.599,7.64,5630,900,84.01,73.32,86.91
83016000AH0075,1.9,1.3,0.517,0.528,4.26,1575,462,70.67,44.44,76.51
830560000D0217,2.15,1.1,0.531,0.534,2.39,2518,1365,45.79,0.0,58.14
261800000B0427,1.95,1.1,0.497,0.717,4.55,141,33,76.6,67.38,78.01
841220000A0040,2.2,1.1,0.474,0.595,19.34,2011,113,94.38,90.55,94.83
84129000BR0051,2.3,0.95,0.437,0.581,9.85,778,86,88.95,80.98,89.85
840220000D0240,2.25,1.1,0.543,0.547,2.77,365,179,50.96,10.41,63.84
830320000E1056,2.3,1.65,0.602,0.411,4.01,566,225,60.25,3.18,75.09
840870000G0936,1.9,1.15,0.495,0.582,5.77,22732,4524,80.1,65.82,82.66
84024000AB0180,2.25,1.25,0.526,0.408,10.29,11087,1352,87.81,70.13,90.29
130480000A0272,1.65,0.95,0.304,0.533,257.83,4641,16,99.66,99.35,99.61
840170000C0674,2.05,1.2,0.516,0.535,3.64,1018,349,65.72,35.95,72.5
840370000F0385,2.0,1.1,0.471,0.601,4.12,2197,603,72.55,54.35,75.74
26345000BK0143,2.0,1.25,0.471,0.681,1.63,1358,943,30.56,0.0,38.66
841110000A0045,2.0,1.25,0.531,0.6,5.73,3136,688,78.06,63.42,82.56
130910000A0524,2.0,1.25,0.532,0.525,2.91,2395,1061,55.7,15.66,65.68
262850000C0790,2.2,1.1,0.512,0.599,2.65,4358,1996,54.2,23.5,62.3
13079000AK0061,2.2,1.45,0.566,0.518,2.73,2145,1116,47.97,0.0,63.36
841160000A0270,1.95,1.25,0.524,0.664,15.39,5293,432,91.84,87.7,93.5
841160000D0357,1.9,1.3,0.522,0.678,9.04,3607,491,86.39,79.93,88.94
841360000C0840,2.05,1.2,0.452,0.447,4.37,358,92,74.3,42.46,77.09
130910000F0445,1.95,1.25,0.509,0.467,3.85,973,319,67.21,29.8,74.0
26220000AH0263,2.0,1.25,0.537,0.675,11.96,9019,948,89.49,84.43,91.64
840370000E0616,,,,,,,,,,
84118000AC0272,,,,,,,,,,
26038000ZA0069,2.0,1.25,0.53,0.535,3.98,2992,962,67.85,39.87,74.87
830830000A0621,,,,,,,,,,
84104000AI0112,2.6,0.9,0.173,0.5,234.33,703,3,99.57,99.15,99.57
840840000C0856,2.6,1.45,0.534,0.639,2.72,340,163,52.06,25.0,63.24
84104000AK0010,1.85,1.3,0.494,0.579,6.89,1605,272,83.05,70.72,85.48
831400000F1611,2.5,1.15,0.459,0.495,2.23,7888,3948,49.95,0.0,55.06
830570000C0584,2.5,1.6,0.471,0.64,1.86,2511,1577,37.2,1.83,46.32
830320000E1442,2.2,2.2,0.594,0.394,4.66,8415,2379,71.73,28.28,78.54
840300000D0398,2.3,1.05,0.453,0.385,13.61,667,57,91.45,77.81,92.65
840960000D0514,2.1,1.15,0.479,0.698,5.0,270,60,77.78,68.15,80.0
841380000C0539,1.9,1.25,0.5,0.654,23.54,5225,259,95.04,92.42,95.75
830460000G0616,2.35,1.9,0.466,0.448,10.0,710,78,89.01,75.49,90.0
841380000M0273,2.15,1.15,0.518,0.593,6.62,854,162,81.03,68.03,84.89
840870000M0128,2.0,1.05,0.443,0.442,24.98,6019,254,95.78,90.45,96.0
830460000E0779,2.4,1.75,0.538,0.484,3.65,875,319,63.54,24.69,72.57
830850000B0400,2.45,1.25,0.534,0.548,2.39,6659,3628,45.52,0.5,58.22
13087000AO0085,2.2,1.95,0.571,0.442,4.11,510,188,63.14,16.67,75.69
840290000C0449,1.75,1.35,0.481,0.666,10.69,2042,213,89.57,84.33,90.65
830450000H0518,2.25,1.65,0.509,0.549,6.56,282,50,82.27,67.73,84.75
84003000CE0041,2.4,1.3,0.563,0.452,3.1,1806,804,55.48,1.61,67.77
263770000H0596,1.9,1.3,0.516,0.632,17.92,10715,722,93.26,89.34,94.42
840190000G0887,2.0,1.25,0.538,0.625,4.18,2443,761,68.85,50.18,76.05
840290000C0368,2.0,1.25,0.533,0.583,3.39,1243,473,61.95,34.75,70.47
071520000A1065,1.0,1.0,0.345,0.644,1.26,699,447,36.05,0.72,20.89
83086000AH0055,2.2,1.0,0.529,0.546,2.25,2269,1247,45.04,0.0,55.49
840780000E0866,2.0,1.25,0.536,0.661,7.42,8228,1379,83.24,74.66,86.52
13079000AE0046,2.3,1.55,0.55,0.451,3.24,201,82,59.2,9.45,69.15
072340000A1032,2.15,0.85,0.469,0.539,1.89,3079,1715,44.3,0.0,47.0
830720000G0410,2.3,1.45,0.47,0.818,6.64,1979,346,82.52,78.63,84.94
84008000AH0060,2.15,1.1,0.491,0.435,2.65,2801,1221,56.41,0.0,62.26
830850000C0130,2.45,1.35,0.538,0.416,3.33,1477,599,59.44,2.51,69.94
840490000A0610,2.0,1.25,0.544,0.602,3.61,433,160,63.05,38.57,72.29
26367000AI0097,2.0,1.25,0.547,0.601,3.61,2748,1011,63.21,38.76,72.27
830500000G2704,2.3,1.6,0.433,0.795,3.51,421,136,67.7,59.38,71.5
83023000BX0005,2.6,1.4,0.545,0.496,15.17,1320,118,91.06,81.97,93.41
84104000AL0182,2.05,1.2,0.517,0.658,6.11,1375,281,79.56,68.95,83.64
263570000P0156,2.15,0.95,0.512,0.594,2.03,505,300,40.59,0.0,50.69
840720000E0258,2.05,1.2,0.543,0.606,3.9,3202,1095,65.8,43.54,74.33
83119000AW0228,,,,,,,,,,
831000000D0847,2.2,1.4,0.565,0.479,3.03,2591,1228,52.61,1.0,67.04
830490000C2253,2.3,1.95,0.589,0.479,4.98,742,231,68.87,35.04,79.92
840390000F1612,1.75,1.25,0.344,0.92,5.04,116,23,80.17,78.45,80.17
841460000D0630,2.35,1.05,0.409,0.699,16.5,2244,130,94.21,91.71,93.94
840560000F0256,2.2,1.1,0.374,0.892,2.98,1118,355,68.25,64.4,66.46
84050000AN0186,1.35,1.45,0.343,0.7,25.18,554,21,96.21,94.58,96.03
840390000F0518,2.0,1.1,0.463,0.741,3.87,518,146,71.81,61.97,74.13
841480000E0423,2.05,1.2,0.536,0.645,5.82,902,196,78.27,66.3,82.82
830720000F1563,2.05,1.45,0.284,0.533,53.75,430,8,98.14,96.51,98.14
26289000AB0231,1.65,1.3,0.463,0.624,9.91,1496,159,89.37,82.95,89.91
830160000A0038,2.1,1.1,0.466,0.515,24.6,2854,135,95.27,90.82,95.94
830570000E0191,1.95,1.75,0.435,0.5,61.77,1915,32,98.33,96.66,98.38
071330000B0249,2.25,1.3,0.532,0.522,2.53,2574,1311,49.07,2.45,60.53
13050000BX0178,2.5,1.0,0.441,0.672,5.49,4236,792,81.3,72.19,81.8
840520000F0456,2.4,1.15,0.524,0.522,40.31,8585,261,96.96,94.18,97.52
841270000D0564,2.15,1.15,0.387,0.842,2.16,2958,1377,53.45,44.73,53.72
830260000D0246,2.25,2.1,0.576,0.366,8.98,1823,268,85.3,59.79,88.86
070890000C0149,2.25,1.0,0.373,0.88,5.65,548,88,83.94,81.75,82.3
841500000B1119,1.45,1.0,0.335,0.555,184.88,17379,81,99.53,99.16,99.46
07143000AK0582,1.25,1.2,0.355,0.667,7.02,344,42,87.79,81.69,85.76
26183000AD0020,2.15,1.0,0.434,0.521,15.31,934,61,93.47,87.47,93.47
13050000BH0059,2.0,1.25,0.519,0.626,6.33,1418,279,80.32,68.55,84.2
830650000A4733,2.25,0.95,0.314,0.726,1.35,10175,7284,28.41,1.37,25.67
07279000AC0134,2.45,1.4,0.576,0.454,3.38,773,334,56.79,4.92,70.38
072590000B0266,1.65,1.15,0.434,0.744,10.49,986,96,90.26,86.92,90.47
840870000D0278,1.5,1.15,0.4,0.703,20.04,1403,64,95.44,93.51,95.01
07228000AL0036,2.4,0.95,0.389,0.584,1.7,2183,1314,39.81,0.0,41.27
83112000CY0001,1.95,0.95,0.472,0.528,2.01,3785,2039,46.13,0.0,50.3
830890000B0090,2.5,1.85,0.531,0.546,2.44,2862,1510,47.24,3.39,59.08
83101000AZ0008,2.45,1.85,0.542,0.396,4.69,521,147,71.79,28.79,78.69
840300000E1060,2.25,1.1,0.465,0.786,3.39,1035,326,68.5,59.9,70.53
84028000AS0055,2.15,1.15,0.553,0.591,3.2,5062,2137,57.78,28.57,68.73
841220000B0097,2.25,1.05,0.278,0.714,30.33,637,20,96.86,95.6,96.7
840490000E0400,2.25,1.1,0.546,0.59,3.22,2424,977,59.69,31.68,68.94
830730000E0455,2.35,1.7,0.484,0.378,7.64,298,45,84.9,60.07,86.91
84082000AE0106,2.3,0.95,0.308,0.682,43.18,734,15,97.96,97.0,97.68
830670000D0289,2.45,1.35,0.509,0.625,1.92,327,205,37.31,0.0,48.01
13056000DV0049,2.0,1.25,0.54,0.653,5.25,4056,1007,75.17,62.01,80.97
841330000B0051,2.45,1.45,0.565,0.461,3.35,2208,943,57.29,7.38,70.15
13032000BS0048,2.05,1.05,0.507,0.506,2.31,6242,3214,48.51,0.0,56.7
840160000K0236,1.8,1.2,0.445,0.711,1.74,1490,904,39.33,14.63,42.68
26179000ZP0062,2.2,1.05,0.514,0.583,2.1,3802,2233,41.27,0.0,52.29
840260000B0004,2.05,1.1,0.512,0.529,2.32,4037,2142,46.94,0.0,56.97
840160000K0808,1.75,1.25,0.457,0.724,1.84,792,473,40.28,17.55,45.58
83068000AZ0041,2.4,1.5,0.433,0.682,3.25,2139,752,64.84,48.43,69.24
262330000A0182,2.05,1.2,0.52,0.55,5.46,2726,620,77.26,58.66,81.69
830040000C0856,2.35,1.45,0.409,0.639,1.73,1283,800,37.65,2.49,42.32
83098000BK0187,2.35,1.35,0.561,0.483,3.16,1015,445,56.16,9.26,68.37
840770000B1012,2.25,1.1,0.482,0.82,2.24,827,419,49.33,38.21,55.26
841380000B0326,2.3,1.05,0.391,0.768,1.62,6029,3717,38.35,19.77,38.25
840020000C0316,2.25,1.25,0.567,0.462,3.12,3048,1387,54.49,1.44,67.95
840510000G0356,2.4,1.3,0.529,0.423,10.86,1803,218,87.91,71.44,90.79
070990000D0481,2.2,1.25,0.515,0.593,15.18,1412,115,91.86,86.26,93.41
830350000B0463,2.0,1.25,0.543,0.64,4.69,1593,444,72.13,56.43,78.66
840490000A0789,1.85,1.35,0.476,0.468,6.49,1551,270,82.59,62.8,84.59
840370000C0584,1.9,1.15,0.51,0.637,3.58,2142,699,67.37,48.74,72.04
261820000E0076,1.9,1.25,0.47,0.461,5.48,1787,379,78.79,54.0,81.76
131150000E0383,1.9,1.3,0.498,0.549,28.25,5904,246,95.83,92.41,96.46
830850000B0415,2.55,1.4,0.575,0.458,3.32,521,228,56.24,4.41,69.87
840190000H0899,2.0,1.25,0.521,0.683,4.39,514,140,72.76,60.12,77.24
841460000D0584,1.95,1.25,0.516,0.624,9.57,2508,313,87.52,79.98,89.55
26054000AO0212,2.2,1.1,0.554,0.564,2.37,5970,3407,42.93,0.0,57.79
831400000E0522,2.2,1.55,0.565,0.451,3.21,888,389,56.19,2.82,68.81
830500000K0113,2.2,1.6,0.576,0.446,3.6,2274,926,59.28,8.8,72.21
840300000D0689,2.25,1.1,0.381,0.788,2.1,945,457,51.64,38.62,52.49
841170000B0242,2.15,1.15,0.427,0.796,1.72,740,440,40.54,25.27,41.76
84036000BA0057,1.5,1.0,0.374,0.577,84.79,15007,157,98.95,98.19,98.82
840960000E0037,2.15,1.15,0.409,0.635,3.52,176,54,69.32,51.7,71.59
84104000AO0017,2.15,1.15,0.497,0.407,3.11,1950,744,61.85,6.15,67.85
07279000AL0093,2.35,1.45,0.521,0.549,4.99,409,107,73.84,52.32,79.95
072640000B0064,2.2,1.1,0.487,0.495,6.96,884,150,83.03,65.72,85.63
071690000B0295,1.9,1.2,0.495,0.517,3.02,7740,2985,61.43,25.35,66.89
83063000AB0100,2.35,1.35,0.482,0.446,5.5,319,66,79.31,53.61,81.82
841150000A0073,2.05,1.1,0.519,0.567,2.23,1285,723,43.74,0.78,55.1
840960000F0336,2.0,1.25,0.506,0.467,3.48,5558,1943,65.04,25.08,71.27
841500000H1092,,,,,,,,,,
840870000L0654,1.75,1.25,0.411,0.817,2.04,947,474,49.95,38.75,51.0
830350000A2742,2.0,1.25,0.537,0.515,2.57,912,466,48.9,0.77,61.07
840840000B0375,2.3,1.2,0.553,0.519,2.66,1051,541,48.53,0.76,62.42
841000000A0068,2.25,1.05,0.395,0.823,5.92,864,144,83.33,79.75,83.1
841330000G0137,2.5,1.45,0.572,0.423,4.15,6081,2117,65.19,17.69,75.93
830730000F0237,2.0,1.3,0.473,0.384,9.87,513,58,88.69,70.57,89.86
84088000CL0145,1.85,0.85,0.434,0.485,2.11,537,263,51.02,0.0,52.7
84129000BH0011,2.0,1.1,0.491,0.595,2.15,618,333,46.12,9.39,53.56
84082000BL0055,1.85,1.25,0.465,0.55,25.22,2951,126,95.73,92.24,96.04
07143000AK0391,1.65,0.9,0.402,0.549,2.08,909,398,56.22,20.24,51.93
841500000F0029,2.0,1.25,0.434,0.713,1.79,688,423,38.52,13.81,44.04
84129000AV0053,1.8,1.2,0.481,0.578,1.91,543,318,41.44,0.0,47.51
13110000AT0105,2.5,1.5,0.471,0.694,1.67,888,620,30.18,0.0,40.2
84102000AR0048,,,,,,,,,,
83042000AC0073,2.4,1.95,0.406,0.541,2.28,185,92,50.27,8.11,56.22
84004000AK0113,1.9,1.15,0.501,0.553,3.62,3378,1118,66.9,40.14,72.35
84046000AK0017,2.2,0.95,0.521,0.535,2.33,2667,1415,46.94,0.9,57.03
830560000E0640,1.85,1.25,0.459,0.381,8.54,6554,845,87.11,66.17,88.3
830490000D2090,2.2,1.5,0.575,0.522,3.0,1008,492,51.19,6.45,66.67
262330000A0383,2.15,1.15,0.45,0.423,7.92,847,113,86.66,68.48,87.37
26377000AX0092,1.85,0.85,0.445,0.523,1.91,6154,3276,46.77,0.0,47.53
07264000AB0243,1.95,1.2,0.474,0.583,30.78,3971,148,96.27,93.6,96.75
840830000B0023,2.2,1.1,0.3,0.771,1.34,518,390,24.71,2.32,25.48
84024000AL0139,2.5,1.45,0.457,0.576,2.82,2669,1098,58.86,28.62,64.56
840870000K0253,2.05,0.85,0.486,0.584,1.86,1327,787,40.69,0.0,46.19
830670000D0207,2.35,1.5,0.508,0.566,2.49,1583,803,49.27,10.42,59.76
830670000B0568,2.4,1.55,0.567,0.413,3.56,3903,1558,60.08,3.31,71.89
840610000B0271,2.05,1.2,0.513,0.498,2.68,1479,697,52.87,5.41,62.75
13079000BD0047,2.25,1.5,0.549,0.376,4.55,6036,1804,70.11,20.61,78.03
840300000B0300,1.45,0.55,0.221,0.429,63.56,1716,15,99.13,97.96,98.43
841360000C0696,2.0,1.25,0.519,0.622,8.64,2574,369,85.66,76.96,88.42
841000000A0536,2.15,1.15,0.504,0.455,4.4,2130,572,73.15,41.03,77.28
26220000AT0202,2.45,1.0,0.453,0.651,3.82,3268,899,72.49,57.71,73.81
07279000AO0174,2.3,1.15,0.4,0.619,1.69,783,485,38.06,0.0,40.74
13037000AN0086,2.15,1.15,0.525,0.501,2.54,3141,1578,49.76,0.0,60.65
84036000AW0017,2.15,1.15,0.507,0.489,2.84,5420,2265,58.21,14.46,64.74
261880000D0232,2.25,1.1,0.372,0.849,1.69,788,467,40.74,30.2,40.74
840510000D0354,2.55,1.35,0.456,0.798,5.53,1344,272,79.76,74.63,81.92
841380000B0205,2.35,1.0,0.384,0.897,10.71,632,52,91.77,90.82,90.66
83023000BR0079,2.05,1.25,0.503,0.757,30.35,2792,112,95.99,94.7,96.7
840560000A0540,2.25,1.0,0.297,0.941,7.35,2140,238,88.88,88.18,86.4
26179000ZA0032,2.1,0.75,0.486,0.571,1.95,8212,4667,43.17,0.51,48.61
841490000A0031,2.0,1.25,0.539,0.715,5.69,2201,490,77.74,68.88,82.42
830260000E0006,2.3,1.65,0.568,0.436,10.14,5456,770,85.89,67.63,90.14
841330000A1454,2.4,1.35,0.541,0.524,8.84,1335,197,85.24,71.84,88.69
83096000AE0070,2.2,1.2,0.555,0.525,2.6,3341,1745,47.77,0.54,61.6
84106000AP0016,2.0,1.2,0.503,0.735,25.64,5744,258,95.51,93.89,96.1
840870000M0769,2.0,1.1,0.51,0.559,3.18,8278,3130,62.19,32.41,68.51
26054000AK0122,2.1,1.15,0.39,0.738,1.38,3071,2269,26.12,0.0,27.61
840220000A0329,2.2,1.0,0.315,0.95,7.7,1247,132,89.41,88.85,87.01
263470000B0256,2.2,1.3,0.578,0.529,2.74,1247,656,47.39,0.48,63.51
840960000E0604,2.0,1.25,0.42,0.723,4.16,898,230,74.39,64.59,75.95
07279000AD0011,2.5,1.45,0.58,0.49,5.28,3364,932,72.29,43.43,81.06
840420000D0306,1.45,0.9,0.257,0.481,33.81,1048,25,97.61,95.04,97.04
07264000AY0102,2.0,1.25,0.494,0.407,4.41,16493,4460,72.96,33.57,77.35
84008000AI0149,2.15,1.15,0.474,0.397,7.58,902,138,84.7,61.42,86.81
84026000AA0137,1.9,1.1,0.484,0.541,2.08,683,368,46.12,0.44,51.98
13110000CI0024,2.25,1.3,0.545,0.437,3.18,7220,3056,57.67,3.09,68.59
831080000F0474,2.0,1.15,0.502,0.475,2.49,22981,10923,52.47,0.0,59.89
840440000A0712,2.0,1.25,0.533,0.567,4.54,7597,2150,71.7,50.06,77.98
070150000C1209,1.75,1.3,0.471,0.494,3.27,761,260,65.83,30.88,69.38
830260000D0326,2.2,1.85,0.367,0.366,30.08,782,26,96.68,90.92,96.68
830570000H0094,2.1,1.2,0.485,0.494,46.51,4511,116,97.43,94.79,97.85
83068000AS0033,2.2,1.15,0.533,0.477,2.72,3347,1593,52.41,0.12,63.25
841490000A0503,2.0,1.25,0.534,0.608,6.33,39000,7578,80.57,68.03,84.2
840960000B0643,2.05,1.2,0.518,0.543,2.85,476,204,57.14,21.01,64.92
831430000C1450,2.4,1.55,0.576,0.576,9.34,3417,531,84.46,73.02,89.29
84122000CB0052,2.2,1.1,0.376,0.778,2.19,1476,678,54.07,40.92,54.4
840390000C0697,1.65,1.3,0.475,0.691,5.61,1645,320,80.55,71.85,82.19
840090000G0484,,,,,,,,,,
070090000B0750,1.85,0.9,0.452,0.523,2.06,625,330,47.2,0.0,51.36
070130000B1314,2.3,0.9,0.419,0.639,1.51,770,509,33.9,0.0,33.64
840370000B0457,1.8,1.2,0.425,0.61,1.95,628,342,45.54,10.67,48.73
84127000AD0029,2.2,1.1,0.429,0.845,5.03,1822,377,79.31,75.52,80.13
841260000E0307,2.1,1.15,0.394,0.693,1.91,951,508,46.58,22.92,47.63
841340000B0106,2.2,1.05,0.546,0.573,2.29,2500,1434,42.64,0.0,56.4
84149000AA0017,2.0,1.25,0.541,0.585,4.43,10744,3153,70.65,49.8,77.44
26345000AH0047,2.0,1.25,0.525,0.571,4.92,9641,2395,75.16,56.48,79.68
07345000ZC0071,2.3,1.0,0.487,0.62,2.16,929,500,46.18,13.24,53.61
841300000A0191,2.15,1.15,0.474,0.591,2.24,904,472,47.79,11.62,55.31
84104000AH0437,2.15,1.15,0.542,0.578,2.99,1257,557,55.69,23.31,66.59
830830000A0800,2.3,1.55,0.474,0.517,3.09,300,109,63.67,29.67,67.67
831400000C0897,2.35,1.25,0.548,0.681,53.1,9876,237,97.6,96.48,98.12
840700000A0185,2.25,1.1,0.433,0.805,2.18,2884,1384,52.01,40.36,54.06
841380000F0882,2.0,1.25,0.538,0.619,4.43,2589,742,71.34,53.73,77.44
840720000I0160,2.0,1.25,0.511,0.576,3.98,956,293,69.35,46.76,74.9
84028000AD0039,2.05,1.2,0.471,0.647,8.09,1974,271,86.27,78.77,87.64
84050000BY0069,2.15,1.1,0.468,0.403,8.63,2452,318,87.03,67.82,88.42
263410000C0279,1.7,1.45,0.385,0.5,5.43,152,28,81.58,63.16,81.58
840510000A0390,2.3,1.45,0.513,0.39,13.15,1328,124,90.66,76.05,92.39
262850000D0425,2.0,1.25,0.536,0.672,11.26,7127,798,88.8,83.35,91.12
841500000D0173,2.2,1.1,0.491,0.617,1.92,4132,2459,40.49,3.58,47.8
83101000AS0334,2.5,0.8,0.418,0.724,1.36,8242,5878,28.68,1.46,26.35
830940000D0720,1.7,0.9,0.423,0.515,1.9,5786,2947,49.07,1.04,47.27
840370000E1343,1.9,1.15,0.503,0.64,2.83,5581,2237,59.92,37.36,64.63
830350000B1382,2.2,1.1,0.384,0.669,2.08,6924,3422,50.58,26.11,51.85
830260000F1588,2.25,1.4,0.539,0.381,4.04,189510,62093,67.23,13.89,75.24
841220000B0356,2.1,1.1,0.398,0.63,19.37,581,29,95.01,92.08,94.84
13079000BN0166,2.2,2.0,0.492,0.466,29.48,678,27,96.02,91.45,96.61
840290000D0325,1.3,1.1,0.246,0.75,129.5,1295,9,99.31,99.07,99.23
84004000AS0060,2.05,1.05,0.481,0.491,2.97,1195,448,62.51,23.6,66.28
26271000ZC0077,2.45,1.0,0.408,0.846,2.71,4489,1521,66.12,59.97,63.07
840870000N0553,2.0,1.05,0.501,0.556,2.05,1101,629,42.87,0.0,51.32
841510000D0038,,,,,,,,,,
13056000DW0279,2.5,0.95,0.345,0.62,1.63,1188,724,39.06,1.68,38.55
841060000E0282,1.95,1.25,0.526,0.69,6.24,1392,276,80.17,71.26,83.98
840490000E0174,2.05,1.2,0.522,0.692,6.72,1585,285,82.02,74.01,85.11
841500000E1131,2.0,1.25,0.503,0.428,3.52,6335,2192,65.4,19.16,71.55
831000000E0914,2.4,0.65,0.316,0.681,1.28,3016,2039,32.39,0.8,21.78
83097000AI0087,2.2,1.55,0.586,0.503,3.07,1546,758,50.97,2.52,67.46
83148000BT0156,2.25,1.3,0.512,0.381,51.35,11297,276,97.56,93.58,98.05
841090000B0145,2.2,1.1,0.351,0.933,3.57,1774,473,73.34,71.42,71.98
26377000AT0189,2.05,1.2,0.531,0.622,5.6,2636,609,76.9,62.86,82.13
840670000D0205,2.2,1.1,0.463,0.44,11.42,571,55,90.37,78.11,91.24
830260000D0834,1.85,1.25,0.349,0.5,50.23,1105,22,98.01,96.02,98.01
830970000D0526,1.95,1.25,0.51,0.443,2.69,29927,13245,55.74,0.1,62.78
26220000AI0538,2.05,1.2,0.513,0.549,3.73,634,213,66.4,38.8,73.19
13079000AM0040,1.75,1.25,0.495,0.5,2.3,4153,2069,50.18,0.34,56.47
830910000C0449,2.4,1.05,0.333,0.671,1.52,1644,1073,34.73,2.68,34.25
13110000AV0035,1.7,1.6,0.28,0.393,283.27,3116,11,99.65,99.1,99.65
840100000A0471,2.55,1.1,0.421,0.527,2.03,503,266,47.12,0.0,50.7
13079000AI0045,2.5,1.35,0.427,0.629,1.81,772,474,38.6,2.46,44.82
840960000B0226,2.05,1.2,0.526,0.581,4.6,1522,421,72.34,52.43,78.25
84028000AY0189,1.85,1.25,0.449,0.433,3.08,148,55,62.84,14.19,67.57
83101000BK0156,2.45,1.7,0.566,0.441,3.24,5388,2377,55.88,0.0,69.17
070990000D0477,2.1,1.35,0.517,0.567,11.59,1391,152,89.07,80.73,91.37
13079000AI0067,2.4,1.95,0.587,0.391,3.84,1556,604,61.18,0.84,73.97
841370000A1426,2.3,1.05,0.415,0.893,3.51,2280,610,73.25,70.04,71.54
26345000AI0052,2.25,1.1,0.467,0.583,3.39,359,119,66.85,43.18,70.47
83023000AH0071,2.35,1.65,0.429,0.514,44.35,754,18,97.61,95.36,97.75
841500000H0031,2.2,1.1,0.431,0.789,13.36,975,71,92.72,90.77,92.51
841330000B0513,2.45,1.45,0.559,0.427,4.12,1161,396,65.89,20.07,75.71
830730000D0503,2.4,1.55,0.559,0.426,11.99,3404,409,87.98,71.83,91.66
840960000C0381,2.0,1.25,0.538,0.631,5.57,3201,735,77.04,63.61,82.04
072680000B0550,2.0,1.25,0.535,0.61,4.42,1223,360,70.56,51.76,77.35
841360000B0141,2.05,1.2,0.528,0.597,4.87,1267,336,73.48,55.56,79.48
841360000A1132,2.15,1.15,0.383,0.714,2.06,6310,3154,50.02,29.95,51.44
26054000AD0032,2.15,1.15,0.408,0.716,1.59,1966,1298,33.98,7.83,36.93
840160000A0685,2.1,1.0,0.353,0.919,5.65,757,114,84.94,83.62,82.3
841500000F0083,2.25,1.1,0.452,0.788,3.26,4624,1472,68.17,59.62,69.31
13087000AS0185,2.45,1.95,0.571,0.474,3.78,752,296,60.64,16.89,73.54
841460000A0449,2.25,1.1,0.431,0.74,1.84,1497,855,42.89,22.78,45.69
831000000A0493,2.2,1.05,0.537,0.528,2.49,6336,3304,47.85,1.15,59.88
073430000E0808,2.4,1.25,0.376,0.739,1.47,318,229,27.99,2.52,32.08
83042000AZ0112,2.1,0.85,0.485,0.519,2.17,9203,4780,48.06,0.0,53.88
840960000F0014,2.0,1.25,0.533,0.58,3.75,2694,942,65.03,39.72,73.35
830040000A1469,2.05,1.8,0.521,0.4,10.57,2009,242,87.95,69.89,90.54
84069000BC0279,2.0,1.2,0.441,0.481,24.92,897,39,95.65,90.97,95.99
830720000B1185,2.1,1.55,0.503,0.613,6.67,280,49,82.5,71.43,85.0
84086000AC0247,2.15,1.15,0.54,0.523,2.48,1955,1023,47.67,0.0,59.64
262750000C0606,2.15,1.15,0.543,0.696,4.78,1640,446,72.8,60.91,79.09
84028000AZ0010,2.4,1.0,0.318,0.805,2.13,3007,1261,58.06,47.92,53.08
840370000E0346,1.9,1.15,0.51,0.603,3.94,3319,989,70.2,50.62,74.63
84129000AT0037,1.9,1.1,0.473,0.685,6.15,1266,222,82.46,74.41,83.73
84135000AE0050,2.0,1.25,0.53,0.526,2.63,5912,2866,51.52,7.92,62.03
263570000B0167,2.1,0.9,0.489,0.575,1.94,4436,2626,40.8,0.0,48.44
841170000A0815,,,,,,,,,,
831100000C0245,2.5,1.7,0.504,0.524,2.32,3549,1862,47.53,0.0,56.92
841220000B1448,2.05,1.2,0.533,0.755,4.06,768,234,69.53,59.64,75.39
84028000AS0053,1.95,1.25,0.515,0.744,4.59,1194,316,73.53,64.41,78.22
840290000D0582,1.85,1.2,0.487,0.742,30.78,5356,193,96.4,95.15,96.75
261880000C0372,1.9,1.3,0.476,0.437,5.05,1025,236,76.98,47.32,80.2
84104000AE0219,2.0,1.25,0.534,0.64,3.88,663,226,65.91,46.76,74.21
840300000D0058,2.0,1.25,0.526,0.601,12.29,10080,1029,89.79,83.03,91.87
840290000C0681,2.3,1.05,0.318,0.86,1.78,178,98,44.94,35.96,43.82
840300000D0528,2.2,1.1,0.457,0.805,4.66,848,194,77.12,71.58,78.54
830260000D0610,2.3,1.55,0.565,0.43,5.11,4448,1233,72.28,35.48,80.42
84073000AV0114,,,,,,,,,,
831000000B0671,2.15,0.95,0.478,0.511,2.05,740,395,46.62,0.0,51.22
26377000AY0354,2.05,0.85,0.483,0.559,2.0,2699,1512,43.98,0.0,50.09
840370000E0369,1.95,1.1,0.514,0.608,2.78,936,409,56.3,28.1,64.0
841170000C0944,2.05,1.2,0.517,0.556,6.31,656,125,80.95,65.7,84.15
26377000ZB0050,2.05,0.95,0.496,0.559,2.1,999,548,45.15,1.8,52.35
840960000B0072,2.0,1.25,0.517,0.484,4.24,1879,555,70.46,39.01,76.42
830350000A0831,1.6,1.3,0.232,0.615,116.12,929,8,99.14,98.6,99.14
830450000H0344,2.5,2.0,0.545,0.441,10.02,481,63,86.9,70.27,90.02
84082000AD0238,2.25,1.1,0.336,0.7,1.5,540,374,30.74,1.11,33.33
07264000AC0033,2.0,1.25,0.522,0.709,12.2,2526,249,90.14,86.1,91.81
83136000AO0359,,,,,,,,,,
830210000D0051,2.3,1.1,0.456,0.661,137.28,4942,39,99.21,98.81,99.27
830950000H0554,1.75,1.35,0.455,0.524,55.93,5090,99,98.06,96.29,98.21
840960000E0215,2.15,1.15,0.537,0.518,3.2,923,379,58.94,20.8,68.8
261190000H0387,,,,,,,,,,
841330000G0643,2.05,0.85,0.355,0.5,84.14,3618,37,98.98,97.95,98.81
84028000AK0069,1.5,1.15,0.346,0.743,42.04,1093,26,97.62,96.8,97.62
07168000AI0044,2.5,1.3,0.522,0.5,20.42,2185,137,93.73,87.46,95.1
840960000F0521,2.0,1.2,0.437,0.917,5.33,3752,720,80.81,79.08,81.24
84082000BE0160,2.0,1.25,0.539,0.588,4.3,3586,1082,69.83,48.69,76.77
840160000K0257,2.3,0.95,0.388,0.885,6.73,404,46,88.61,87.13,85.15
070510000A1339,1.55,0.9,0.398,0.556,1.64,2575,1417,44.97,1.05,39.03
840440000B1143,1.85,1.25,0.436,0.428,50.89,3257,71,97.82,94.9,98.04
831110000A0144,,,,,,,,,,
830920000D1426,2.4,0.7,0.327,0.623,1.46,605,380,37.19,0.0,31.57
841160000A0640,2.0,1.25,0.531,0.533,4.29,2929,884,69.82,43.33,76.68
84039000AB0010,1.9,1.15,0.49,0.655,8.02,3650,490,86.58,79.51,87.53
840940000E0077,2.35,1.05,0.434,0.785,1.98,1691,878,48.08,33.89,49.62
83116000AX0172,2.45,1.55,0.537,0.462,12.1,1222,132,89.2,76.6,91.73
26271000ZB0283,2.5,1.0,0.422,0.579,4.38,1656,397,76.03,58.57,77.17
830920000D1031,1.65,1.2,0.314,0.379,3.18,2079,669,67.82,15.1,68.54
840200000C1896,2.3,1.45,0.54,0.387,3.49,1167,447,61.7,1.03,71.38
263570000O0087,2.0,1.25,0.48,0.69,6.33,266,49,81.58,73.31,84.21
830910000A0245,2.3,1.3,0.562,0.539,2.97,1010,481,52.38,11.68,66.34
84003000CI0154,,,,,,,,,,
83071000CB0008,2.2,1.35,0.555,0.444,3.11,18267,8056,55.9,0.76,67.83
263570000C0098,2.0,1.15,0.508,0.496,2.4,689,347,49.64,0.0,58.35
830460000F0947,2.45,1.7,0.57,0.45,5.02,4190,1202,71.31,36.25,80.1
841260000F0519,2.0,1.25,0.55,0.646,3.5,1084,417,61.53,40.41,71.4
831430000E0436,2.1,0.85,0.373,0.382,39.71,2700,65,97.59,93.7,97.48
84135000AZ0010,1.7,1.25,0.459,0.527,31.36,7244,251,96.54,93.43,96.81
84073000AM0187,2.2,1.45,0.546,0.464,10.93,1137,150,86.81,71.59,90.85
840670000B0111,2.1,0.95,0.504,0.567,2.07,1765,1003,43.17,0.0,51.61
070090000A0674,1.4,1.3,0.406,0.493,2.04,294,149,49.32,0.0,51.02
840290000D0650,2.0,1.25,0.53,0.529,3.0,2477,1051,57.57,19.78,66.69
84031000AM0206,2.05,1.2,0.464,0.425,5.51,628,125,80.1,53.18,81.85
263220000A0049,2.5,1.0,0.457,0.566,7.84,3623,487,86.56,76.24,87.25
840390000G0881,2.0,1.1,0.515,0.665,2.67,1070,500,53.27,29.72,62.62
263800000D0018,1.8,1.35,0.517,0.468,2.96,68,29,57.35,8.82,66.18
841220000A0224,2.0,1.25,0.528,0.648,12.78,4063,386,90.5,85.33,92.17
84082000AM0148,2.0,1.25,0.502,0.448,9.62,4687,589,87.43,71.92,89.61
840300000E0855,2.25,1.1,0.351,0.695,2.02,708,347,50.99,29.52,50.56
830460000D0744,2.45,1.4,0.406,0.543,2.0,415,226,45.54,0.0,50.12
840510000C0330,2.3,1.15,0.461,0.397,48.54,3349,75,97.76,94.36,97.94
840720000C0136,2.25,0.9,0.36,0.739,1.27,1724,1289,25.23,0.0,21.23
26345000AY0064,2.35,1.05,0.504,0.715,13.0,1417,128,90.97,87.37,92.31
841380000F0135,2.0,1.25,0.534,0.597,3.51,2239,816,63.56,38.99,71.55
840520000A0635,2.35,1.4,0.584,0.612,4.58,481,159,66.94,45.95,78.17
840680000D0297,2.4,1.45,0.549,0.505,4.3,1178,372,68.42,37.44,76.74
841110000B0239,,,,,,,,,,
830320000E0962,2.1,1.4,0.52,0.64,27.15,2932,128,95.63,93.18,96.32
84073000AK0324,2.05,1.0,0.296,0.583,248.71,1741,7,99.6,99.31,99.6
84018000AD0135,,,,,,,,,,
07279000AN0063,2.4,1.45,0.553,0.437,7.41,1570,281,82.1,59.04,86.5
84046000AB0139,1.85,0.85,0.443,0.533,1.88,2675,1434,46.39,0.0,46.77
84028000AV0059,1.95,1.25,0.486,0.718,24.59,1869,79,95.77,94.11,95.93
84031000AX0058,2.25,1.1,0.37,0.833,2.4,4171,1715,58.88,50.66,58.38
831480000C0281,1.65,2.0,0.333,0.381,135.62,1085,8,99.26,98.06,99.26
841340000C0340,,,,,,,,,,
262330000A0229,2.15,1.15,0.533,0.545,2.99,1267,555,56.2,19.57,66.54
841060000C0646,2.25,1.1,0.382,0.858,1.65,735,452,38.5,28.3,39.46
840120000A1064,2.0,1.25,0.521,0.472,3.5,4114,1485,63.9,23.51,71.39
261920000C0044,2.15,1.15,0.552,0.577,3.33,5162,2097,59.38,29.64,69.99
130910000C1568,2.0,1.25,0.538,0.627,4.15,4715,1470,68.82,50.31,75.91
830270000H0036,2.25,1.1,0.426,0.525,2.68,2463,989,59.85,23.47,62.73
131150000B0655,1.55,0.9,0.3,0.654,57.57,1324,17,98.72,98.04,98.26
841480000A0309,2.35,1.05,0.512,0.554,2.79,752,336,55.32,19.41,64.1
83097000AR0185,2.35,1.35,0.577,0.521,2.83,787,411,47.78,0.0,64.68
07042000AO0066,2.25,1.1,0.409,0.728,1.73,2161,1255,41.93,20.22,42.34
830680000F0012,2.15,1.0,0.499,0.464,2.57,2592,1212,53.24,0.0,61.07
26345000BI0167,2.2,1.1,0.531,0.618,2.0,513,333,35.09,0.0,50.1
841260000F0962,2.05,1.2,0.53,0.668,7.07,1378,252,81.71,72.64,85.85
840960000E0032,2.0,1.25,0.384,0.828,2.04,4117,2080,49.48,38.98,51.01
263570000A0059,2.25,1.0,0.332,0.685,1.46,889,595,33.07,2.36,31.5
841170000C0175,1.75,1.35,0.445,0.58,8.11,300,40,86.67,77.0,87.67
840960000C0559,1.9,1.25,0.492,0.571,10.68,2607,283,89.14,80.97,90.64
263220000B0966,1.95,1.25,0.506,0.612,11.32,2174,230,89.42,82.7,91.17
26377000AO0087,2.3,1.05,0.474,0.443,11.18,3398,343,89.91,77.22,91.05
263570000H0658,1.8,1.1,0.422,0.678,25.73,1518,61,95.98,94.07,96.11
26345000AM0334,2.0,1.25,0.533,0.546,2.81,2685,1244,53.67,15.08,64.43
84104000AH0251,2.0,1.2,0.414,0.693,18.78,1296,70,94.6,92.21,94.68
26054000AL0144,2.05,1.15,0.526,0.543,2.35,1663,907,45.46,0.0,57.49
830490000D0530,2.2,1.6,0.564,0.642,5.91,272,68,75.0,61.03,83.09
07264000AZ0039,2.2,1.1,0.462,0.699,4.82,3044,666,78.12,68.69,79.24
841500000G0271,2.2,1.1,0.542,0.542,2.45,719,385,46.45,1.25,59.25
073430000E1687,2.2,0.9,0.346,0.575,1.78,506,281,44.47,3.36,43.87
261190000C1244,2.05,1.2,0.527,0.554,2.3,681,381,44.05,0.0,56.53
830650000C0252,2.4,1.75,0.491,0.612,3.27,3148,1186,62.33,38.47,69.41
831170000B0086,2.4,1.3,0.57,0.498,2.85,1439,717,50.17,0.0,64.91
84104000AD0034,2.15,1.05,0.365,0.78,22.0,1034,46,95.55,94.29,95.45
84012000AO0248,2.3,1.05,0.512,0.639,5.86,961,189,80.33,69.2,82.93
