IDU,row_spacing,plant_spacing,rmse,match_rate,density_ratio,points_expected,points_found,unmatched_grid_pct,vines_missing_pct,vines_missing_pct_presence
841460000B0204,2.3,1.4,0.499,0.482,4.0,380,67,82.37,63.42,75.0
841330000G0559,2.2,1.35,0.542,0.496,2.08,1029,396,61.52,22.45,51.99
840610000B0437,2.0,1.3,0.539,0.571,1.44,1269,716,43.58,1.18,30.34
261560000D0593,2.0,2.05,0.614,0.538,2.09,902,272,69.84,43.9,52.22
261560000B0414,1.35,1.5,0.417,0.492,1.43,664,335,49.55,0.0,29.97
13050000BH0207,1.9,1.75,0.403,0.448,16.94,542,13,97.6,94.65,94.1
262750000I0303,2.45,1.4,0.525,0.502,3.95,1293,223,82.75,65.66,74.71
262750000C0565,1.85,1.35,0.499,0.537,1.37,1981,1055,46.74,0.76,26.8
26054000AB0118,2.45,1.4,0.529,0.41,1.87,2595,1043,59.81,2.0,46.44
84053000ZK0023,2.4,1.4,0.381,0.802,2.7,2157,588,72.74,66.02,62.96
830040000B0853,2.3,1.35,0.351,0.687,1.24,3061,2094,31.59,0.46,19.08
13079000AO0042,2.55,2.1,0.624,0.648,1.93,233,79,66.09,47.64,48.07
830350000A0897,2.0,1.9,0.43,0.59,15.37,1783,79,95.57,92.48,93.49
84036000AY0009,2.05,1.4,0.5,0.53,3.64,1118,221,80.23,62.7,72.54
840370000B0627,2.65,1.65,0.566,0.56,2.18,331,102,69.18,45.02,54.08
831400000B2126,2.45,1.95,0.491,0.703,2.77,1358,369,72.83,61.34,63.84
072590000B0037,2.2,1.4,0.537,0.456,2.21,770,272,64.68,22.47,54.81
841330000D0592,2.2,1.35,0.531,0.445,1.93,2682,1136,57.64,4.85,48.06
840170000E1503,2.05,1.45,0.492,0.603,12.08,1703,91,94.66,91.13,91.72
83101000BD0069,2.45,1.7,0.472,0.617,1.37,2606,1546,40.68,3.84,26.94
830470000B1284,2.0,1.45,0.542,0.493,1.49,1737,860,50.49,0.0,33.05
840960000A0185,,,,,,,,,,
830310000E0404,2.1,2.0,0.597,0.465,1.4,826,350,57.63,8.96,28.57
840440000D1591,2.3,1.65,0.384,0.691,1.32,345,230,33.33,3.48,24.06
830920000E1028,2.1,1.9,0.495,0.409,9.91,981,63,93.58,84.3,89.91
841460000B0506,2.5,1.4,0.519,0.448,1.98,763,307,59.76,10.09,49.41
263570000O0137,2.45,1.35,0.514,0.485,3.36,534,126,76.4,51.31,70.22
261880000D0687,2.0,1.4,0.53,0.576,4.32,3616,567,84.32,72.76,76.85
13079000AL0114,2.35,1.9,0.361,0.294,90.9,1818,10,99.45,98.13,98.9
830260000D0119,1.6,1.75,0.465,0.411,1.8,584,233,60.1,2.91,44.52
26345000AD0182,2.0,1.4,0.531,0.602,12.0,15570,810,94.8,91.36,91.67
072790000B0388,2.0,1.65,0.425,0.785,1.75,3151,1322,58.05,46.52,42.91
841330000B0289,2.55,1.3,0.376,0.576,1.7,529,279,47.26,8.51,41.02
841370000B0566,2.4,1.4,0.371,0.688,1.57,218,119,45.41,20.64,36.24
840940000C0125,2.5,1.4,0.526,0.449,3.41,780,173,77.82,50.64,70.64
830570000B0580,2.3,2.1,0.591,0.373,1.99,2084,620,70.25,20.25,49.86
840890000F0279,2.0,1.35,0.53,0.447,1.87,1935,856,55.76,1.14,46.46
831340000A1650,2.5,2.1,0.605,0.38,2.41,9292,2404,74.13,32.0,58.52
840890000A0455,2.55,1.25,0.344,0.68,1.35,670,427,36.27,6.27,25.97
84104000AC0042,2.05,1.4,0.528,0.545,1.43,941,517,45.06,0.0,30.07
840390000A1010,2.25,1.65,0.474,0.54,2.93,6189,1467,76.3,56.12,65.84
263770000H0443,2.1,1.35,0.496,0.483,9.39,5249,405,92.28,84.04,89.35
84008000AN0131,2.35,1.6,0.532,0.544,4.72,1217,147,87.92,77.81,78.8
07168000AN0002,2.05,1.65,0.562,0.623,4.23,1357,182,86.59,78.48,76.34
840220000B0644,2.25,1.35,0.496,0.578,2.8,715,193,73.01,53.29,64.34
26220000AD0380,2.05,1.2,0.514,0.523,1.72,218,113,48.17,0.92,41.74
840170000E0289,2.35,1.6,0.518,0.529,5.37,1214,135,88.88,79.0,81.38
840700000D1095,2.6,1.6,0.538,0.383,2.01,1587,553,65.15,9.14,50.35
07152000AE0057,1.4,1.8,0.463,0.48,1.67,561,269,52.05,0.0,40.11
262750000F0341,2.5,1.4,0.543,0.488,2.75,602,163,72.92,44.52,63.62
840670000D0235,2.0,1.55,0.542,0.483,1.62,904,415,54.09,4.87,38.38
830310000F1697,2.5,2.1,0.605,0.445,4.28,8544,942,88.97,75.23,76.65
840220000D0016,2.65,1.4,0.534,0.447,2.03,75,34,54.67,0.0,50.67
830940000A0534,1.95,2.0,0.575,0.446,1.52,6171,2712,56.05,1.44,34.22
840390000A1144,2.2,1.65,0.585,0.603,1.65,988,373,62.25,37.35,39.37
840390000F0125,2.35,1.65,0.515,0.444,3.8,463,76,83.59,63.07,73.65
841130000C0336,2.5,1.35,0.449,0.602,1.49,2607,1422,45.45,9.32,33.1
13087000AI0253,2.1,2.1,0.587,0.377,2.52,595,156,73.78,30.42,60.34
841500000D0106,2.4,1.4,0.512,0.477,2.07,1778,635,64.29,25.2,51.8
261820000G0190,2.4,1.4,0.538,0.442,1.96,3393,1303,61.6,13.17,49.04
841060000A0860,,,,,,,,,,
840370000E0886,2.5,0.9,0.304,0.702,1.21,564,402,28.72,0.0,17.55
841260000F0324,1.95,1.2,0.513,0.588,1.75,440,211,52.05,18.41,42.73
830350000B0538,,,,,,,,,,
840370000B0693,2.25,1.65,0.576,0.521,1.4,10184,4465,56.16,15.92,28.57
841500000H1127,2.3,1.4,0.529,0.505,2.07,4795,1661,65.36,31.47,51.64
841060000A0640,2.25,1.35,0.562,0.528,1.46,663,348,47.51,0.6,31.52
263800000C1004,2.25,2.0,0.578,0.415,1.8,142,59,58.45,0.0,44.37
84081000AY0084,2.25,1.4,0.538,0.514,2.19,1458,481,67.01,35.87,54.32
262750000C0124,1.65,1.4,0.385,0.529,21.98,2220,46,97.93,96.08,95.45
841160000A0134,2.35,1.4,0.525,0.549,4.13,867,156,82.01,67.24,75.78
261880000B0418,2.05,1.4,0.523,0.557,4.18,1974,327,83.43,70.26,76.09
840140000A0522,2.5,1.35,0.507,0.458,2.3,2032,710,65.06,23.67,56.55
830910000D0459,2.2,1.95,0.585,0.473,1.42,3003,1401,53.35,1.43,29.37
830320000E1068,2.5,2.1,0.382,0.357,7.79,265,15,94.34,84.15,87.17
831000000C0599,2.05,1.95,0.5,0.473,10.39,997,53,94.68,88.77,90.37
840290000E0787,2.2,1.4,0.543,0.524,2.38,1415,451,68.13,39.15,57.95
84106000AD0040,1.95,1.35,0.473,0.39,16.38,1785,73,95.91,89.52,93.89
831080000G0230,2.3,2.15,0.548,0.335,2.15,1002,323,67.76,3.69,53.59
070700000B0274,2.2,2.0,0.493,0.373,4.04,214,38,82.24,52.34,75.23
84088000AT0216,2.45,1.6,0.557,0.468,1.82,1337,504,62.3,19.37,45.18
830850000C0058,2.5,2.15,0.518,0.695,1.52,1779,852,52.11,31.08,34.23
83063000AZ0091,2.0,2.0,0.587,0.473,1.37,2884,1359,52.88,0.35,27.18
830350000B1117,2.5,2.05,0.555,0.392,5.27,674,78,88.43,70.47,81.01
83148000BV0201,1.95,2.1,0.611,0.663,3.08,311,69,77.81,66.56,67.52
84099000AP0048,2.45,1.15,0.438,0.68,2.84,173,51,70.52,56.65,64.74
841260000F0671,2.15,1.4,0.505,0.587,5.69,956,121,87.34,78.45,82.43
840300000B0556,2.2,1.65,0.403,0.696,1.61,237,126,46.84,23.63,37.97
070700000B0870,,,,,,,,,,
071260000H0599,2.3,1.65,0.408,0.806,2.41,1052,303,71.2,64.26,58.46
841380000R0727,2.35,1.35,0.533,0.548,2.03,836,317,62.08,30.86,50.84
841380000D0227,2.3,1.4,0.454,0.695,2.32,10276,3359,67.31,53.0,56.99
840960000D0367,2.25,1.3,0.46,0.54,10.08,1451,95,93.45,87.87,90.08
07143000AL0537,2.1,2.15,0.608,0.511,1.91,451,142,68.51,38.36,47.67
840450000D0549,2.5,1.4,0.462,0.481,3.28,1016,242,76.18,50.49,69.49
840190000D0917,2.25,1.2,0.516,0.564,2.57,749,252,66.36,40.32,61.01
840450000A0148,2.5,1.4,0.521,0.606,1.5,974,510,47.64,13.66,33.26
130490000A0875,2.0,1.4,0.557,0.483,1.73,152,72,52.63,1.97,42.11
831450000E0184,2.05,1.95,0.495,0.378,6.84,335,28,91.64,77.91,85.37
26345000AI0025,2.25,1.35,0.523,0.541,2.06,689,255,62.99,31.64,51.38
84018000AH0197,1.9,1.5,0.44,0.61,7.92,776,61,92.14,87.11,87.37
83042000AW0151,2.35,2.1,0.588,0.377,1.71,2211,794,64.09,4.75,41.56
830990000D0168,2.3,2.1,0.594,0.385,1.65,1554,566,63.58,5.41,39.58
84129000AA0016,2.05,1.65,0.552,0.605,3.84,3655,566,84.51,74.42,73.93
26054000AM0307,2.2,1.4,0.377,0.676,1.28,1683,1095,34.94,3.74,21.98
13050000BZ0153,2.5,2.0,0.524,0.683,1.46,2627,1456,44.58,18.84,31.71
840290000C0760,2.25,1.4,0.542,0.563,2.28,1032,326,68.41,43.9,56.1
830270000G1180,2.2,2.15,0.517,0.53,1.55,1468,731,50.2,6.13,35.49
840300000B0140,2.2,1.4,0.359,0.693,5.6,1020,131,87.16,81.47,82.16
84119000AV0002,2.5,1.4,0.509,0.378,3.02,3921,968,75.31,34.66,66.92
840490000A0211,2.35,1.55,0.546,0.51,2.03,1092,366,66.48,34.25,50.64
840980000B0253,2.3,1.4,0.373,0.601,1.62,1876,960,48.83,14.82,38.27
263410000A0591,2.1,1.8,0.527,0.57,1.46,76,45,40.79,0.0,31.58
830480000B2688,2.3,1.95,0.593,0.495,1.88,425,143,66.35,32.0,46.82
841380000H0737,2.3,1.4,0.403,0.645,1.73,1188,556,53.2,27.44,42.17
83121000AR0559,2.5,1.7,0.386,0.788,5.41,974,141,85.52,81.62,81.52
84031000AD0424,2.35,1.35,0.388,0.397,21.51,1054,31,97.06,92.6,95.35
26071000AC0309,2.4,1.95,0.55,0.546,1.8,545,220,59.63,26.06,44.4
84135000AP0056,2.15,1.4,0.504,0.657,1.57,1964,979,50.15,24.19,36.41
831160000B0221,2.25,2.0,0.482,0.25,51.13,2352,19,99.19,96.77,98.04
840420000D0474,2.15,1.35,0.514,0.475,2.8,1924,522,72.87,42.83,64.35
84137000BC0065,2.45,1.4,0.393,0.689,1.88,723,299,58.64,39.97,46.75
26345000AZ0243,2.5,1.4,0.522,0.535,3.91,508,100,80.31,63.19,74.41
840560000A0315,2.15,1.4,0.509,0.603,1.54,1306,639,51.07,18.84,35.07
841330000F0865,2.4,1.35,0.533,0.477,2.32,1563,501,67.95,32.82,56.88
831400000B0689,2.15,1.85,0.487,0.426,30.14,3436,72,97.9,95.08,96.68
840170000B0290,2.65,1.45,0.294,0.551,5.33,224,38,83.04,69.2,81.25
13079000AE0052,2.2,2.0,0.634,0.482,1.26,947,424,55.23,7.18,20.49
841260000F1080,2.1,1.4,0.368,0.865,3.95,936,180,80.77,77.78,74.68
841330000F0862,2.4,1.35,0.53,0.423,1.97,3642,1458,59.97,5.44,49.29
262330000B0470,2.25,1.2,0.497,0.587,2.97,859,246,71.36,51.22,66.36
261820000C0523,2.45,1.35,0.46,0.61,2.03,1144,452,60.49,35.23,50.7
263570000M0066,2.15,1.4,0.497,0.546,3.5,1075,233,78.33,60.28,71.44
13087000AN0154,2.15,1.95,0.569,0.443,1.59,720,303,57.92,5.0,37.08
841500000D0467,2.25,1.3,0.427,0.438,10.71,1339,98,92.68,83.27,90.66
840770000C0427,2.5,1.6,0.487,0.492,7.94,413,31,92.49,84.75,87.41
831110000A0443,2.4,1.75,0.428,0.564,1.51,611,348,43.04,0.0,33.72
262750000K0412,2.1,1.4,0.519,0.556,1.92,1476,567,61.59,30.96,47.9
830460000E1053,2.3,2.15,0.529,0.591,5.79,307,26,91.53,85.67,82.74
07042000AE0004,2.05,1.4,0.479,0.634,2.33,5288,1696,67.93,49.45,57.02
831540000C0253,2.4,2.05,0.562,0.404,4.18,1627,215,86.79,67.3,76.09
830720000H0292,2.4,1.85,0.482,0.41,10.58,804,43,94.65,86.94,90.55
13110000AX0047,1.95,2.0,0.584,0.436,1.43,1590,709,55.41,0.0,30.13
840390000F0407,2.0,1.65,0.529,0.648,1.5,457,232,49.23,21.66,33.26
841500000E0671,2.4,1.4,0.545,0.506,3.12,3179,731,77.01,54.55,67.98
26317000AB0053,1.4,1.15,0.334,0.524,16.06,1943,65,96.65,93.62,93.77
830320000E0558,2.15,2.0,0.618,0.534,3.57,2920,458,84.32,70.62,71.95
84081000BE0106,2.0,1.4,0.506,0.516,1.74,1090,512,53.03,8.99,42.39
831000000A0607,2.3,2.1,0.511,0.506,1.47,4140,2071,49.98,1.09,31.91
830910000B1132,1.9,1.25,0.486,0.492,1.68,902,443,50.89,0.22,40.58
841340000C0462,2.25,1.4,0.508,0.553,11.33,4100,235,94.27,89.63,91.17
841170000A0058,2.35,1.4,0.534,0.496,2.28,990,331,66.57,32.53,56.06
840390000F0489,2.5,1.45,0.524,0.534,4.16,1065,181,83.0,68.17,75.96
13082000BS0011,2.4,2.05,0.605,0.437,2.47,970,248,74.43,41.44,59.48
830730000A1013,2.2,1.65,0.421,0.525,45.62,1688,21,98.76,97.63,97.81
84141000BA0079,2.2,1.4,0.424,0.644,1.58,115,67,41.74,9.57,36.52
13056000DM0122,2.45,1.9,0.581,0.516,1.33,527,278,47.25,0.0,24.67
841130000B0084,2.45,1.35,0.527,0.422,2.0,3321,1302,60.79,7.02,49.95
073130000B0454,1.85,1.95,0.529,0.453,1.67,904,384,57.52,6.19,40.27
84106000AT0005,2.1,1.4,0.363,0.769,3.07,965,233,75.85,68.6,67.46
071690000B0722,2.4,2.15,0.576,0.317,2.22,2180,678,68.9,1.93,55.0
841220000H0034,2.2,1.35,0.53,0.515,2.34,2617,846,67.67,37.18,57.28
84082000AX0187,,,,,,,,,,
13079000AL0032,2.2,2.05,0.616,0.456,1.46,1723,675,60.82,14.1,31.46
841110000B0495,2.5,1.35,0.513,0.512,3.44,241,62,74.27,49.79,70.95
070890000C0226,2.2,2.0,0.522,0.434,1.96,141,56,60.28,8.51,48.94
84086000AR0017,2.35,1.35,0.466,0.519,1.93,29,14,51.72,6.9,48.28
841220000A0247,2.15,1.35,0.397,0.687,4.82,3646,561,84.61,77.59,79.24
261820000B0228,2.35,1.2,0.306,0.911,3.05,430,112,73.95,71.4,67.21
13079000AL0169,1.9,1.85,0.551,0.471,1.33,1654,781,52.78,0.0,24.97
830690000D2667,1.35,1.75,0.459,0.454,1.63,18089,8224,54.54,0.0,38.47
073120000C0439,1.35,1.25,0.385,0.511,1.38,1724,899,47.85,0.0,27.55
26220000AC0013,2.55,1.4,0.464,0.687,1.34,2127,1261,40.71,13.68,25.48
070130000C0654,2.25,1.8,0.496,0.7,4.3,142,28,80.28,71.83,76.76
13072000AY0281,2.3,2.15,0.592,0.366,1.57,7462,2710,63.68,0.79,36.34
840490000D0718,2.15,1.65,0.539,0.419,2.62,4585,1175,74.37,38.78,61.77
841360000A0710,2.1,1.15,0.364,0.634,1.68,196,92,53.06,26.02,40.31
83136000AO0077,,,,,,,,,,
26367000AI0149,2.05,1.4,0.421,0.5,12.74,879,50,94.31,88.62,92.15
83027000AH0083,2.45,2.0,0.549,0.401,3.74,891,139,84.4,61.05,73.29
830120000K0002,2.5,1.85,0.522,0.403,16.35,2845,96,96.63,91.63,93.88
84034000AA0119,2.0,1.4,0.528,0.517,1.57,969,485,49.95,3.2,36.33
26071000ZA0104,2.25,2.05,0.599,0.467,1.38,10654,4721,55.69,5.16,27.4
070150000C0523,2.0,1.3,0.524,0.514,1.59,2573,1361,47.1,0.0,37.04
131150000B0215,,,,,,,,,,
841380000Q0311,2.5,1.35,0.498,0.551,5.81,912,113,87.61,77.52,82.79
84004000AZ0026,2.1,1.25,0.511,0.496,2.42,2500,842,66.32,32.04,58.64
84031000BC0172,2.25,1.65,0.544,0.424,1.77,1763,745,57.74,0.34,43.62
263480000E0362,2.4,1.3,0.476,0.493,8.23,675,69,89.78,79.26,87.85
841220000A0953,1.85,1.3,0.451,0.621,16.42,3119,144,95.38,92.56,93.91
83096000AB0130,1.95,2.1,0.477,0.354,17.22,1464,56,96.17,89.21,94.19
83136000AL0010,2.35,1.95,0.589,0.423,1.48,1419,597,57.93,0.42,32.21
840780000C0185,2.35,1.4,0.5,0.505,2.69,605,162,73.22,46.94,62.81
262330000B0468,2.35,1.4,0.538,0.512,1.55,1150,580,49.57,1.57,35.3
26317000AI0091,2.0,1.35,0.53,0.491,1.6,726,374,48.48,0.0,37.47
830510000E0969,2.3,2.05,0.553,0.534,10.43,1836,78,95.75,92.05,90.41
072450000D0422,2.0,1.15,0.478,0.518,1.75,257,133,48.25,0.0,42.8
84102000AR0014,1.6,1.55,0.432,0.463,32.03,6822,101,98.52,96.8,96.88
13050000BW0141,2.55,1.95,0.426,0.737,3.3,201,56,72.14,62.19,69.65
84072000CE0036,2.25,1.65,0.4,0.64,4.94,1676,244,85.44,77.27,79.77
830910000E0878,2.4,2.05,0.555,0.514,3.97,2998,508,83.06,67.04,74.78
840190000H0957,2.35,1.4,0.471,0.641,9.35,2440,177,92.75,88.69,89.3
84012000AB0124,2.5,1.05,0.443,0.454,11.74,1879,137,92.71,83.93,91.48
840370000D0423,2.1,1.4,0.45,0.589,4.56,328,53,83.84,72.56,78.05
07245000AI0132,,,,,,,,,,
841370000A0643,1.85,1.4,0.426,0.534,14.16,963,47,95.12,90.86,92.94
13037000AI0032,2.35,2.1,0.589,0.417,2.05,495,149,69.9,27.88,51.31
840960000B1066,2.1,1.4,0.54,0.543,1.85,1854,750,59.55,25.57,45.9
83023000BY0041,1.4,1.4,0.404,0.433,1.59,23392,10152,56.6,0.0,37.1
840190000D1429,2.1,1.4,0.539,0.511,1.45,2718,1409,48.16,0.0,31.02
070990000F1155,2.1,1.65,0.468,0.729,1.82,3203,1330,58.48,43.05,44.96
07264000AW0048,2.5,1.4,0.379,0.815,2.16,1065,370,65.26,57.37,53.71
13082000CK0059,2.05,2.0,0.614,0.466,1.49,1795,756,57.88,9.64,33.04
840300000D0455,1.9,1.4,0.416,0.578,11.3,610,37,93.93,89.51,91.15
13110000BE0022,2.6,2.0,0.61,0.444,1.63,971,337,65.29,21.83,38.52
830790000A1229,2.3,2.05,0.594,0.447,2.0,926,298,67.82,27.97,50.11
26367000AL0057,2.25,1.4,0.504,0.416,3.66,7070,1297,81.65,55.93,72.69
840420000C0492,2.5,1.35,0.444,0.598,2.23,1270,457,64.02,39.84,55.12
84028000AO0142,1.55,1.2,0.269,0.55,20.81,333,11,96.7,93.99,95.2
84032000AP0018,2.5,1.3,0.325,0.368,31.79,604,14,97.68,93.71,96.85
831480000D0255,2.4,2.0,0.565,0.39,4.22,1936,292,84.92,61.36,76.29
840370000E0149,2.3,1.65,0.547,0.451,1.7,1009,401,60.26,11.89,41.23
84028000BC0187,2.2,1.4,0.379,0.69,1.7,1261,571,54.72,34.42,41.32
83149000AC0239,2.1,1.75,0.482,0.41,12.41,1390,59,95.76,89.64,91.94
830720000F1390,2.4,2.05,0.564,0.574,3.9,359,58,83.84,71.87,74.37
830270000B1703,2.1,1.95,0.579,0.591,2.09,2720,794,70.81,50.59,52.1
07264000AE0242,2.2,1.4,0.476,0.706,3.17,2650,581,78.08,68.94,68.49
840910000A1033,1.95,1.15,0.401,0.45,20.09,1748,76,95.65,90.33,95.02
840960000E0576,2.1,1.4,0.532,0.55,2.48,1509,474,68.59,42.88,59.64
840870000B0254,,,,,,,,,,
26348000AS0034,2.55,1.4,0.525,0.423,3.93,5548,1025,81.52,56.31,74.55
830580000G1513,2.35,2.05,0.592,0.416,1.87,924,294,68.18,23.48,46.65
841000000C0419,2.1,1.2,0.338,0.795,2.37,504,167,66.87,58.33,57.74
07174000AC0237,2.0,2.1,0.616,0.509,1.32,504,262,48.02,0.0,24.01
07345000ZD0216,2.0,1.95,0.601,0.499,2.46,1774,443,75.03,50.0,59.36
07264000AO0212,2.0,1.35,0.527,0.533,1.47,1022,560,45.21,0.0,32.09
262330000C0349,2.45,1.4,0.49,0.581,1.84,1380,579,58.04,27.83,45.51
830720000D0821,2.25,1.95,0.588,0.564,4.15,1605,207,87.1,77.13,75.89
07264000AY0092,2.5,1.4,0.5,0.526,3.43,466,110,76.39,55.15,70.82
830880000B0047,2.0,2.0,0.522,0.389,7.72,764,61,92.02,79.45,87.04
841380000B0077,2.35,1.4,0.376,0.669,2.42,1008,334,66.87,50.5,58.73
84137000AD0074,2.45,1.4,0.416,0.535,2.82,3433,943,72.53,48.62,64.55
84141000AZ0085,2.55,1.4,0.514,0.417,3.08,1063,247,76.76,44.21,67.54
840370000B0679,1.8,1.65,0.459,0.796,1.58,1616,779,51.79,39.42,36.82
83101000BC0056,1.85,1.9,0.552,0.423,1.55,1280,543,57.58,0.0,35.39
831000000E0601,2.0,2.05,0.606,0.488,1.31,1151,539,53.17,4.08,23.63
07264000AE0013,2.2,1.4,0.527,0.529,2.6,1813,534,70.55,44.35,61.5
071690000C0829,1.75,1.6,0.487,0.475,1.6,242,123,49.17,0.0,37.6
26054000AD0069,2.0,1.4,0.545,0.513,1.58,652,327,49.85,2.15,36.66
13014000CH0185,2.4,2.0,0.613,0.519,3.63,1936,280,85.54,72.11,72.42
84072000CL0011,2.4,1.65,0.569,0.476,1.67,553,229,58.59,13.02,39.96
83096000AI0077,2.05,2.1,0.594,0.414,1.57,566,230,59.36,1.94,36.4
841460000A0262,2.2,1.2,0.509,0.541,1.65,660,347,47.42,2.88,39.55
84028000AT0229,2.5,1.4,0.434,0.719,1.99,5416,1989,63.28,48.95,49.87
84106000AC0126,2.15,1.4,0.455,0.559,4.66,2193,356,83.77,70.95,78.52
071260000F0494,2.45,1.65,0.567,0.484,3.39,997,198,80.14,58.98,70.51
840490000E0656,1.45,1.35,0.163,0.5,64.25,514,4,99.22,98.44,98.44
830830000C0114,2.45,1.95,0.445,0.667,6.2,651,68,89.55,84.33,83.87
840370000A0730,2.45,1.65,0.197,0.357,4.62,37,5,86.49,62.16,78.38
840390000D0356,2.1,1.65,0.575,0.591,1.62,365,162,55.62,24.93,38.08
83116000AB0164,2.25,2.15,0.553,0.413,2.08,386,109,71.76,31.61,51.81
84046000AM0078,2.35,1.6,0.485,0.584,1.57,1038,532,48.75,12.24,36.42
831080000C0897,2.5,1.35,0.355,0.56,1.51,1776,992,44.14,0.28,33.95
07070000AL0052,2.4,1.95,0.581,0.438,3.91,595,95,84.03,63.53,74.45
841220000B1098,2.15,1.35,0.429,0.668,3.56,4092,822,79.91,69.94,71.9
840720000F0579,2.0,1.65,0.576,0.597,1.69,367,141,61.58,35.69,40.87
07152000AH0153,2.05,2.0,0.609,0.503,1.3,478,242,49.37,0.0,23.01
84018000AI0132,2.35,1.35,0.359,0.395,50.0,950,15,98.42,96.0,98.0
831250000D0088,2.5,2.15,0.494,0.681,1.5,1260,640,49.21,25.4,33.41
84082000AD0009,1.55,1.25,0.328,0.629,19.91,856,22,97.43,95.91,94.98
26377000AS0291,2.35,1.35,0.505,0.603,3.6,2867,540,81.16,68.75,72.2
26345000AH0005,2.4,1.4,0.531,0.444,4.11,66548,10933,83.57,63.01,75.65
830720000F0021,2.5,2.05,0.611,0.507,2.66,651,136,79.11,58.83,62.37
263570000B0145,2.3,1.4,0.372,0.772,1.5,353,190,46.18,30.31,33.43
83016000AH0193,2.2,2.05,0.618,0.481,1.44,2296,935,59.28,15.29,30.71
840910000D0174,,,,,,,,,,
840160000A1471,2.65,1.65,0.608,0.534,2.22,120,39,67.5,39.17,55.0
841090000C0326,2.35,1.65,0.408,0.351,8.66,277,27,90.25,72.2,88.45
84104000AO0197,1.95,1.15,0.369,0.548,18.57,1077,40,96.29,93.22,94.61
841110000C0184,2.3,1.4,0.468,0.612,7.47,1016,104,89.76,83.27,86.61
840830000B0008,2.3,1.4,0.342,0.749,1.44,2464,1358,44.89,26.38,30.36
13079000AZ0056,2.4,2.05,0.61,0.415,1.41,2799,1094,60.91,5.89,29.26
83136000AY0239,2.2,2.1,0.581,0.439,2.59,202,54,73.27,39.11,61.39
830350000B0718,1.95,1.75,0.556,0.476,1.45,732,352,51.91,0.0,30.87
830920000A0410,2.25,1.65,0.451,0.615,1.25,1593,1000,37.23,0.0,19.77
263410000A1037,1.85,1.45,0.4,0.625,1.49,152,95,37.5,0.0,32.89
840720000D0764,2.2,1.65,0.581,0.565,1.8,1416,493,65.18,38.42,44.49
840390000G1212,2.4,1.65,0.575,0.57,2.57,327,85,74.01,54.43,61.16
841110000A0275,2.35,1.4,0.525,0.458,2.28,5001,1574,68.53,31.25,56.07
26054000AO0133,2.2,1.4,0.416,0.729,1.68,1483,713,51.92,34.05,40.46
830180000E0683,2.5,2.1,0.537,0.541,1.76,3290,1319,59.91,25.84,43.1
840490000A0365,2.5,1.65,0.527,0.521,7.29,765,61,92.03,84.71,86.27
841330000G0558,2.3,1.35,0.533,0.459,2.08,3139,1178,62.47,18.22,51.86
841160000A0593,2.2,1.4,0.502,0.464,3.54,725,149,79.45,55.72,71.72
84149000AS0016,2.5,1.4,0.518,0.493,3.53,2985,567,81.01,61.51,71.69
830730000A0118,,,,,,,,,,
840890000I2445,2.45,1.35,0.524,0.513,2.14,1516,553,63.52,28.83,53.3
830320000E0959,2.5,2.05,0.474,0.603,1.72,620,293,52.74,21.61,41.77
831400000C0382,2.4,1.9,0.527,0.394,3.6,353,67,81.02,51.84,72.24
84053000ZI0007,2.3,1.4,0.528,0.505,2.29,3340,1022,69.4,39.37,56.41
830860000E2165,2.45,1.95,0.588,0.409,2.24,1649,437,73.5,35.17,55.37
840420000C0526,,,,,,,,,,
070990000F0849,2.1,1.65,0.428,0.677,1.74,965,428,55.65,34.51,42.49
840870000K0004,,,,,,,,,,
83050000AZ0592,2.1,1.95,0.552,0.374,7.95,6383,461,92.78,80.7,87.42
83098000BK0197,1.95,1.95,0.58,0.527,1.22,492,271,44.92,0.0,17.89
830180000C1165,2.15,2.1,0.505,0.316,12.31,3139,160,94.9,83.88,91.88
840720000I0803,2.45,1.65,0.524,0.509,1.79,733,296,59.62,20.74,44.07
07324000AX0212,1.3,1.15,0.377,0.541,1.25,1315,717,45.48,0.0,20.3
840720000B0364,2.15,1.45,0.555,0.558,1.96,755,280,62.91,33.51,49.01
83035000AB0251,,,,,,,,,,
840300000E1283,2.25,1.4,0.521,0.527,1.51,705,370,47.52,0.43,33.76
072450000D0460,2.05,2.1,0.601,0.438,1.87,273,103,62.27,13.92,46.52
84082000AH0068,2.2,1.65,0.477,0.5,7.19,266,29,89.1,78.2,86.09
840250000B0150,2.3,1.45,0.479,0.56,12.45,1370,70,94.89,90.88,91.97
072340000A0669,2.05,1.75,0.506,0.44,1.96,363,147,59.5,7.99,49.04
840290000F0443,2.35,1.4,0.56,0.474,1.67,736,350,52.45,0.0,40.08
841380000D0060,2.3,1.4,0.543,0.49,2.08,5266,1841,65.04,28.67,51.97
840390000G0159,2.1,1.6,0.561,0.517,1.53,452,228,49.56,2.43,34.73
263570000Y0257,2.45,1.4,0.537,0.506,2.23,619,206,66.72,34.25,55.09
071520000A0560,1.4,1.45,0.43,0.484,1.56,560,268,52.14,1.07,35.89
84003000BN0247,2.3,1.35,0.523,0.505,2.49,520,154,70.38,41.35,59.81
84004000BH0055,2.2,1.25,0.516,0.512,3.45,4124,939,77.23,55.53,71.0
841380000K0294,2.4,1.4,0.508,0.386,4.52,18488,2778,84.97,61.09,77.9
840490000E0276,2.35,1.65,0.574,0.469,1.81,13176,4465,66.11,27.72,44.62
840960000F0192,2.25,1.4,0.546,0.52,1.81,2046,777,62.02,27.03,44.77
13110000BN0135,2.4,2.0,0.549,0.451,5.04,746,96,87.13,71.45,80.16
263570000O0117,2.2,1.4,0.358,0.763,1.91,911,387,57.52,44.35,47.75
073080000A1134,2.35,1.55,0.412,0.638,1.34,745,475,36.24,0.0,25.64
840370000F0125,2.0,1.2,0.52,0.501,1.74,442,218,50.68,1.58,42.53
07228000AN0125,1.55,1.1,0.399,0.531,1.54,341,178,47.8,1.76,35.19
831080000E0185,2.15,2.0,0.612,0.482,1.84,1848,559,69.75,37.28,45.62
263800000C2226,2.0,1.15,0.432,0.695,1.42,109,73,33.03,3.67,29.36
070090000B0724,2.1,2.0,0.604,0.515,1.56,1154,533,53.81,10.4,35.79
831480000A0018,2.1,2.15,0.6,0.535,8.65,18165,930,94.88,90.44,88.44
84082000AR0266,2.3,1.45,0.472,0.628,2.11,794,316,60.2,36.65,52.64
840510000E0406,2.45,1.15,0.413,0.475,31.69,3106,67,97.84,95.46,96.84
840980000B0548,2.5,1.35,0.484,0.473,7.79,405,43,89.38,77.53,87.16
072590000A0629,2.1,1.4,0.51,0.547,2.22,1207,405,66.45,38.61,54.93
263800000D0063,2.0,1.75,0.565,0.558,1.49,171,91,46.78,4.68,32.75
83049000AY0027,1.9,1.9,0.576,0.496,1.18,1812,897,50.5,0.11,15.34
841150000A0103,2.3,1.65,0.479,0.587,1.42,967,548,43.33,3.52,29.68
262330000A0275,2.05,1.4,0.532,0.516,4.31,12557,2013,83.97,68.93,76.79
841460000A0809,2.3,1.2,0.488,0.573,6.25,1393,177,87.29,77.82,83.99
84082000AM0188,2.3,1.65,0.557,0.472,1.83,1289,498,61.37,18.23,45.38
840870000L0201,1.9,1.45,0.408,0.787,5.3,2805,348,87.59,84.24,81.14
840170000C0099,2.55,1.6,0.571,0.511,1.68,207,97,53.14,8.21,40.58
83023000AD0297,2.45,1.75,0.534,0.643,6.0,624,72,88.46,82.05,83.33
830470000C0034,2.5,1.95,0.596,0.45,1.99,1642,518,68.45,29.84,49.76
13087000AN0072,2.5,2.15,0.521,0.643,1.41,2337,1212,48.14,19.38,29.18
840960000F0851,2.2,1.35,0.498,0.512,4.6,2139,340,84.1,68.96,78.26
841340000D0247,,,,,,,,,,
840220000C0021,2.45,1.4,0.537,0.458,2.03,1970,703,64.31,22.08,50.76
840200000B0601,2.2,0.95,0.283,0.536,60.89,1157,15,98.7,97.58,98.36
840390000H0525,2.05,1.45,0.424,0.804,2.14,752,250,66.76,58.64,53.32
841360000A1059,2.15,1.1,0.355,0.655,61.5,1476,19,98.71,98.04,98.37
840530000C0303,2.1,1.4,0.536,0.563,2.18,813,271,66.67,40.84,54.12
84072000CH0063,2.3,1.65,0.564,0.444,1.58,4606,1826,60.36,10.77,36.52
830720000F1565,2.0,2.05,0.524,0.496,8.07,791,61,92.29,84.45,87.61
26054000AL0117,1.9,1.4,0.518,0.508,1.48,2133,1080,49.37,0.28,32.3
840560000A0186,2.0,1.4,0.375,0.772,2.26,1632,561,65.62,55.45,55.76
830260000D1068,2.4,2.15,0.571,0.344,3.86,3211,417,87.01,62.29,74.09
840960000B0789,2.25,1.4,0.468,0.707,4.71,179,29,83.8,77.09,78.77
830910000C0024,2.3,1.9,0.605,0.507,1.74,635,211,66.77,34.49,42.68
830940000D0194,1.85,1.65,0.529,0.479,1.42,643,302,53.03,1.87,29.7
840560000A0587,2.2,1.4,0.488,0.605,9.71,728,49,93.27,88.87,89.7
830180000C1611,2.45,2.1,0.586,0.343,2.69,3510,757,78.43,37.18,62.76
830940000A1744,2.1,2.1,0.578,0.445,1.61,184,81,55.98,1.09,38.04
263570000X0179,2.2,1.4,0.374,0.746,1.4,2257,1314,41.78,21.93,28.36
831350000H0484,2.65,1.95,0.537,0.478,3.38,358,55,84.64,67.88,70.39
840420000D0520,2.45,1.35,0.517,0.43,2.11,1401,517,63.1,14.28,52.61
841220000B0631,2.05,1.15,0.395,0.551,36.8,1472,27,98.17,96.67,97.28
840440000D1361,2.15,1.65,0.533,0.639,6.93,2024,182,91.01,85.92,85.57
83050000AD0246,1.95,2.05,0.535,0.426,8.47,2042,150,92.65,82.76,88.2
840490000E0201,2.1,1.6,0.548,0.628,3.31,951,189,80.13,68.35,69.82
830970000D0416,2.0,2.0,0.589,0.405,1.59,36952,14797,59.96,1.06,37.03
840960000C0878,2.0,1.4,0.333,0.797,2.82,214,63,70.56,63.08,64.49
831270000D0034,2.35,2.0,0.609,0.473,1.55,6532,2414,63.04,21.86,35.38
262750000A0114,1.95,1.2,0.415,0.769,3.05,442,113,74.43,66.74,67.19
26220000AK0049,2.3,1.4,0.515,0.473,2.46,586,181,69.11,34.64,59.39
83068000AZ0100,2.1,2.15,0.591,0.37,1.87,2677,940,64.89,5.04,46.51
840300000A0051,2.2,1.65,0.458,0.712,2.01,975,376,61.44,45.85,50.36
263570000P0098,2.6,1.35,0.535,0.482,1.79,554,228,58.84,14.62,44.04
841170000A0043,2.45,1.4,0.51,0.533,1.49,598,316,47.16,0.84,32.94
26054000AL0193,2.05,1.4,0.376,0.792,3.42,1370,297,78.32,72.63,70.73
13056000DO0113,2.05,1.75,0.454,0.511,13.44,524,23,95.61,91.41,92.56
831250000C0272,2.2,2.0,0.599,0.382,1.64,1247,464,62.79,2.57,38.97
26071000ZA0067,2.35,2.0,0.605,0.485,1.83,1082,331,69.41,36.97,45.38
26054000AO0221,2.1,1.4,0.539,0.587,2.67,1128,298,73.58,54.96,62.59
070150000A0590,1.95,1.65,0.55,0.541,1.44,202,106,47.52,2.97,30.69
840200000B0633,1.9,1.1,0.39,0.474,13.91,1182,65,94.5,88.41,92.81
26038000ZA0045,2.0,1.85,0.574,0.429,1.55,8365,3555,57.5,0.94,35.33
84072000BX0012,2.2,1.65,0.413,0.683,1.53,750,393,47.6,23.33,34.53
840370000B0691,2.6,1.65,0.574,0.463,1.53,1399,569,59.33,12.22,34.6
83148000AC0038,2.5,2.0,0.603,0.548,2.96,792,165,79.17,61.99,66.16
263570000Y0345,2.4,1.35,0.495,0.562,2.92,280,73,73.93,53.57,65.71
830040000A0402,2.25,2.05,0.481,0.33,13.95,865,38,95.61,86.71,92.83
841480000E0191,,,,,,,,,,
830270000G1967,1.9,2.0,0.581,0.443,1.5,3264,1469,54.99,0.0,33.27
840220000D0017,2.2,1.4,0.524,0.518,1.48,3682,1876,49.05,1.66,32.51
84149000AA0036,2.3,1.4,0.542,0.479,1.78,3834,1578,58.84,14.08,43.82
840190000H0879,2.05,1.4,0.521,0.489,1.49,2065,992,51.96,1.69,32.88
830450000B0123,2.55,2.0,0.514,0.481,8.47,1271,91,92.84,85.13,88.2
840470000D1105,2.5,1.65,0.525,0.751,2.14,1473,488,66.87,55.87,53.36
831540000D0972,2.5,1.7,0.391,0.382,90.05,1891,13,99.31,98.2,98.89
84018000AD0271,,,,,,,,,,
83068000BK0006,1.9,1.75,0.544,0.447,1.39,13880,6350,54.25,0.0,28.31
071520000A0641,1.6,1.2,0.434,0.546,1.35,4344,2406,44.61,0.0,26.04
26054000AE0065,,,,,,,,,,
841060000B0319,2.15,1.4,0.278,0.749,1.45,421,263,37.53,16.63,31.12
26317000AL0275,2.1,1.4,0.53,0.471,2.1,611,221,63.83,23.24,52.37
841170000C0682,2.4,1.4,0.54,0.46,2.02,1292,483,62.62,18.65,50.46
830270000F0233,2.15,2.15,0.602,0.409,1.4,4088,1618,60.42,3.13,28.52
261100000A0575,2.0,1.95,0.617,0.625,2.1,82,30,63.41,41.46,52.44
840450000C0555,2.4,1.2,0.47,0.659,6.73,404,58,85.64,78.22,85.15
83129000BE0269,2.1,1.9,0.55,0.404,1.8,817,326,60.1,1.22,44.55
83047000AZ0487,2.55,2.0,0.581,0.55,1.73,2848,1169,58.95,25.42,42.1
831270000C0547,2.45,2.05,0.608,0.489,4.44,1831,235,87.17,73.73,77.5
840890000A0702,1.0,0.8,0.136,0.286,222.61,4007,4,99.9,99.65,99.55
13082000AM0025,2.5,2.15,0.509,0.66,2.17,1319,447,66.11,48.67,53.83
841170000B0530,2.5,1.35,0.44,0.5,6.93,402,34,91.54,83.08,85.57
840490000A0854,2.15,1.65,0.58,0.539,1.54,597,269,54.94,16.42,35.01
840190000H0997,2.35,1.4,0.407,0.604,2.94,326,90,72.39,54.29,65.95
841360000C0504,2.2,1.35,0.517,0.54,2.73,2582,675,73.86,51.59,63.4
261880000C0882,,,,,,,,,,
841460000B0262,2.3,1.4,0.377,0.687,1.37,1031,609,40.93,13.97,27.26
13050000BK0152,,,,,,,,,,
84053000ZH0021,2.35,1.35,0.485,0.436,13.34,12928,627,95.15,88.87,92.5
840720000B0191,2.3,1.45,0.547,0.549,1.67,657,288,56.16,20.09,40.18
070970000D0126,1.3,1.4,0.4,0.467,1.41,3217,1531,52.41,0.0,29.0
26054000AR0135,2.25,1.4,0.346,0.764,1.9,388,165,57.47,44.33,47.42
841170000A0605,2.35,1.4,0.479,0.398,23.35,3386,104,96.93,92.29,95.72
841060000A0559,2.1,1.1,0.275,0.813,3.81,591,122,79.36,74.62,73.77
840960000C0883,2.0,1.4,0.373,0.732,2.85,1347,342,74.61,65.33,64.88
830910000A0520,1.9,1.95,0.585,0.526,1.25,362,190,47.51,0.28,19.89
830570000A0724,2.25,2.0,0.578,0.535,4.65,1223,146,88.06,77.68,78.5
072680000B0807,1.6,1.15,0.353,0.667,9.31,596,40,93.29,89.93,89.26
840590000A0203,2.05,1.25,0.464,0.598,2.09,900,353,60.78,34.44,52.11
841330000D0051,2.15,1.05,0.346,0.433,63.3,2532,29,98.85,97.35,98.42
263570000O0116,2.35,1.4,0.518,0.534,2.22,289,102,64.71,33.91,55.02
131150000E0237,2.45,2.1,0.615,0.433,2.3,4204,958,77.21,47.41,56.49
070700000A0133,1.85,1.65,0.492,0.51,1.53,1017,528,48.08,0.0,34.61
07279000AM0018,2.1,1.65,0.564,0.541,2.15,805,256,68.2,41.24,53.54
830730000E0259,2.4,2.05,0.475,0.701,1.97,441,176,60.09,43.08,49.21
840780000C0023,1.8,1.1,0.337,0.357,40.14,883,15,98.3,95.24,97.51
130480000C0819,2.2,2.1,0.604,0.405,1.52,5185,1904,63.28,9.43,34.19
830680000F0163,2.1,2.05,0.592,0.394,1.86,5264,1770,66.38,14.68,46.26
841340000D0254,2.5,1.1,0.284,0.766,1.12,573,423,26.18,3.66,10.99
261560000B1041,1.8,1.55,0.494,0.505,1.5,190,93,51.05,3.16,33.16
840700000D0736,2.2,1.65,0.46,0.595,1.84,490,222,54.69,23.88,45.71
13110000AW0058,2.0,1.95,0.589,0.447,1.4,3522,1541,56.25,2.07,28.65
830350000A2773,1.95,1.8,0.568,0.455,1.5,2900,1308,54.9,0.93,33.21
26345000AE0029,2.05,1.4,0.537,0.488,1.62,12075,5812,51.87,1.37,38.16
830320000A0630,1.65,1.95,0.42,0.386,20.39,999,32,96.8,91.69,95.1
263220000B0403,2.25,1.4,0.506,0.562,13.91,1947,91,95.33,91.68,92.81
070990000F0619,2.5,1.6,0.486,0.474,2.68,201,54,73.13,43.28,62.69
26377000ZA0133,2.35,1.35,0.523,0.455,2.73,1536,461,69.99,33.98,63.41
07264000AB0098,2.25,1.4,0.436,0.862,3.48,115,25,78.26,74.78,71.3
841360000A0297,1.8,1.35,0.436,0.618,23.93,3231,81,97.49,95.95,95.82
84012000AB0049,2.15,1.25,0.454,0.541,2.22,3277,1191,63.66,32.77,55.05
84087000ZB0087,2.45,1.65,0.562,0.455,2.02,13507,4421,67.27,28.13,50.48
830720000D1114,2.45,2.05,0.585,0.387,2.26,616,170,72.4,28.73,55.84
84104000AN0080,2.25,1.4,0.509,0.609,2.38,937,290,69.05,49.2,58.06
830670000C0218,2.25,1.9,0.522,0.355,11.1,1177,65,94.48,84.45,90.99
840960000D0013,2.35,1.35,0.386,0.737,1.46,233,137,41.2,20.17,31.33
07317000AB0054,1.9,1.95,0.587,0.489,1.29,931,441,52.63,3.11,22.66
26377000AS0187,2.3,1.35,0.494,0.549,7.09,1687,156,90.75,83.17,85.89
831000000E0630,2.35,2.0,0.597,0.458,1.3,990,452,54.34,0.3,22.83
84012000AR0369,2.3,1.25,0.495,0.618,10.29,2212,157,92.9,88.52,90.28
263480000E0487,2.6,1.4,0.508,0.475,9.25,2100,151,92.81,84.86,89.19
840490000E0527,2.15,1.65,0.438,0.822,2.74,705,185,73.76,68.09,63.55
840390000D0690,2.35,1.45,0.457,0.557,4.53,204,34,83.33,70.1,77.94
840020000B0050,2.5,1.15,0.357,0.618,4.08,3005,564,81.23,69.62,75.47
84029000AK0002,,,,,,,,,,
262850000D0532,2.15,1.2,0.517,0.59,2.03,827,347,58.04,28.9,50.79
841150000A0007,2.45,1.65,0.536,0.449,2.1,602,206,65.78,23.75,52.49
13079000BC0080,2.05,2.05,0.591,0.427,2.13,26841,7240,73.03,36.84,52.95
26377000AI0078,2.4,1.35,0.511,0.503,5.23,2222,297,86.63,73.4,80.87
84046000AB0102,2.45,1.6,0.556,0.458,1.93,570,191,66.49,26.84,48.25
840770000C0257,2.2,1.55,0.557,0.472,1.61,1098,501,54.37,3.37,37.98
84046000AM0379,2.35,1.65,0.509,0.723,2.19,988,300,69.64,58.0,54.35
841170000C0545,2.5,1.4,0.54,0.484,2.85,2432,602,75.25,48.85,64.93
830500000G0985,2.3,2.0,0.554,0.559,4.89,1159,124,89.3,80.85,79.55
840870000L0909,2.45,1.5,0.429,0.475,5.39,124,19,84.68,67.74,81.45
84129000EP0047,,,,,,,,,,
840940000A0105,2.4,1.4,0.513,0.529,2.2,2317,781,66.29,36.25,54.51
841060000A0128,2.1,1.3,0.502,0.547,1.46,2299,1267,44.89,0.0,31.62
072450000D0361,1.15,1.3,0.37,0.565,1.37,352,200,43.18,0.0,26.99
84012000AO0606,2.2,1.25,0.383,0.733,1.55,739,389,47.36,28.15,35.59
830490000D2168,2.45,1.2,0.354,0.658,1.29,402,267,33.58,0.0,22.64
841340000C0190,2.0,1.2,0.34,0.698,18.08,958,37,96.14,94.47,94.47
07345000ZC0487,1.65,1.55,0.474,0.471,1.45,1908,899,52.88,0.0,30.87
072590000B0167,2.1,1.2,0.392,0.757,6.81,2063,206,90.01,86.82,85.31
830830000B0066,2.4,1.95,0.592,0.443,2.29,3123,785,74.86,43.2,56.39
07228000AN0136,1.95,2.0,0.583,0.414,1.71,1372,538,60.79,5.39,41.47
840870000K0694,1.9,1.65,0.451,0.767,1.45,5423,2754,49.22,33.78,31.13
070090000C1916,1.8,1.55,0.517,0.53,1.38,368,187,49.18,4.08,27.45
840720000G0044,2.2,1.6,0.517,0.814,2.35,94,35,62.77,54.26,57.45
84028000AR0190,2.2,1.15,0.482,0.604,3.03,194,58,70.1,50.52,67.01
840290000F0342,2.0,1.4,0.538,0.532,1.43,806,433,46.28,0.0,30.02
841090000C0016,1.25,1.1,0.235,0.45,97.04,2329,9,99.61,99.14,98.97
831480000I0178,2.25,1.95,0.589,0.462,1.5,278,114,58.99,11.15,33.45
26220000AL0169,1.75,1.4,0.416,0.458,7.53,444,38,91.44,81.31,86.71
84004000AL0020,2.2,1.25,0.526,0.544,2.99,4692,1212,74.17,52.49,66.54
840370000H0082,2.55,1.5,0.447,0.434,7.51,819,63,92.31,82.3,86.69
26345000BK0251,2.15,1.2,0.495,0.644,3.33,736,181,75.41,61.82,69.97
831000000A0353,2.2,2.1,0.603,0.408,1.54,1353,538,60.24,2.59,35.25
071130000C0292,2.05,1.45,0.47,0.556,11.95,1004,55,94.52,90.14,91.63
84053000ZD0093,2.35,1.4,0.52,0.512,3.2,4751,1001,78.93,58.87,68.74
84106000AL0105,2.05,1.4,0.537,0.589,2.15,3729,1169,68.65,46.8,53.42
841160000D0087,2.45,1.4,0.386,0.675,4.21,2670,479,82.06,73.41,76.25
84012000AR0438,2.15,1.25,0.492,0.577,6.84,1909,206,89.21,81.3,85.39
07279000AM0087,2.2,1.55,0.396,0.63,1.32,483,308,36.23,0.0,24.02
840770000B0783,2.15,1.45,0.441,0.545,20.33,854,24,97.19,94.85,95.08
841170000C0502,2.25,1.4,0.532,0.531,2.6,1974,529,73.2,49.54,61.5
073430000D0919,2.15,1.55,0.407,0.394,29.42,1118,28,97.5,93.65,96.6
84086000AE0372,2.2,1.35,0.515,0.508,4.71,5072,796,84.31,69.12,78.75
830720000F0312,2.45,2.05,0.524,0.476,8.92,544,30,94.49,88.42,88.79
831080000E0264,2.25,2.05,0.603,0.445,1.32,3854,1538,60.09,10.33,24.21
841380000Q0466,1.15,1.2,0.31,0.524,109.15,12770,54,99.58,99.19,99.08
840370000D0077,2.0,1.65,0.557,0.591,1.4,508,286,43.7,4.72,28.74
26317000AL0213,2.4,1.4,0.506,0.504,5.66,1116,136,87.81,75.81,82.35
07042000AI0073,2.3,1.2,0.476,0.487,3.46,850,201,76.35,51.41,71.06
84028000AM0080,2.15,1.3,0.379,0.567,33.72,978,17,98.26,96.93,97.03
83097000AI0085,2.2,2.0,0.601,0.428,1.53,2650,1037,60.87,8.6,34.79
841500000F0179,2.35,1.4,0.532,0.522,4.69,966,151,84.37,70.08,78.67
840720000D0181,2.2,1.65,0.413,0.684,1.36,1866,1134,39.23,11.09,26.53
840720000A0176,2.45,1.6,0.56,0.465,1.86,754,298,60.48,14.99,46.15
841500000B0036,2.3,1.35,0.5,0.509,8.9,3366,262,92.22,84.7,88.77
07056000AE0553,2.0,1.6,0.546,0.499,1.48,365,179,50.96,1.64,32.6
840140000B0017,2.45,1.35,0.517,0.524,2.61,2098,620,70.45,43.61,61.63
84003000CE0053,2.3,1.35,0.521,0.492,2.49,625,203,67.52,33.92,59.84
263570000C0153,2.2,1.4,0.538,0.507,2.55,697,213,69.44,39.74,60.83
840760000A0424,2.4,1.35,0.499,0.387,2.58,2972,858,71.13,25.47,61.17
26345000AD0105,2.15,1.2,0.255,0.873,3.27,1827,480,73.73,69.9,69.46
840510000E1046,2.5,1.35,0.519,0.441,2.35,5228,1666,68.13,27.81,57.36
07056000AE0449,2.05,0.9,0.304,0.648,1.3,355,241,32.11,0.0,23.1
830270000B0121,2.35,2.15,0.602,0.391,1.79,1330,469,64.74,9.85,44.06
26377000AM0306,2.25,1.35,0.495,0.486,4.1,1354,255,81.17,61.23,75.63
073130000B0674,2.3,1.8,0.425,0.32,22.52,563,16,97.16,91.12,95.56
830350000B0482,2.2,2.0,0.55,0.489,1.51,11766,5350,54.53,7.03,33.59
830420000A0281,2.3,1.95,0.595,0.502,1.35,335,159,52.54,5.37,25.97
07143000AK0321,2.0,1.2,0.508,0.558,1.5,1022,605,40.8,0.0,33.46
26377000AR0032,2.5,1.35,0.536,0.502,2.89,1342,355,73.55,47.32,65.35
130510000D0826,2.25,1.65,0.434,0.378,14.58,729,34,95.34,87.65,93.14
840780000D0022,2.0,1.4,0.54,0.557,1.55,789,395,49.94,10.14,35.61
841370000B0412,2.5,1.35,0.443,0.373,17.41,3116,123,96.05,89.41,94.26
84031000AE0184,2.5,1.6,0.436,0.513,1.56,1445,756,47.68,0.0,35.78
840370000I0768,2.25,1.6,0.569,0.466,1.8,431,186,56.84,7.42,44.32
07345000ZB0211,2.55,1.4,0.309,0.505,1.71,111,56,49.55,0.0,41.44
841460000B0550,2.3,1.4,0.508,0.433,3.8,3290,609,81.49,57.26,73.71
830850000C0082,2.3,2.0,0.609,0.526,1.9,1440,388,73.06,48.75,47.43
13081000AK0015,2.55,2.0,0.571,0.576,2.03,673,230,65.82,40.71,50.82
841090000B0208,2.3,1.3,0.448,0.58,21.17,1101,40,96.37,93.73,95.28
84086000AC0250,2.3,1.35,0.527,0.489,2.55,3500,986,71.83,42.34,60.8
830850000C0434,2.5,1.7,0.472,0.458,1.79,3574,1662,53.5,0.0,43.98
26377000AY0267,2.1,1.35,0.523,0.572,4.81,3166,470,85.15,74.07,79.22
073430000E0213,2.2,1.65,0.54,0.621,2.21,741,254,65.72,44.8,54.79
07228000AL0185,2.1,1.9,0.595,0.532,1.69,446,189,57.62,20.4,40.81
26377000AS0280,2.25,1.35,0.511,0.498,3.04,425,114,73.18,46.12,67.06
83023000AI0149,2.05,1.5,0.335,0.55,22.3,736,22,97.01,94.57,95.52
840200000C0899,2.45,1.35,0.538,0.55,3.85,2544,466,81.68,66.67,74.06
841220000A0597,2.5,1.35,0.506,0.517,6.8,1339,134,89.99,80.66,85.29
840940000E0369,2.4,1.4,0.539,0.505,2.44,1074,313,70.86,42.27,59.03
071690000C0740,2.2,2.15,0.514,0.526,1.44,658,322,51.06,6.99,30.7
841130000C0893,2.45,1.35,0.371,0.78,2.9,727,188,74.14,66.85,65.47
841150000C0279,2.25,1.65,0.447,0.623,1.97,513,205,60.04,35.87,49.32
830870000B4143,2.55,2.05,0.582,0.448,3.15,5307,1001,81.14,57.87,68.27
841500000E0409,2.4,1.4,0.379,0.693,2.23,3285,1124,65.78,50.59,55.1
26054000AO0178,2.15,1.4,0.35,0.714,1.52,1172,614,47.61,26.62,34.3
830920000D2544,2.35,1.95,0.586,0.398,1.82,510,203,60.2,0.0,45.1
841500000C0196,2.3,1.4,0.531,0.555,1.79,8929,3715,58.39,25.01,44.22
84088000AT0022,2.2,1.65,0.58,0.486,1.58,269,121,55.02,7.43,36.8
840370000B0151,2.05,1.45,0.467,0.604,4.2,168,32,80.95,68.45,76.19
840470000A0128,1.9,1.55,0.256,0.471,1.78,16,8,50.0,0.0,43.75
841160000C0323,2.1,1.2,0.373,0.444,36.78,846,16,98.11,95.74,97.28
840300000A0702,2.25,1.6,0.547,0.504,2.45,935,247,73.58,47.59,59.25
83068000AZ0049,2.3,2.05,0.553,0.369,5.32,2762,273,90.12,73.21,81.21
830560000C0255,2.1,2.15,0.621,0.667,2.68,257,60,76.65,64.98,62.65
261790000C0218,1.95,1.2,0.502,0.47,1.96,501,234,53.29,0.6,48.9
830350000C0413,2.6,1.95,0.557,0.546,2.1,233,89,61.8,30.04,52.36
84050000CK0035,2.2,1.5,0.364,0.697,18.08,1284,46,96.42,94.86,94.47
262750000F0215,2.0,1.4,0.344,0.786,3.12,406,99,75.62,68.97,67.98
830920000A0404,2.3,2.1,0.562,0.396,3.66,1694,301,82.23,55.14,72.67
263570000D0078,2.2,1.4,0.366,0.614,2.45,3128,1066,65.92,44.5,59.18
13079000AL0026,1.95,1.7,0.558,0.473,1.35,1026,511,50.19,0.0,26.02
83068000CS0006,2.35,2.1,0.581,0.333,1.96,14053,4462,68.25,4.51,48.91
130480000B0091,2.45,2.1,0.531,0.491,1.74,2438,1143,53.12,4.51,42.49
073430000C0315,2.05,1.65,0.557,0.493,1.39,1344,659,50.97,0.45,28.12
830320000B0099,2.45,1.85,0.511,0.363,7.44,1875,147,92.16,78.4,86.56
830260000E0270,2.35,1.95,0.551,0.39,4.22,921,129,85.99,64.06,76.33
07264000AZ0200,2.25,1.4,0.392,0.73,4.03,1774,325,81.68,74.92,75.2
840370000F0592,2.5,1.65,0.572,0.521,2.81,1774,368,79.26,60.2,64.43
840770000C0262,2.35,1.65,0.574,0.49,1.53,565,260,53.98,6.02,34.51
841220000B1844,2.2,1.35,0.351,0.725,1.37,2754,1682,38.93,15.76,26.87
13110000BC0013,2.2,2.05,0.593,0.399,1.54,14891,5778,61.2,2.83,35.18
83054000BE0010,1.75,1.85,0.529,0.434,1.49,1622,708,56.35,0.0,32.86
840780000D0495,2.2,1.4,0.341,0.778,3.24,832,182,78.12,71.88,69.11
13110000BY0121,2.5,2.0,0.6,0.51,2.01,3213,922,71.3,43.76,50.14
83023000AI0007,2.5,2.0,0.471,0.62,3.22,812,196,75.86,61.08,68.97
830920000A1310,2.1,2.15,0.598,0.408,1.53,8711,3335,61.72,6.06,34.44
84082000AX0078,2.25,1.65,0.414,0.726,3.06,758,188,75.2,65.83,67.28
830450000H0316,2.4,2.1,0.595,0.524,3.92,408,66,83.82,69.12,74.51
84046000AI0040,2.0,1.65,0.567,0.512,1.64,4950,1908,61.45,24.75,38.97
07143000AB0401,1.25,1.45,0.398,0.475,1.67,197,94,52.28,0.0,40.1
830880000B0247,2.15,2.0,0.471,0.318,10.31,856,54,93.69,80.14,90.3
841150000A0148,2.25,1.65,0.554,0.563,1.83,194,71,63.4,35.05,45.36
840390000C1784,2.45,1.65,0.573,0.435,1.75,1236,475,61.57,11.57,42.88
07143000AK0610,2.0,1.05,0.504,0.584,1.63,496,314,36.69,0.0,38.71
841380000M0222,2.2,1.4,0.486,0.496,10.66,2654,166,93.75,87.38,90.62
84137000AC0345,2.25,1.15,0.206,0.455,20.6,103,5,95.15,89.32,95.15
840770000C0130,2.05,1.55,0.363,0.723,1.86,221,107,51.58,33.03,46.15
830750000A1755,1.95,1.45,0.522,0.478,1.53,1944,944,51.44,0.0,34.52
830710000A0049,2.1,2.0,0.607,0.461,1.32,1855,839,54.77,1.89,23.99
830270000B0097,2.4,2.15,0.604,0.394,2.62,1413,298,78.91,46.43,61.78
84031000AM0191,2.5,1.65,0.555,0.401,2.13,3125,970,68.96,22.59,53.06
83112000CS0038,2.0,1.95,0.598,0.491,1.34,3396,1634,51.88,2.09,25.12
83116000BS0777,1.65,2.05,0.455,0.478,22.32,1518,43,97.17,94.07,95.52
841060000C1338,2.5,1.35,0.495,0.599,4.88,668,94,85.93,76.5,79.49
840140000A0249,2.5,1.35,0.518,0.46,1.78,2147,986,54.08,0.19,43.92
26367000AO0264,2.45,1.4,0.528,0.526,3.37,1370,291,78.76,59.64,70.36
840960000F0004,2.05,1.4,0.543,0.535,1.53,1117,522,53.27,12.62,34.47
84104000AE0101,2.2,1.35,0.48,0.606,3.06,426,109,74.41,57.75,67.37
26367000AH0037,2.4,1.4,0.541,0.488,3.0,7788,1844,76.32,51.5,66.71
841340000D0324,2.5,1.4,0.529,0.468,3.72,938,198,78.89,54.9,73.13
261560000B1148,2.0,2.05,0.592,0.407,1.73,3924,1407,64.14,11.82,42.25
07313000AH0327,2.15,2.1,0.469,0.573,1.51,215,118,45.12,4.19,33.95
840960000C0459,2.3,1.4,0.523,0.529,3.91,861,145,83.16,68.18,74.45
26179000ZB0049,2.25,1.9,0.459,0.581,1.5,876,498,43.15,2.17,33.45
831400000B1830,2.3,2.0,0.544,0.493,12.58,11797,433,96.33,92.55,92.05
831430000A0109,2.35,2.05,0.59,0.396,2.97,5528,986,82.16,54.97,66.37
840490000A0166,2.4,1.5,0.498,0.52,11.42,1896,105,94.46,89.35,91.24
83023000BX0105,1.7,1.55,0.363,0.472,56.56,3054,25,99.18,98.26,98.23
840370000K0134,2.0,1.05,0.494,0.571,1.6,3467,2010,42.02,0.0,37.64
84149000AA0083,2.5,1.4,0.54,0.449,3.37,50239,10289,79.52,54.41,70.35
841330000A0428,2.5,1.35,0.373,0.518,1.71,289,143,50.52,4.5,41.52
840960000B0320,2.15,1.4,0.492,0.494,6.72,1674,172,89.73,79.21,85.13
263570000S0039,,,,,,,,,,
830470000C0175,2.4,2.15,0.599,0.355,1.59,14953,5262,64.81,0.98,37.06
831080000F0381,2.5,1.9,0.464,0.635,1.3,1408,892,36.65,0.28,23.22
073430000E0474,2.2,1.65,0.476,0.583,3.64,1601,335,79.08,64.08,72.52
84018000AK0052,2.3,1.65,0.481,0.591,1.54,820,424,48.29,12.56,35.24
840870000K0951,1.85,1.25,0.448,0.474,1.74,33,18,45.45,0.0,42.42
26071000ZA0087,2.1,1.9,0.597,0.492,1.24,1148,565,50.78,0.0,19.08
840490000E0068,1.95,1.15,0.295,0.688,59.59,1013,11,98.91,98.42,98.32
13034000AZ0045,2.05,1.65,0.552,0.47,1.54,1613,756,53.13,0.19,35.15
831000000E0135,2.4,1.65,0.472,0.575,1.4,1725,967,43.94,2.55,28.7
830670000D1271,2.4,2.0,0.493,0.623,1.39,1110,654,41.08,5.5,27.93
84082000BD0116,2.2,1.5,0.483,0.438,16.13,2564,105,95.9,90.64,93.8
841360000A0506,2.35,1.35,0.503,0.491,3.39,458,107,76.64,52.4,70.52
26220000AI0139,1.6,1.25,0.358,0.473,29.1,2677,62,97.68,95.11,96.56
840120000A0363,2.4,1.25,0.508,0.457,2.36,137,48,64.96,23.36,57.66
840390000F0362,2.35,1.65,0.583,0.528,2.53,2264,513,77.34,57.11,60.42
840710000A1484,2.2,1.35,0.365,0.71,4.69,1711,269,84.28,77.85,78.67
831240000I0052,2.05,2.15,0.611,0.524,1.61,1347,458,66.0,35.12,37.86
830720000I1841,2.5,2.0,0.585,0.402,7.44,8463,590,93.03,82.65,86.57
840780000D0221,2.05,1.35,0.368,0.836,5.55,1665,209,87.45,84.98,81.98
830730000A0251,2.35,1.85,0.467,0.632,4.45,423,72,82.98,73.05,77.54
840960000C0907,2.25,1.4,0.52,0.529,5.56,4589,537,88.3,77.88,82.0
83035000AC0034,2.4,2.05,0.56,0.421,4.18,251,40,84.06,62.15,76.1
840720000B0048,2.3,1.4,0.365,0.643,1.34,342,216,36.84,1.75,25.44
830450000E0070,2.5,1.05,0.212,0.778,50.34,1611,21,98.7,98.32,98.01
840370000E0298,2.25,1.65,0.553,0.532,1.72,1130,455,59.73,24.34,41.95
840100000A0484,2.5,1.35,0.392,0.72,2.17,1516,522,65.57,52.18,53.83
840300000C0685,2.1,1.65,0.556,0.533,1.65,451,185,58.98,23.06,39.47
263570000I0150,2.1,1.4,0.374,0.646,3.19,826,208,74.82,61.02,68.64
841380000H0354,2.35,1.4,0.45,0.765,2.37,3701,1147,69.01,59.47,57.88
841370000B1051,,,,,,,,,,
84073000AD0039,,,,,,,,,,
261820000F0636,2.35,1.4,0.526,0.442,1.76,1265,551,56.44,1.5,43.08
84050000AD0114,,,,,,,,,,
84046000AD0185,2.3,1.65,0.585,0.528,1.93,943,308,67.34,38.18,48.14
262330000A0155,1.95,1.35,0.488,0.565,8.32,2663,210,92.11,86.03,87.98
84046000AC0067,2.4,1.65,0.455,0.716,1.97,292,111,61.99,46.92,49.32
261880000A0900,2.25,1.4,0.525,0.479,2.94,6402,1525,76.18,50.3,66.01
840300000D0256,2.15,1.65,0.534,0.627,2.6,1679,420,74.99,60.1,61.47
84031000AM0225,2.2,1.65,0.393,0.69,3.17,9119,2302,74.76,63.44,68.47
830490000C1177,2.45,2.15,0.537,0.475,1.83,1403,580,58.66,12.9,45.4
840300000C0228,2.4,1.65,0.543,0.424,1.88,783,282,63.98,15.07,46.87
840300000B0225,2.45,1.6,0.526,0.545,2.98,128,30,76.56,57.03,66.41
263570000P0127,2.25,1.1,0.26,0.8,6.25,988,112,88.66,85.83,84.01
830920000D0384,2.0,2.0,0.606,0.461,1.41,867,391,54.9,2.19,29.18
840870000M0139,2.45,1.65,0.579,0.429,1.53,1204,514,57.31,0.42,34.63
830670000D2698,2.55,1.95,0.565,0.513,1.9,146,61,58.22,18.49,47.26
840680000E0104,2.5,1.35,0.436,0.56,3.75,1854,373,79.88,64.08,73.35
830500000D1857,2.35,2.05,0.583,0.416,2.6,1186,317,73.27,35.75,61.55
26377000AB0174,2.4,1.35,0.426,0.769,3.36,7655,1618,78.86,72.5,70.28
263470000B0251,1.9,2.0,0.566,0.456,2.21,1685,543,67.77,29.26,54.78
841330000F0133,2.45,1.3,0.511,0.477,2.02,732,302,58.74,13.52,50.55
830390000C0078,2.3,2.1,0.535,0.307,5.45,1800,200,88.89,63.78,81.67
840870000D0963,2.45,1.4,0.304,0.594,7.42,193,19,90.16,83.42,86.53
831540000E0855,2.25,2.1,0.607,0.513,2.48,1816,364,79.96,60.96,59.69
830190000G0619,2.0,2.0,0.595,0.531,5.12,10372,1290,87.56,76.58,80.48
83097000AN0267,2.45,1.95,0.451,0.536,1.71,616,309,49.84,6.49,41.4
840390000F1274,2.45,1.45,0.532,0.526,2.13,1125,359,68.09,39.38,53.16
841380000L0076,2.3,1.4,0.392,0.669,1.35,4257,2639,38.01,7.4,25.72
840950000B1581,2.5,1.35,0.519,0.482,3.28,1609,385,76.07,50.4,69.48
841500000D0055,2.4,1.4,0.525,0.434,3.24,1530,353,76.93,46.86,69.15
84106000AO0038,2.0,1.4,0.542,0.622,2.81,3051,753,75.32,60.31,64.41
84088000AV0081,2.35,1.6,0.498,0.322,4.41,3640,634,82.58,45.88,77.34
841500000D0191,2.2,1.4,0.517,0.612,1.81,453,194,57.17,30.02,44.81
840940000E0330,2.45,1.2,0.425,0.526,2.15,655,243,62.9,29.47,53.59
840770000C0186,2.2,1.45,0.533,0.47,1.7,219,101,53.88,1.83,41.1
840170000E1931,2.3,1.45,0.46,0.573,12.38,1238,59,95.23,91.68,91.92
072910000C0053,2.4,1.65,0.567,0.499,2.92,797,176,77.92,55.71,65.75
831000000A1753,2.05,1.9,0.591,0.48,1.25,1169,562,51.92,0.0,19.76
26367000AE0118,2.5,1.4,0.353,0.753,1.46,647,366,43.43,24.88,31.38
84031000AP0008,2.45,1.65,0.574,0.464,1.83,7055,2383,66.22,27.24,45.37
84086000AE0307,2.4,1.35,0.476,0.586,3.17,1082,246,77.26,61.18,68.48
830270000E0132,1.9,1.8,0.557,0.466,1.34,2830,1306,53.85,1.06,25.58
84081000AX0002,2.05,1.2,0.363,0.589,1.8,395,189,52.15,18.73,44.56
831060000D0556,2.15,2.1,0.615,0.469,2.47,1054,213,79.79,56.93,59.49
840370000A0492,2.4,1.45,0.529,0.434,1.78,1655,688,58.43,4.29,43.69
841460000D0728,2.0,1.35,0.461,0.616,6.42,379,45,88.13,80.74,84.43
830430000F0931,2.35,2.1,0.572,0.395,2.06,3264,1021,68.72,20.71,51.41
072340000A0086,2.1,1.9,0.601,0.456,1.44,556,251,54.86,0.9,30.76
840590000A0079,2.5,1.2,0.476,0.387,2.37,816,297,63.6,5.88,57.84
84081000BM0072,2.4,1.4,0.519,0.465,1.7,842,391,53.56,0.24,41.33
84134000ZA0048,2.35,1.4,0.543,0.493,3.21,5975,1274,78.68,56.79,68.82
840560000A0650,2.05,1.35,0.532,0.568,2.19,741,273,63.16,35.09,54.39
840680000E0553,2.55,1.35,0.361,0.584,2.14,383,142,62.92,36.55,53.26
84028000AT0108,2.3,1.4,0.544,0.524,2.27,4760,1507,68.34,39.56,55.92
830570000C1237,,,,,,,,,,
840450000D0397,2.35,1.4,0.503,0.383,2.17,7552,2647,64.95,8.58,53.83
262750000I0114,2.0,1.4,0.373,0.801,2.37,1122,347,69.07,61.41,57.84
13082000BT0046,2.3,1.95,0.516,0.587,10.78,776,37,95.23,91.88,90.72
830710000E0079,2.0,1.8,0.57,0.44,1.51,6455,2872,55.51,0.0,33.68
831080000D0330,2.45,1.85,0.518,0.407,23.82,4668,111,97.62,94.15,95.8
830580000H0498,2.55,1.95,0.5,0.457,2.28,121,42,65.29,23.97,56.2
841330000F0176,2.4,1.35,0.492,0.55,7.07,1124,120,89.32,80.6,85.85
84003000CO0090,2.4,1.35,0.508,0.53,3.08,4424,1027,76.79,56.17,67.54
26345000AN0085,2.5,1.4,0.532,0.435,1.89,744,316,57.53,2.42,47.18
841370000B0750,2.25,1.4,0.494,0.627,10.24,4239,288,93.21,89.17,90.23
83116000BO0485,2.5,2.1,0.516,0.683,1.77,1866,738,60.45,42.12,43.62
26367000AN0053,2.5,1.4,0.414,0.712,3.67,881,185,79.0,70.49,72.76
83086000AA0102,2.45,1.4,0.502,0.484,1.69,11418,5545,51.44,0.0,40.99
26179000ZD0029,2.55,2.0,0.388,0.495,2.69,156,53,66.03,31.41,62.82
841460000D0445,2.25,1.4,0.496,0.668,4.07,871,163,81.29,71.99,75.43
84137000AB0221,2.1,1.4,0.525,0.577,3.7,2147,407,81.04,67.16,72.99
83063000AL0053,2.35,2.0,0.596,0.413,2.8,4470,989,77.87,46.44,64.27
830480000B1089,1.8,1.75,0.506,0.397,1.96,214,85,60.28,0.0,49.07
841170000B1075,2.15,1.4,0.495,0.587,1.47,1517,811,46.54,8.97,31.84
840290000E0957,2.2,1.4,0.272,0.474,19.67,236,9,96.19,91.95,94.92
261920000B0462,2.3,1.35,0.35,0.74,8.21,780,71,90.9,87.69,87.82
84141000BA0067,2.0,1.4,0.429,0.704,1.55,807,411,49.07,27.63,35.32
830310000F0876,2.4,2.1,0.607,0.482,2.37,2641,572,78.34,55.09,57.86
83069000KY0013,2.0,1.6,0.555,0.492,1.39,17998,8874,50.69,0.0,27.93
840160000L1075,2.65,1.65,0.548,0.519,2.5,272,68,75.0,51.84,59.93
84024000AO0075,2.55,1.3,0.424,0.567,1.47,3164,1777,43.84,0.92,31.83
841220000H0230,2.15,1.25,0.336,0.692,9.8,1000,74,92.6,89.3,89.8
83019000AP0442,2.35,2.15,0.564,0.313,3.48,2197,361,83.57,47.43,71.28
830350000A1776,2.3,2.15,0.606,0.412,1.75,1888,664,64.83,14.57,42.74
84102000AH0283,2.55,1.65,0.567,0.522,1.56,1893,790,58.27,20.07,36.03
83016000AM0109,2.1,2.15,0.59,0.408,1.63,2597,967,62.76,8.82,38.78
26054000AO0066,2.4,1.35,0.405,0.381,39.53,1502,32,97.87,94.41,97.47
841090000C0108,2.15,1.6,0.464,0.557,2.14,444,167,62.39,32.43,53.38
84028000AM0042,1.45,1.2,0.369,0.573,40.7,11356,138,98.78,97.88,97.54
26220000AB0046,2.0,1.4,0.494,0.475,2.58,707,191,72.98,43.14,61.24
830720000E0272,2.45,1.9,0.589,0.51,2.75,556,126,77.34,55.58,63.67
26179000ZM0139,2.4,1.8,0.483,0.532,1.5,4855,2544,47.6,1.5,33.29
07070000AO0132,1.65,1.85,0.531,0.543,1.34,383,208,45.69,0.0,25.59
831450000F0355,2.5,1.9,0.536,0.372,3.5,354,77,78.25,41.53,71.47
131090000C0090,2.4,1.9,0.489,0.439,9.81,844,54,93.6,85.43,89.81
84018000AK0170,2.5,1.3,0.391,0.356,141.44,4526,21,99.54,98.7,99.29
840160000F0584,,,,,,,,,,
84081000BE0014,2.0,1.4,0.497,0.437,2.99,5145,1282,75.08,42.95,66.59
26345000AW0005,2.3,1.35,0.397,0.615,1.95,586,248,57.68,31.23,48.81
840190000G0358,2.2,1.4,0.362,0.762,1.66,894,416,53.47,38.93,39.82
840770000B0640,2.2,1.65,0.568,0.529,2.16,435,146,66.44,36.55,53.79
26345000AM0079,2.0,1.4,0.377,0.727,2.16,3093,1102,64.37,51.02,53.7
263570000I0217,2.3,1.3,0.337,0.538,16.2,243,14,94.24,89.3,93.83
841160000B0131,2.15,1.4,0.539,0.488,1.99,2566,986,61.57,21.24,49.84
84135000AE0071,1.6,1.1,0.374,0.622,27.15,4778,107,97.76,96.4,96.32
263570000Y0305,2.25,1.4,0.546,0.526,2.2,556,189,66.01,35.43,54.5
841380000T0027,2.35,1.4,0.528,0.516,4.91,2642,369,86.03,72.94,79.64
830890000B0161,2.05,2.15,0.578,0.393,2.71,4795,1044,78.23,44.55,63.15
830040000C0571,2.05,1.9,0.529,0.542,5.64,609,71,88.34,78.49,82.27
84058000AM0288,2.5,1.15,0.323,0.759,4.21,1604,306,80.92,74.88,76.25
830670000D2271,1.9,1.95,0.576,0.454,1.37,2455,1132,53.89,0.0,27.17
26165000AZ0542,1.7,1.3,0.436,0.523,1.46,659,343,47.95,0.46,31.56
83086000AH0031,2.5,1.9,0.557,0.532,3.61,610,91,85.08,71.97,72.3
841220000H0478,2.3,1.35,0.529,0.493,4.03,63047,10481,83.38,66.31,75.17
840970000C0500,,,,,,,,,,
830920000D0955,2.0,1.8,0.589,0.503,1.28,1914,962,49.74,0.1,21.84
070990000F1463,2.25,1.65,0.496,0.429,5.08,1564,201,87.15,70.01,80.31
84034000AA0042,2.35,1.4,0.543,0.495,3.28,1284,265,79.36,58.33,69.55
840870000G0678,2.05,1.65,0.555,0.537,8.22,11801,890,92.46,85.96,87.84
83136000AM0009,,,,,,,,,,
84149000AB0043,2.5,1.4,0.423,0.602,2.26,5065,1721,66.02,43.57,55.83
841220000H0352,2.4,1.35,0.525,0.458,2.66,2914,826,71.65,38.06,62.42
830910000A0630,2.05,2.0,0.581,0.427,1.91,1047,386,63.13,13.56,47.56
263220000B0075,2.5,1.4,0.541,0.453,1.91,2802,1125,59.85,11.35,47.64
840390000F0908,2.35,1.65,0.584,0.515,1.58,1531,600,60.81,23.91,36.9
831080000D0109,2.45,2.0,0.5,0.662,1.38,480,290,39.58,8.75,27.71
84069000AI0294,2.4,1.65,0.512,0.679,4.96,923,131,85.81,79.09,79.85
07070000AL0046,2.1,2.0,0.572,0.468,6.59,877,80,90.88,80.5,84.83
831000000E1590,2.0,2.05,0.604,0.464,1.31,11237,5049,55.07,3.18,23.62
840160000A0676,2.0,1.5,0.241,0.926,4.38,442,100,77.38,75.57,77.15
840690000C0141,2.5,1.65,0.42,0.715,2.03,2870,1066,62.86,48.08,50.73
840940000A0386,2.4,1.4,0.483,0.591,1.82,2082,851,59.13,30.79,45.1
840870000B0079,2.3,1.45,0.405,0.681,1.23,2027,1377,32.07,0.3,18.55
840870000B0073,2.1,1.6,0.537,0.544,1.71,349,141,59.6,25.79,41.55
840960000D0487,2.3,1.4,0.531,0.586,2.59,499,140,71.94,52.1,61.32
840930000A0017,2.45,1.35,0.504,0.48,6.77,1564,165,89.45,78.01,85.23
07143000AD0642,1.35,1.5,0.422,0.493,1.5,151,75,50.33,0.0,33.11
830850000E1436,,,,,,,,,,
840120000B0737,2.45,1.25,0.515,0.451,3.21,19968,4625,76.84,48.61,68.84
840300000B0224,2.2,1.65,0.563,0.524,1.77,165,66,60.0,23.64,43.64
07324000AH0104,1.35,1.9,0.473,0.477,1.69,673,337,49.93,0.0,40.71
830870000D0035,1.8,1.95,0.535,0.395,1.81,2864,1110,61.24,1.99,44.73
26377000AN0172,2.4,1.35,0.538,0.505,3.08,1240,289,76.69,53.87,67.58
840870000D0082,2.15,1.45,0.388,0.738,1.64,936,447,52.24,35.26,39.1
840370000C0025,2.3,1.45,0.553,0.584,2.33,1023,319,68.82,46.63,56.99
84088000ZE0063,1.95,1.45,0.536,0.482,1.56,4231,2020,52.26,0.95,36.0
840390000E0669,2.05,1.65,0.541,0.492,2.41,333,87,73.87,46.85,58.56
840560000A0362,2.45,1.35,0.532,0.482,2.95,1459,366,74.91,47.91,66.07
84041000AI0210,2.1,1.65,0.524,0.431,2.91,756,187,75.26,42.59,65.61
831350000H0442,2.15,1.75,0.496,0.398,2.06,245,94,61.63,3.67,51.43
841060000A0604,2.3,1.4,0.527,0.489,2.82,1920,473,75.36,49.58,64.58
841330000G0132,2.5,1.35,0.527,0.412,2.79,1482,403,72.81,34.01,64.1
841360000C0475,2.45,1.3,0.501,0.479,7.41,3022,286,90.54,80.24,86.5
07345000ZC0012,1.55,1.65,0.48,0.543,1.25,173,94,45.66,0.0,20.23
841060000E0055,2.3,1.2,0.448,0.417,9.56,832,70,91.59,79.81,89.54
84081000AS0128,2.3,1.4,0.525,0.425,2.43,2717,818,69.89,29.15,58.85
840390000F1074,2.0,1.65,0.565,0.6,2.28,1634,439,73.13,55.2,56.12
84004000AM0116,2.0,1.25,0.513,0.552,2.27,2257,837,62.92,32.83,55.96
830570000D0060,2.45,1.3,0.34,0.522,17.29,294,12,95.92,92.18,94.22
071690000C1574,2.0,1.3,0.518,0.62,1.44,164,103,37.2,0.0,30.49
84018000AI0080,2.25,1.65,0.422,0.697,1.65,476,232,51.26,30.04,39.5
841150000C0175,2.25,1.65,0.505,0.612,1.53,770,386,49.87,18.05,34.55
841220000A0140,2.15,1.35,0.487,0.466,2.99,416,108,74.04,44.23,66.59
83071000AP0002,2.05,2.05,0.596,0.445,1.41,2936,1241,57.73,5.01,28.99
830830000A1210,2.5,1.95,0.567,0.525,4.97,368,42,88.59,78.26,79.89
841000000A0275,2.45,1.25,0.512,0.501,2.97,2364,618,73.86,47.84,66.37
840960000F0112,2.05,1.4,0.49,0.554,4.65,697,102,85.37,73.6,78.48
830720000D0530,2.45,2.1,0.614,0.407,1.58,2837,955,66.34,17.24,36.87
840390000F0487,2.35,1.65,0.548,0.558,2.55,143,43,69.93,46.15,60.84
830670000C0179,2.0,2.1,0.608,0.477,1.37,1008,446,55.75,7.24,26.98
84129000AD0088,2.2,1.65,0.51,0.569,1.78,203,74,63.55,35.96,43.84
84119000AA0007,2.4,1.15,0.464,0.432,2.27,202,82,59.41,5.94,55.94
07042000BK0275,2.2,1.4,0.509,0.589,2.46,327,103,68.5,46.48,59.33
13110000BW0155,2.45,2.1,0.604,0.406,1.98,1897,578,69.53,25.04,49.55
830250000C0160,,,,,,,,,,
840370000E0026,1.95,1.5,0.295,0.746,1.35,704,510,27.56,2.84,25.85
840750000E0364,2.2,1.5,0.418,0.369,21.58,2244,75,96.66,90.95,95.37
83071000AA0029,1.9,1.45,0.54,0.511,1.49,327,178,45.57,0.0,32.72
830320000E0476,2.5,1.95,0.577,0.401,4.03,4943,820,83.41,58.65,75.16
841380000K0359,2.3,1.4,0.439,0.745,7.69,11861,1072,90.96,87.88,87.0
830510000A0327,,,,,,,,,,
840680000C0532,2.5,1.35,0.521,0.444,2.42,1154,359,68.89,29.98,58.75
261820000G0130,2.6,1.35,0.434,0.467,3.48,247,57,76.92,50.61,71.26
84081000AV0085,2.0,1.3,0.512,0.495,1.66,2282,1120,50.92,0.83,39.75
841150000C0283,2.45,1.45,0.527,0.486,3.06,1222,270,77.91,54.5,67.35
841000000C0542,2.2,1.25,0.462,0.603,4.96,268,44,83.58,72.76,79.85
26345000AV0123,2.05,1.4,0.539,0.536,1.47,1464,745,49.11,5.05,31.97
26165000AS0181,2.35,1.35,0.416,0.609,1.41,1769,1095,38.1,0.0,28.83
07281000AB0052,,,,,,,,,,
840610000B0397,2.0,1.35,0.353,0.779,6.22,541,60,88.91,85.77,83.92
840160000A1273,2.25,1.5,0.446,0.6,20.93,1256,39,96.89,94.82,95.22
263570000M0145,2.1,1.4,0.54,0.516,1.49,1945,987,49.25,1.75,32.7
841500000A0362,2.45,1.4,0.538,0.475,2.41,7243,2225,69.28,35.34,58.51
830590000B0354,2.35,1.8,0.478,0.34,13.84,1661,70,95.79,87.6,92.78
261820000G0481,2.25,1.2,0.484,0.691,1.99,1113,451,59.48,41.33,49.78
84028000AL0137,2.1,1.4,0.528,0.588,6.61,8352,753,90.98,84.66,84.87
83097000AH0221,2.0,2.0,0.553,0.372,3.53,688,142,79.36,44.48,71.66
841370000B0379,2.5,1.4,0.493,0.716,2.16,347,131,62.25,47.26,53.6
07143000AK0312,2.0,1.3,0.527,0.55,1.48,538,302,43.87,0.0,32.34
840170000B0851,2.4,1.65,0.508,0.563,2.0,430,160,62.79,33.95,50.0
831000000E0185,2.2,1.65,0.546,0.546,1.39,1546,836,45.92,0.97,28.27
07279000AL0865,2.0,1.65,0.575,0.606,1.83,1740,607,65.11,42.41,45.46
26317000AH0020,2.0,1.4,0.45,0.5,13.66,2131,91,95.73,91.46,92.68
84050000DI0109,1.0,1.1,0.129,0.333,135.7,1357,4,99.71,99.12,99.26
840290000B1778,2.15,1.4,0.477,0.638,4.39,1969,355,81.97,71.76,77.2
84024000AH0291,2.6,1.35,0.518,0.398,2.96,4640,1174,74.7,36.47,66.27
840370000K0012,2.05,1.4,0.528,0.532,1.44,687,370,46.14,0.0,30.57
840290000B0746,2.4,1.4,0.537,0.494,1.92,924,345,62.66,24.35,47.94
840160000L2490,,,,,,,,,,
840390000D0205,2.15,1.65,0.556,0.482,2.82,158,41,74.05,46.2,64.56
841490000E0037,2.0,1.35,0.544,0.559,1.37,5777,3206,44.5,0.73,27.06
830730000F0495,2.0,1.75,0.554,0.486,1.38,746,357,52.14,1.47,27.61
84137000AD0221,2.4,1.4,0.53,0.483,5.83,9241,1068,88.44,76.08,82.86
841490000A0454,2.3,1.4,0.537,0.498,1.76,6145,2513,59.1,17.95,43.08
263770000H0299,2.4,1.35,0.45,0.513,3.96,412,77,81.31,63.59,74.76
830910000E0150,2.05,1.85,0.565,0.455,1.75,572,243,57.52,6.64,42.83
072590000A1548,2.25,1.4,0.386,0.696,5.37,3757,451,88.0,82.75,81.39
830580000B0943,2.4,1.65,0.383,0.559,1.69,263,143,45.63,2.66,40.68
262330000A0216,2.5,1.4,0.51,0.504,6.6,1901,196,89.69,79.54,84.85
263570000P0223,2.15,1.4,0.546,0.555,1.48,1025,539,47.41,5.17,32.59
84004000AM0182,2.05,1.25,0.506,0.58,3.37,894,206,76.96,60.29,70.36
841380000R0508,2.2,1.4,0.546,0.488,1.55,3289,1601,51.32,0.21,35.66
830350000A0938,2.35,2.0,0.608,0.496,1.55,766,295,61.49,22.32,35.38
830750000B1065,2.45,1.65,0.477,0.357,20.81,2664,79,97.03,91.7,95.2
840290000D0792,2.2,1.35,0.532,0.519,1.51,448,231,48.44,0.67,33.93
840770000C0294,2.15,1.65,0.53,0.679,3.09,766,159,79.24,69.45,67.62
840890000I2497,2.5,1.35,0.457,0.571,1.71,12039,5601,53.48,18.55,41.51
840970000D0044,2.6,1.4,0.524,0.475,7.38,6241,551,91.17,81.4,86.44
83097000AP0070,2.35,1.95,0.593,0.421,2.17,608,189,68.91,26.15,53.95
840160000A0332,2.0,1.6,0.522,0.72,2.7,232,59,74.57,64.66,62.93
841500000F0176,2.3,1.4,0.551,0.518,2.49,3088,879,71.53,45.01,59.84
83119000BE0436,2.3,2.15,0.584,0.363,1.69,740,256,65.41,4.59,40.95
841500000E0581,2.35,1.4,0.521,0.432,3.04,13826,3169,77.08,46.91,67.06
83149000AK0291,,,,,,,,,,
830270000E0382,2.15,1.95,0.614,0.696,1.44,23,16,30.43,0.0,30.43
840490000A0082,1.95,1.55,0.482,0.579,3.69,347,66,80.98,67.15,72.91
841500000G0264,2.2,1.4,0.513,0.616,2.73,2272,570,74.91,59.29,63.34
84086000AH0238,1.5,1.1,0.312,0.583,285.23,12550,28,99.78,99.62,99.65
831250000E0310,1.85,1.7,0.519,0.47,1.47,437,210,51.95,0.0,32.04
830910000D0994,2.45,2.05,0.489,0.549,2.65,793,235,70.37,46.03,62.3
841360000A0117,2.0,1.35,0.403,0.677,7.66,950,90,90.53,86.0,86.95
13079000AT0017,2.5,1.9,0.49,0.706,1.66,148,72,51.35,31.08,39.86
831480000I0117,1.95,2.0,0.588,0.457,1.44,946,435,54.02,0.0,30.44
84028000AY0004,2.0,1.4,0.393,0.7,2.0,1320,516,60.91,44.17,50.0
073430000B1415,2.35,1.65,0.541,0.587,1.54,2787,1202,56.87,26.48,35.16
84028000BC0162,2.0,1.4,0.516,0.572,4.36,1117,175,84.33,72.61,77.08
840490000D0804,2.1,1.6,0.407,0.746,2.37,327,106,67.58,56.57,57.8
841330000G0642,2.5,1.35,0.411,0.736,2.51,2037,610,70.05,59.3,60.19
830430000G0822,2.4,1.85,0.561,0.482,1.32,2833,1445,48.99,0.0,24.32
263570000M0028,2.1,1.4,0.343,0.734,1.36,1620,973,39.94,18.15,26.36
84135000AB0003,2.1,1.4,0.542,0.537,1.51,3160,1528,51.65,9.97,33.8
841060000B0021,1.85,1.35,0.467,0.596,7.59,751,68,90.95,84.82,86.82
83098000AN0544,2.25,2.15,0.594,0.414,4.4,4722,538,88.61,72.49,77.26
84134000ZB0014,2.3,1.4,0.548,0.507,1.76,3216,1291,59.86,20.8,43.28
07279000AX0103,2.15,1.65,0.545,0.5,2.08,208,78,62.5,25.0,51.92
841220000B1514,2.45,1.35,0.507,0.679,4.43,536,91,83.02,75.0,77.43
84028000AV0017,2.05,1.4,0.521,0.576,1.53,1855,910,50.94,14.77,34.5
841260000A0506,1.95,1.4,0.466,0.568,4.03,379,67,82.32,68.87,75.2
840560000B0108,2.15,1.2,0.52,0.542,1.73,792,409,48.36,4.67,42.05
83136000AX0064,1.95,1.95,0.589,0.559,3.53,166,38,77.11,59.04,71.69
840700000D1234,2.35,1.65,0.447,0.575,1.6,981,508,48.22,9.99,37.61
26179000ZK0060,2.0,1.9,0.583,0.466,1.35,1177,561,52.34,0.0,26.0
840160000A0738,2.0,1.5,0.491,0.777,3.49,779,192,75.35,68.29,71.37
830720000C0956,2.0,1.8,0.407,0.495,12.16,888,45,94.93,89.75,91.78
84082000AY0084,2.6,1.5,0.383,0.439,29.5,590,18,96.95,93.05,96.61
83101000BH0144,2.45,1.95,0.516,0.504,3.66,340,62,81.76,63.82,72.65
840720000D0471,2.25,1.65,0.405,0.662,1.35,957,598,37.51,5.54,25.71
830270000B0217,2.05,1.8,0.574,0.443,1.54,1510,657,56.49,1.79,35.23
131150000E0270,2.45,2.1,0.589,0.485,1.69,581,214,63.17,24.1,40.96
13050000AX0088,2.0,1.75,0.421,0.403,6.63,305,29,90.49,76.39,84.92
840840000D0001,2.35,1.35,0.53,0.461,2.17,1213,434,64.22,22.34,54.0
262850000C1192,2.4,1.4,0.523,0.484,2.37,675,228,66.22,30.22,57.78
261560000B1243,2.05,1.4,0.513,0.521,1.54,822,414,49.64,3.41,35.04
26054000AD0049,2.15,1.35,0.39,0.636,1.26,2586,1747,32.44,0.0,20.42
830910000E0091,2.3,2.05,0.612,0.442,1.26,8538,3713,56.51,1.64,20.8
130800000F0529,1.95,1.7,0.557,0.471,1.4,2104,974,53.71,1.71,28.75
840420000C0553,2.25,1.1,0.374,0.537,6.33,171,22,87.13,76.02,84.21
840770000C0069,1.8,1.65,0.498,0.444,1.52,1146,510,55.5,0.0,34.29
13079000AT0107,2.5,2.05,0.533,0.409,9.81,510,36,92.94,82.75,89.8
26250000ZE0091,2.5,2.05,0.611,0.417,1.78,4826,1628,66.27,19.06,43.89
13050000BK0116,2.45,1.9,0.442,0.642,2.26,736,265,63.99,43.89,55.71
07324000AY0353,1.15,1.65,0.365,0.494,1.78,906,442,51.21,1.21,43.82
26377000AT0330,2.25,1.15,0.347,0.751,3.06,578,148,74.39,65.92,67.3
261920000B0613,2.3,1.4,0.47,0.551,3.73,317,59,81.39,66.25,73.19
840940000B0478,2.15,1.4,0.545,0.574,3.3,4501,964,78.58,62.72,69.67
84012000AR0367,2.0,1.25,0.503,0.615,4.79,1931,302,84.36,74.57,79.13
07143000AL0118,1.95,1.95,0.563,0.548,1.87,416,149,64.18,34.62,46.63
840440000D0625,2.3,1.65,0.562,0.586,3.33,629,116,81.56,68.52,69.95
261820000E0057,2.15,1.35,0.516,0.557,2.58,746,235,68.5,43.43,61.26
830270000C0054,2.15,2.1,0.506,0.629,1.53,710,358,49.58,19.86,34.65
841260000A0183,2.05,1.4,0.526,0.601,4.01,5497,951,82.7,71.2,75.04
84072000CK0001,2.15,1.65,0.571,0.543,2.33,5737,1465,74.46,52.95,57.17
84137000AB0011,2.35,1.2,0.492,0.543,3.74,830,176,78.8,60.96,73.25
84028000AZ0298,2.3,1.4,0.542,0.515,2.36,1981,599,69.76,41.34,57.7
830950000G0025,,,,,,,,,,
841260000F0245,2.45,1.2,0.523,0.507,2.61,632,203,67.88,36.71,61.71
263570000S0139,2.3,1.4,0.538,0.49,1.61,1393,649,53.41,4.88,38.05
070090000B1330,,,,,,,,,,
073170000C0296,1.5,1.35,0.425,0.488,1.44,1479,725,50.98,0.0,30.76
830690000C0082,2.4,2.1,0.587,0.359,1.65,1480,507,65.74,4.59,39.39
840840000D0280,2.5,1.35,0.358,0.753,1.86,2444,1005,58.88,45.42,46.11
840870000K0121,,,,,,,,,,
841330000F1795,1.15,1.05,0.266,0.537,401.18,20059,22,99.89,99.8,99.75
84028000AS0030,2.15,1.4,0.541,0.537,3.3,6844,1478,78.4,59.79,69.7
840170000F1664,2.3,1.65,0.429,0.603,1.57,943,508,46.13,10.6,36.37
13034000AW0009,1.95,1.8,0.563,0.415,1.53,1420,594,58.17,0.0,34.79
13050000BV0102,2.45,1.95,0.453,0.687,3.84,1275,287,77.49,67.22,73.96
84082000AN0349,2.2,1.65,0.562,0.475,1.71,2302,891,61.29,18.59,41.4
84081000BM0156,2.6,1.3,0.514,0.468,2.19,243,88,63.79,22.63,54.32
83112000CZ0092,2.05,2.0,0.565,0.492,2.73,445,116,73.93,46.97,63.37
840720000I0777,2.25,1.65,0.574,0.553,1.75,2582,919,64.41,35.63,42.95
83047000AA0050,2.0,1.75,0.574,0.505,1.3,1486,746,49.8,0.54,22.81
831400000D0225,2.55,2.1,0.582,0.414,1.98,113,46,59.29,1.77,49.56
840030000F0111,2.25,1.35,0.439,0.57,2.95,2504,592,76.36,58.51,66.09
26220000BK0419,2.45,1.4,0.49,0.446,9.36,1619,124,92.34,82.83,89.31
84135000BH0048,2.05,1.15,0.396,0.521,9.48,493,38,92.29,85.19,89.45
841330000A0367,2.45,1.15,0.51,0.485,3.51,554,146,73.65,45.67,71.48
261190000C1240,2.5,1.8,0.568,0.431,1.93,112,47,58.04,2.68,48.21
840290000E0908,,,,,,,,,,
841260000A0118,2.1,1.2,0.335,0.832,8.36,1438,119,91.72,90.06,88.04
26071000ZC0097,2.05,1.25,0.522,0.512,1.78,1323,664,49.81,1.89,43.69
831540000C0136,2.45,1.95,0.496,0.497,1.87,170,75,55.88,11.18,46.47
071260000D0010,2.35,1.65,0.565,0.453,1.64,19015,7106,62.63,17.52,38.94
840290000F0435,2.05,1.4,0.544,0.517,1.58,1264,623,50.71,4.67,36.63
830270000B0349,2.1,2.05,0.618,0.528,1.2,974,517,46.92,0.0,16.63
830180000D0862,2.5,1.9,0.491,0.727,2.3,762,245,67.85,55.77,56.43
130510000F0740,2.25,2.05,0.594,0.396,2.86,37182,7405,80.08,49.76,65.04
830790000A0909,2.35,1.9,0.572,0.398,3.65,252,51,79.76,49.21,72.62
841220000B1533,2.3,1.35,0.342,0.714,1.25,608,410,32.57,5.59,20.23
830350000E0754,2.35,2.05,0.59,0.452,2.1,1120,328,70.71,35.27,52.32
840390000H0257,1.95,1.4,0.533,0.554,1.35,1185,661,44.22,0.0,26.08
840590000A0270,2.25,1.25,0.481,0.414,3.48,1495,354,76.32,42.81,71.3
841330000C0548,2.2,1.35,0.517,0.471,2.09,2467,890,63.92,23.35,52.21
83136000AB0033,2.4,2.0,0.571,0.452,1.57,2402,986,58.95,9.2,36.34
840780000C0183,2.1,1.4,0.498,0.595,1.86,596,248,58.39,30.03,46.31
84141000BA0218,2.35,1.4,0.528,0.505,3.28,1081,247,77.15,54.76,69.47
070150000A0257,1.8,1.9,0.549,0.496,1.29,476,237,50.21,0.0,22.48
26345000BI0048,2.2,1.4,0.523,0.526,2.78,2300,603,73.78,50.17,64.0
26345000BD0138,2.35,1.4,0.481,0.419,9.75,1092,70,93.59,84.71,89.74
840490000E0816,2.2,1.55,0.351,0.717,3.11,165,38,76.97,67.88,67.88
13082000AR0037,2.4,2.15,0.592,0.371,2.43,4414,1041,76.42,36.5,58.86
262750000F0161,2.2,1.4,0.534,0.495,1.75,830,361,56.51,12.17,42.77
840390000A0366,,,,,,,,,,
840470000D0355,2.0,1.65,0.55,0.55,10.09,15871,908,94.28,89.6,90.09
840840000B0753,2.5,1.35,0.428,0.712,2.41,1473,436,70.4,58.45,58.45
841170000A0656,2.25,1.4,0.367,0.438,4.58,87,14,83.91,63.22,78.16
840220000B0308,2.25,1.4,0.531,0.531,2.53,1444,415,71.26,45.84,60.46
840970000C0088,2.55,1.4,0.524,0.469,3.39,1185,254,78.57,54.26,70.46
841500000G0271,2.35,1.4,0.546,0.466,1.82,525,223,57.52,8.76,45.14
840490000C0329,2.1,1.65,0.452,0.629,1.87,1284,538,58.1,33.41,46.57
07143000AK0740,2.0,2.05,0.614,0.541,1.57,536,223,58.4,23.13,36.19
840870000K0215,1.75,1.65,0.453,0.838,3.5,1879,378,79.88,76.0,71.42
84127000BB0025,2.15,1.4,0.512,0.584,2.12,1738,583,66.46,42.52,52.76
07042000BK0163,2.15,1.4,0.546,0.504,1.55,2873,1411,50.89,2.58,35.57
070990000D0883,2.35,1.65,0.565,0.5,4.98,4971,610,87.73,75.44,79.9
840720000F0009,2.3,1.65,0.55,0.457,2.45,2697,716,73.45,41.94,59.1
84026000AA0138,2.5,1.35,0.386,0.676,1.96,836,328,60.77,41.99,48.92
073080000C0106,2.4,2.15,0.611,0.395,2.05,168,58,65.48,12.5,51.19
840490000B0231,2.25,1.65,0.545,0.509,2.51,13187,3420,74.07,49.03,60.18
840220000A0095,2.25,1.4,0.379,0.764,1.48,477,268,43.82,26.42,32.49
830580000G1555,2.45,1.95,0.452,0.608,3.42,250,59,76.4,61.2,70.8
840300000C0548,2.2,1.25,0.33,0.693,1.19,613,428,30.18,0.0,16.15
830910000C0815,2.35,1.9,0.473,0.674,3.65,738,157,78.73,68.43,72.63
07070000AL0050,2.25,1.95,0.58,0.477,4.92,2065,246,88.09,75.01,79.66
840610000A0197,2.2,1.4,0.431,0.556,2.26,3490,1212,65.27,37.51,55.7
84137000AH0326,2.5,1.4,0.531,0.491,3.58,948,189,80.06,59.39,72.05
261820000G0902,2.25,1.2,0.502,0.613,2.02,463,192,58.53,32.4,50.54
830040000C2174,2.45,2.05,0.579,0.508,2.21,429,129,69.93,40.79,54.78
83016000AL0456,2.3,2.0,0.603,0.442,3.81,13917,1999,85.64,67.52,73.74
070990000F0852,2.2,1.65,0.473,0.64,2.11,1779,631,64.53,44.58,52.67
840370000F0051,,,,,,,,,,
840660000C0055,2.4,1.5,0.492,0.523,18.45,1642,58,96.47,93.24,94.58
840870000N0907,,,,,,,,,,
841170000B0034,2.35,1.4,0.527,0.504,1.72,391,183,53.2,7.16,41.94
830580000B0942,2.0,1.55,0.558,0.506,1.48,771,390,49.42,0.0,32.3
840760000A0761,1.95,1.35,0.446,0.468,47.8,4541,51,98.88,97.6,97.91
84008000AN0119,2.55,1.5,0.544,0.521,3.77,1213,219,81.95,65.38,73.45
13056000DM0100,2.5,2.05,0.451,0.609,1.52,334,190,43.11,6.59,34.13
840960000F0161,2.25,1.4,0.539,0.5,2.0,2648,942,64.43,28.89,50.0
840300000E1135,2.4,1.45,0.542,0.492,1.89,225,96,57.33,13.33,47.11
263570000V0160,2.05,1.4,0.539,0.592,3.3,968,205,78.82,64.26,69.73
83086000AZ0036,2.05,2.15,0.597,0.435,2.09,480,150,68.75,28.12,52.08
840490000A0190,2.2,1.45,0.496,0.564,6.37,2649,279,89.47,81.31,84.3
84081000BL0192,2.5,1.4,0.466,0.717,1.77,5431,2233,58.88,42.63,43.6
840220000A0375,2.1,1.4,0.542,0.587,2.45,2097,544,74.06,55.84,59.23
26054000AM0122,2.1,1.4,0.544,0.583,2.65,2744,727,73.51,54.56,62.28
840300000C0938,2.2,1.6,0.544,0.512,1.38,471,248,47.35,0.0,27.39
13014000CN0064,2.1,2.05,0.605,0.449,1.39,17992,7211,59.92,10.77,27.88
26345000AZ0041,2.5,1.0,0.363,0.564,63.22,2339,31,98.67,97.65,98.42
130510000B0825,2.5,2.05,0.469,0.333,2.52,111,25,77.48,32.43,60.36
840890000B0174,2.5,1.35,0.347,0.568,3.42,3660,905,75.27,56.48,70.74
83097000AK0255,2.1,2.05,0.58,0.442,1.5,477,201,57.86,4.61,33.54
84135000BP0029,2.25,1.4,0.355,0.672,2.04,8916,3625,59.34,39.5,51.02
830350000E0126,2.4,2.15,0.585,0.441,2.41,246,67,72.76,38.21,58.54
84104000AE0120,2.15,1.4,0.537,0.604,2.27,318,116,63.52,39.62,55.97
840220000B0521,2.0,1.4,0.383,0.677,4.72,1090,174,84.04,76.42,78.81
840390000H1961,1.9,1.65,0.557,0.609,2.21,31,14,54.84,25.81,54.84
830690000J0190,1.9,2.0,0.427,0.376,9.55,535,32,94.02,84.11,89.53
841210000B0022,2.45,1.35,0.526,0.42,1.89,2538,1061,58.2,0.39,47.16
840490000A1135,2.1,1.45,0.385,0.734,2.34,1559,545,65.04,52.34,57.28
830910000C0276,2.5,2.0,0.583,0.37,1.85,892,286,67.94,13.34,46.08
84028000BE0215,2.3,1.15,0.434,0.466,20.21,1819,76,95.82,91.04,95.05
830670000D0345,2.0,1.4,0.538,0.477,1.65,4422,2119,52.08,0.0,39.55
831350000E0178,,,,,,,,,,
840590000B0215,2.25,1.25,0.463,0.692,2.55,1041,306,70.61,57.54,60.71
262750000E0285,,,,,,,,,,
263570000O0152,2.4,1.3,0.533,0.539,1.85,131,62,52.67,12.21,45.8
84082000AM0288,2.25,1.55,0.484,0.492,1.54,4416,2184,50.54,0.0,35.1
261800000C0601,2.25,1.4,0.3,0.742,20.62,660,23,96.52,95.3,95.15
26317000AL0257,2.35,1.4,0.523,0.548,3.59,592,121,79.56,62.67,72.13
83148000AL0196,2.5,2.15,0.606,0.387,2.04,5173,1310,74.68,34.64,51.05
84029000AM0091,2.15,1.4,0.486,0.652,4.97,2890,402,86.09,78.65,79.86
26345000AD0063,2.5,0.95,0.261,0.455,36.82,626,10,98.4,96.49,97.28
830350000E0141,2.3,1.95,0.526,0.389,4.48,547,68,87.57,68.01,77.7
83097000AK0090,2.55,2.0,0.597,0.491,2.26,685,181,73.58,46.13,55.77
830180000B0397,2.45,1.95,0.48,0.317,9.65,666,46,93.09,78.23,89.64
840970000C0358,2.25,1.4,0.362,0.693,1.67,3817,1897,50.3,28.32,40.24
840370000B0494,2.45,1.65,0.579,0.498,1.56,1148,476,58.54,16.72,35.89
840390000C0689,2.15,1.45,0.53,0.604,2.76,362,99,72.65,54.7,63.81
07279000AO0253,2.2,1.65,0.543,0.454,1.92,390,144,63.08,18.72,47.95
83023000AN0068,2.0,2.1,0.615,0.516,1.45,435,190,56.32,15.4,30.8
830210000C0089,2.5,2.1,0.514,0.76,3.54,1555,308,80.19,73.95,71.77
841220000B1091,2.2,1.15,0.286,0.867,7.93,666,65,90.24,88.74,87.39
840300000D0463,2.5,1.45,0.479,0.446,6.78,427,45,89.46,76.35,85.25
831000000E0380,2.05,2.0,0.606,0.512,1.24,1582,802,49.3,1.07,19.6
83121000AD0251,2.35,1.95,0.615,0.454,1.86,535,166,68.97,31.59,46.17
841300000B0706,2.1,1.25,0.464,0.456,4.79,1802,288,84.02,64.98,79.13
830830000A1557,1.7,1.8,0.374,0.354,7.4,370,17,95.41,87.03,86.49
83016000AK0037,2.05,2.15,0.585,0.396,1.95,713,247,65.36,12.48,48.81
84082000AZ0002,,,,,,,,,,
83097000AL0762,,,,,,,,,,
26179000ZK0059,2.3,2.0,0.483,0.557,1.55,3427,1906,44.38,0.12,35.51
072450000D0370,1.8,1.45,0.488,0.497,1.52,1051,516,50.9,1.24,34.35
840890000B3892,2.5,1.35,0.521,0.431,2.27,5257,1834,65.11,19.06,56.04
83101000BD0163,2.2,2.05,0.612,0.448,1.4,2253,964,57.21,4.53,28.72
831250000D0120,2.05,2.05,0.595,0.443,1.53,871,354,59.36,8.15,34.79
070130000B0953,1.5,1.7,0.464,0.461,1.62,920,423,54.02,0.33,38.15
841360000C0755,2.6,1.1,0.374,0.552,5.47,104,16,84.62,72.12,81.73
830940000A0263,2.15,2.05,0.583,0.566,4.36,1304,151,88.42,79.52,77.07
130480000B1108,1.65,1.25,0.445,0.514,1.5,244,129,47.13,0.0,33.2
830670000D2368,2.05,2.0,0.594,0.492,1.24,717,361,49.65,0.0,19.25
830910000B0270,2.4,2.1,0.552,0.53,1.58,5396,2796,48.18,2.24,36.82
831000000E0187,2.4,1.55,0.402,0.388,80.94,4047,33,99.18,97.9,98.76
83069000KY0008,2.3,2.05,0.599,0.524,4.95,2953,283,90.42,81.71,79.82
830270000G2124,2.4,2.15,0.603,0.381,1.63,4813,1800,62.6,1.95,38.54
13032000BE0206,2.3,2.0,0.615,0.43,1.43,617,271,56.08,0.0,30.31
831340000B0254,2.4,2.1,0.601,0.409,1.67,2261,750,66.83,18.93,40.16
841480000A0446,2.3,1.65,0.42,0.691,1.59,279,143,48.75,25.81,36.92
830310000E0324,2.45,2.05,0.533,0.583,3.39,2334,479,79.48,64.82,70.48
073430000D0933,2.0,1.6,0.563,0.573,1.22,677,389,42.54,0.0,18.17
830460000F0876,2.45,2.0,0.538,0.539,1.67,1481,731,50.64,8.44,40.04
830690000E1028,2.5,2.1,0.594,0.381,1.85,3014,880,70.8,23.42,46.05
830870000B0258,,,,,,,,,,
831060000D0607,2.5,1.8,0.528,0.552,2.86,457,106,76.81,57.99,64.99
841220000H0067,2.25,1.35,0.426,0.686,1.25,751,498,33.69,3.33,20.24
830320000E0212,2.5,2.15,0.442,0.495,2.19,265,110,58.49,16.23,54.34
840440000D1221,2.5,1.6,0.541,0.472,1.9,135,58,57.04,8.89,47.41
840470000D1383,2.45,1.6,0.56,0.499,4.36,2770,387,86.03,72.02,77.08
830850000D0111,2.0,1.7,0.573,0.503,1.38,1964,989,49.64,0.0,27.29
841330000B0142,2.3,1.35,0.503,0.441,3.41,2150,474,77.95,49.95,70.65
13079000AH0140,2.4,2.15,0.598,0.541,2.11,120,40,66.67,38.33,52.5
072680000B0087,2.5,1.4,0.543,0.469,2.65,2240,602,73.12,42.72,62.28
13082000BI0052,2.5,1.95,0.479,0.566,1.59,1139,588,48.38,8.78,37.05
13050000BL0083,2.5,2.1,0.492,0.643,1.45,359,191,46.8,17.27,31.2
840160000A0558,2.5,1.65,0.523,0.522,3.41,300,60,80.0,61.67,70.67
840760000A0193,2.45,1.1,0.442,0.671,4.2,567,106,81.31,72.13,76.19
841340000D0223,2.5,1.4,0.342,0.687,1.25,5764,3842,33.34,2.98,20.04
84024000AK0151,2.4,1.35,0.53,0.432,2.44,7081,2293,67.62,25.08,58.93
831480000F0082,2.25,2.15,0.567,0.446,6.16,1535,112,92.7,83.65,83.78
840190000D0528,2.1,1.4,0.462,0.54,13.09,1479,74,95.0,90.74,92.36
13079000AT0243,2.5,2.1,0.543,0.557,1.65,712,350,50.84,11.8,39.33
840720000C0256,,,,,,,,,,
262750000B0236,2.0,1.4,0.416,0.66,1.26,1852,1194,35.53,2.32,20.46
07317000AC0060,2.3,2.0,0.486,0.59,1.58,269,147,45.35,7.43,36.8
840520000F0758,2.5,1.35,0.522,0.409,2.88,4669,1225,73.76,35.9,65.3
263570000B0047,1.65,0.95,0.154,0.692,149.0,1490,9,99.4,99.13,99.33
263570000C0192,2.2,1.4,0.386,0.665,1.94,373,165,55.76,33.51,48.53
84028000AM0253,2.2,1.4,0.533,0.412,2.02,99,42,57.58,0.0,50.51
841210000B0143,2.4,1.35,0.515,0.499,3.13,1400,319,77.21,54.36,68.07
840370000B0672,2.2,1.65,0.555,0.513,2.02,577,174,69.84,41.25,50.61
840510000E0986,1.15,1.05,0.297,0.566,18.82,4083,129,96.84,94.42,94.69
84082000AB0119,2.4,1.65,0.542,0.425,4.32,2252,355,84.24,62.88,76.87
84104000AH0261,2.05,1.3,0.338,0.733,6.42,494,55,88.87,84.82,84.41
131150000E0255,2.5,2.0,0.463,0.623,1.31,652,425,34.82,0.0,23.93
263570000M0113,2.05,1.4,0.539,0.558,1.81,761,297,60.97,30.09,44.68
831400000F0224,2.5,2.15,0.62,0.421,1.32,7433,2767,62.77,11.5,24.49
84086000AC0253,2.3,1.35,0.526,0.542,3.55,1038,213,79.48,62.14,71.87
84099000AL0031,2.35,1.35,0.522,0.489,3.01,1880,478,74.57,47.98,66.81
841130000B0678,2.15,1.15,0.483,0.533,2.32,504,196,61.11,26.98,56.94
840940000A0359,2.45,1.4,0.46,0.398,10.06,1227,84,93.15,82.8,90.06
830450000D0472,2.5,2.05,0.469,0.563,3.68,850,161,81.06,66.35,72.82
83101000AD0207,2.5,1.8,0.446,0.579,1.46,547,316,42.23,0.18,31.44
26345000BL0222,2.45,1.2,0.456,0.575,17.39,1235,50,95.95,92.96,94.25
840190000D0478,2.5,1.4,0.543,0.465,2.07,955,343,64.08,22.72,51.73
841370000A1451,2.1,1.4,0.5,0.444,4.17,2709,484,82.13,59.73,76.01
830730000F0048,2.05,1.95,0.594,0.504,1.65,638,253,60.34,21.32,39.5
84004000BE0062,2.1,1.25,0.496,0.589,3.89,5900,1113,81.14,67.98,74.31
840870000M0151,2.3,1.65,0.559,0.463,1.56,593,273,53.96,0.67,35.75
840440000B0449,1.4,1.0,0.207,0.381,79.0,948,8,99.16,97.78,98.73
830260000B0168,2.45,1.95,0.574,0.336,2.01,2009,662,67.05,1.99,50.27
841500000A0119,2.15,1.4,0.538,0.527,2.01,4028,1486,63.11,29.99,50.17
84028000AS0017,2.4,1.4,0.519,0.582,7.58,1622,139,91.43,85.27,86.81
071260000F0504,1.3,1.4,0.275,0.586,97.28,2821,17,99.4,98.97,98.97
84028000AD0164,2.4,1.4,0.522,0.555,4.34,1298,193,85.13,73.19,76.96
263570000S0122,2.0,1.4,0.543,0.638,2.93,1440,342,76.25,62.78,65.9
840170000D0228,2.35,1.65,0.572,0.471,1.66,4013,1464,63.52,22.6,39.65
84082000AB0216,1.65,1.45,0.418,0.434,10.84,4074,247,93.94,86.03,90.77
26071000AC0066,2.0,1.6,0.563,0.508,1.41,1521,798,47.53,0.0,29.13
072640000G0208,2.25,1.4,0.455,0.448,1.93,1798,728,59.51,9.57,48.16
07264000AL0059,2.35,1.4,0.541,0.505,1.65,1992,876,56.02,12.85,39.56
84024000AO0038,2.5,1.35,0.351,0.689,2.52,1943,617,68.24,53.94,60.27
830450000H0562,2.6,1.9,0.446,0.615,6.46,181,16,91.16,85.64,84.53
831080000E0205,1.95,1.65,0.545,0.456,1.47,2545,1196,53.01,0.0,31.75
840170000E0942,1.1,1.45,0.295,0.697,66.82,2606,23,99.12,98.73,98.5
840290000B0246,2.25,1.3,0.496,0.641,2.57,375,118,68.53,50.93,61.07
07152000ZA0030,1.2,1.05,0.338,0.544,1.24,1014,555,45.27,0.0,19.13
84041000AI0092,2.25,1.65,0.466,0.668,4.19,5741,1015,82.32,73.52,76.15
840960000B0144,2.0,1.35,0.36,0.866,2.93,322,84,73.91,69.88,65.84
840940000E1029,2.4,1.4,0.537,0.489,1.92,1039,430,58.61,15.4,47.83
841170000B0437,2.5,1.4,0.529,0.531,3.7,674,121,82.05,66.17,73.0
84053000ZC0163,2.3,1.4,0.533,0.519,1.99,854,325,61.94,26.7,49.77
841460000D0186,2.15,1.4,0.548,0.551,2.1,1192,441,63.0,32.89,52.43
840390000G0085,2.1,1.6,0.578,0.604,1.8,335,131,60.9,35.22,44.48
13118000AM0126,2.1,2.15,0.567,0.47,2.74,783,154,80.33,58.11,63.47
070150000A0152,2.2,1.0,0.332,0.685,1.25,689,504,26.85,0.0,19.88
07245000AT0118,1.7,1.9,0.524,0.47,1.6,245,116,52.65,0.0,37.55
263570000Y0302,2.25,1.4,0.547,0.599,2.8,759,190,74.97,58.23,64.3
13079000AD0114,2.1,2.15,0.576,0.533,2.52,409,90,78.0,58.68,60.39
13079000AE0208,2.4,2.05,0.597,0.41,1.69,2296,820,64.29,12.8,40.72
84081000AX0059,2.2,1.35,0.543,0.552,1.7,194,91,53.09,14.95,41.24
07152000AH0067,2.25,2.1,0.579,0.525,1.8,227,84,63.0,29.52,44.49
262750000K0179,2.2,1.4,0.387,0.791,2.08,379,151,60.16,49.6,51.98
84127000AL0002,2.3,1.3,0.477,0.733,1.74,1295,614,52.59,35.29,42.47
830670000D1107,2.45,2.0,0.55,0.55,1.59,548,266,51.46,11.68,37.04
070130000C0753,1.25,2.0,0.47,0.44,1.9,783,344,56.07,0.26,47.25
84118000AZ0065,1.85,1.6,0.522,0.427,1.46,328,147,55.18,0.0,31.71
830510000F0341,2.1,1.5,0.42,0.458,242.37,9937,22,99.78,99.52,99.59
841260000A0037,2.25,1.35,0.409,0.716,2.85,521,139,73.32,62.76,64.88
840370000G0176,2.25,1.55,0.488,0.572,1.88,402,171,57.46,25.62,46.77
830920000D1028,2.45,2.1,0.536,0.488,1.82,1043,473,54.65,7.0,45.06
070970000D0451,2.3,1.75,0.57,0.505,1.97,134,55,58.96,18.66,49.25
831110000A0054,2.35,1.95,0.242,0.206,22.75,273,7,97.44,87.55,95.6
830260000D0666,2.25,2.15,0.602,0.434,2.6,1608,328,79.6,52.99,61.5
830640000C0008,2.0,1.95,0.592,0.443,1.38,1338,590,55.9,0.45,27.35
830040000F0663,2.3,1.85,0.43,0.612,1.58,309,177,42.72,6.47,36.57
831430000E0569,2.4,2.0,0.475,0.552,1.93,2172,947,56.4,20.99,48.11
841300000B0839,2.0,1.25,0.43,0.73,3.27,1309,279,78.69,70.82,69.44
831100000B0155,2.5,1.95,0.519,0.715,1.34,793,458,42.24,19.17,25.09
841400000B0941,2.25,1.3,0.485,0.461,7.0,1882,207,89.0,76.14,85.71
26054000AO0054,2.4,1.4,0.544,0.475,1.73,3507,1475,57.94,11.43,42.12
830510000F0736,2.0,2.0,0.508,0.401,7.94,1088,79,92.74,81.89,87.41
84012000AP0165,2.65,1.25,0.531,0.473,2.23,885,319,63.95,23.84,55.25
830970000D0646,2.5,2.15,0.543,0.587,2.53,463,132,71.49,51.4,60.48
84073000AC0193,2.45,0.85,0.263,0.661,51.2,4915,80,98.37,97.54,98.05
07228000AC0045,2.3,1.8,0.475,0.626,1.36,1096,686,37.41,0.09,26.28
262750000D0146,2.0,1.35,0.532,0.537,1.5,1764,930,47.28,1.76,33.16
831060000B0274,2.45,1.95,0.487,0.337,13.01,1769,91,94.86,84.74,92.31
07279000AX0085,2.25,1.65,0.473,0.682,2.07,1457,547,62.46,44.96,51.61
841500000H0376,2.25,1.4,0.4,0.76,1.83,3176,1316,58.56,45.5,45.21
07143000AL0410,1.7,1.3,0.311,0.653,1.32,1230,803,34.72,0.08,24.31
830950000L0064,2.35,2.0,0.517,0.29,10.38,3237,212,93.45,77.42,90.36
07042000BK0164,2.25,1.4,0.524,0.472,2.25,1120,339,69.73,35.89,55.62
840030000F1161,2.5,1.35,0.511,0.419,4.13,7806,1305,83.28,60.15,75.78
830720000H0390,2.05,2.0,0.574,0.378,1.79,50850,18509,63.6,3.65,44.16
830460000F0956,1.85,1.55,0.34,0.333,114.92,2873,17,99.41,98.22,99.13
84102000AE0128,2.45,1.65,0.545,0.461,5.19,2558,301,88.23,74.47,80.73
261190000H0312,2.2,2.15,0.522,0.406,2.48,275,69,74.91,38.18,59.64
840980000A0448,2.5,1.25,0.394,0.481,4.38,140,26,81.43,61.43,77.14
841090000B0284,2.2,1.45,0.377,0.785,1.92,423,179,57.68,46.1,47.99
070590000A0133,2.0,1.15,0.476,0.534,1.77,807,420,47.96,2.48,43.37
83101000AC0226,2.5,2.1,0.604,0.441,1.75,1589,455,71.37,35.05,42.86
830570000B0916,2.45,1.95,0.566,0.337,2.39,3001,799,73.38,20.89,58.08
840390000F0314,2.25,1.6,0.551,0.609,4.81,2983,404,86.46,77.77,79.22
130510000D0054,2.45,1.95,0.455,0.601,1.94,688,288,58.14,30.38,48.4
841500000C0116,2.2,1.4,0.539,0.585,1.79,2061,826,59.92,31.54,44.15
841170000A0436,2.1,1.2,0.445,0.534,3.56,385,87,77.4,57.66,71.95
841460000D0023,2.45,1.4,0.512,0.432,3.38,1647,368,77.66,48.33,70.43
83023000AC0114,1.9,2.05,0.519,0.46,20.76,2180,46,97.89,95.41,95.18
841220000A0506,2.15,1.35,0.489,0.546,1.87,3142,1323,57.89,22.88,46.5
26377000AB0027,2.45,1.35,0.523,0.485,5.86,9781,1137,88.38,76.01,82.93
841500000H0498,2.0,1.4,0.541,0.517,1.48,3572,1876,47.48,0.0,32.56
830960000B0116,2.4,2.15,0.537,0.428,1.82,1874,793,57.68,1.17,44.98
841260000F1379,2.0,1.35,0.388,0.75,2.53,362,108,70.17,60.22,60.5
263480000E0545,2.5,1.4,0.466,0.351,5.81,1656,206,87.56,64.55,82.79
261880000C0931,2.55,1.25,0.451,0.5,6.24,543,63,88.4,76.8,83.98
07228000AL0050,1.2,1.3,0.329,0.619,1.27,915,589,35.63,0.0,21.31
840420000D0308,2.45,1.35,0.441,0.593,1.91,1148,499,56.53,26.66,47.74
26054000AE0075,2.25,1.4,0.539,0.489,1.6,1625,748,53.97,5.78,37.66
84103000AI0049,2.6,1.5,0.54,0.457,2.38,359,122,66.02,25.63,57.94
84106000AE0028,2.35,1.4,0.524,0.57,3.22,770,167,78.31,61.95,68.96
830450000D0157,2.1,1.95,0.585,0.445,1.56,1066,477,55.25,0.0,35.74
841360000A0688,2.25,1.35,0.485,0.544,5.33,1108,141,87.27,76.62,81.23
830350000A1695,2.4,2.0,0.582,0.392,2.2,343,111,67.64,17.49,54.52
84104000AD0193,2.0,1.4,0.403,0.823,5.92,1635,195,88.07,85.5,83.12
840510000G1203,,,,,,,,,,
261880000C0950,2.2,1.2,0.505,0.602,4.27,1255,248,80.24,67.17,76.57
84141000BB0206,2.15,1.4,0.509,0.548,3.81,1545,291,81.17,65.63,73.79
841360000A0756,2.15,1.35,0.526,0.51,2.2,9893,3219,67.46,36.26,54.44
830940000E0397,2.55,2.15,0.582,0.314,2.23,2600,714,72.54,12.5,55.19
830350000B0563,2.25,2.0,0.505,0.674,2.33,1842,683,62.92,45.01,57.0
831000000C0673,2.1,1.95,0.598,0.44,1.57,1314,583,55.63,0.0,36.3
840450000A0163,2.45,1.35,0.463,0.524,5.33,693,100,85.57,72.44,81.24
830670000D0639,2.05,2.0,0.61,0.49,1.25,914,447,51.09,0.22,20.24
262850000C0819,2.45,1.2,0.505,0.458,2.37,994,365,63.28,19.82,57.75
840370000D0075,2.0,1.65,0.568,0.586,1.8,1364,483,64.59,39.59,44.35
840190000I1066,2.3,1.4,0.491,0.605,2.27,3722,1237,66.77,45.03,55.96
830120000K0003,2.4,2.15,0.612,0.44,3.39,7923,1072,86.47,69.27,70.54
83071000AI0023,2.3,2.0,0.606,0.439,1.7,5988,2126,64.5,19.04,41.22
841360000C0411,2.4,1.3,0.532,0.569,3.52,665,141,78.8,62.71,71.58
84122000AH0017,1.3,0.95,0.293,0.5,237.31,23731,60,99.75,99.49,99.58
26345000BH0005,2.35,1.4,0.546,0.528,3.5,4277,803,81.23,64.41,71.41
840470000D0859,2.25,1.65,0.474,0.648,1.63,845,401,52.54,26.75,38.82
841360000B0978,2.2,1.35,0.515,0.548,1.69,2199,1001,54.48,17.01,40.88
830720000B2698,2.4,2.15,0.466,0.415,4.97,179,17,90.5,77.09,79.89
07345000ZB0237,1.4,1.3,0.402,0.597,1.32,487,280,42.51,3.7,24.44
26317000AI0149,2.3,1.4,0.459,0.486,2.12,318,122,61.64,21.07,52.83
841260000A0354,2.15,1.35,0.536,0.571,2.08,503,188,62.62,34.59,51.89
840290000F0799,,,,,,,,,,
840960000F0359,1.6,1.1,0.283,0.5,44.24,752,10,98.67,97.34,97.74
841130000B0113,2.3,1.35,0.484,0.488,2.11,340,138,59.41,16.76,52.65
84028000AC0132,2.3,1.4,0.39,0.716,1.35,209,126,39.71,15.79,25.84
830330000C0438,2.45,2.05,0.573,0.385,1.94,324,114,64.81,8.64,48.46
841260000F1756,2.25,1.4,0.539,0.499,2.43,2731,832,69.53,38.96,58.77
261820000G0241,2.3,1.4,0.469,0.631,2.03,558,224,59.86,36.38,50.72
13110000AW0019,2.35,2.1,0.598,0.425,1.42,1683,644,61.73,9.92,29.77
13110000AT0009,1.95,1.75,0.563,0.453,1.43,3477,1535,55.85,2.47,30.05
070700000B0136,2.15,2.1,0.587,0.439,3.39,346,75,78.32,50.58,70.52
84127000AX0123,2.0,1.3,0.526,0.612,1.3,3188,1976,38.02,0.0,22.87
263570000M0238,2.2,1.4,0.345,0.726,1.4,977,558,42.89,21.29,28.66
26038000ZB0079,2.3,2.0,0.595,0.425,1.5,606,258,57.43,0.0,33.17
830320000E0347,2.05,1.85,0.499,0.427,4.6,524,67,87.21,70.04,78.24
840960000B0900,1.85,1.2,0.446,0.621,11.32,1778,110,93.81,90.04,91.17
840870000K0167,1.9,1.65,0.504,0.566,10.55,1508,69,95.42,91.91,90.52
840940000F0825,2.25,1.4,0.534,0.49,3.61,6243,1270,79.66,58.5,72.29
070130000B0944,2.0,1.1,0.514,0.532,1.91,506,274,45.85,0.0,47.63
831000000A0480,2.0,1.95,0.606,0.491,1.33,755,364,51.79,1.72,24.9
840220000C0049,2.2,1.35,0.447,0.583,14.11,748,35,95.32,91.98,92.91
26054000AE0288,,,,,,,,,,
840170000F1453,2.3,1.65,0.461,0.448,7.8,1272,113,91.12,80.19,87.19
830860000E0752,1.55,1.65,0.514,0.507,1.5,66,34,48.48,0.0,33.33
840960000E0075,1.55,1.25,0.312,0.424,154.59,3401,14,99.59,99.03,99.35
83116000BK0109,2.0,1.75,0.559,0.462,1.42,3733,1751,53.09,0.0,29.41
84012000AS0266,2.1,1.25,0.388,0.674,1.97,260,118,54.62,32.69,49.23
841380000L0012,2.45,1.4,0.473,0.376,7.93,1934,175,90.95,75.9,87.38
26250000ZB0057,1.95,1.1,0.488,0.511,1.82,1506,771,48.8,0.0,45.02
831000000A1420,2.2,2.0,0.602,0.379,2.08,191,66,65.45,8.9,51.83
84028000AY0439,2.1,1.4,0.498,0.534,1.98,574,226,60.63,26.31,49.48
840390000H2103,1.8,1.45,0.428,0.804,4.8,264,41,84.47,80.68,79.17
263570000H0155,2.3,1.2,0.501,0.583,1.96,1890,777,58.89,29.52,49.1
840300000E0470,2.2,1.65,0.524,0.689,2.45,510,166,67.45,52.75,59.22
83148000BV0150,2.0,2.15,0.587,0.578,3.17,510,85,83.33,71.18,68.43
13082000AL0070,2.45,2.05,0.628,0.471,2.18,629,177,71.86,40.22,54.21
84007000BS0359,2.0,1.4,0.431,0.607,2.7,5806,1677,71.12,52.41,62.92
07143000AB0146,1.65,1.6,0.492,0.521,1.3,595,311,47.73,0.0,23.36
261800000B0308,2.05,1.4,0.505,0.436,2.64,5974,1744,70.81,33.11,62.14
13050000BX0178,2.45,2.1,0.577,0.475,2.44,2019,506,74.94,47.25,58.99
841360000A0501,,,,,,,,,,
830300000D0393,2.15,1.4,0.399,0.333,36.59,1610,26,98.39,95.16,97.27
261800000C0013,2.2,1.2,0.462,0.561,4.27,384,74,80.73,65.62,76.56
841500000A0514,2.3,1.4,0.516,0.432,1.87,13520,5053,62.63,13.54,46.55
840560000A0668,2.35,1.4,0.44,0.546,16.92,1777,77,95.67,92.07,94.09
830710000B3087,2.35,2.05,0.529,0.467,2.95,1489,343,76.96,50.71,66.15
072590000B0273,2.3,1.2,0.366,0.795,7.67,1833,178,90.29,87.78,86.96
841500000H0661,2.25,1.4,0.51,0.539,1.92,2207,847,61.62,28.82,47.98
841260000E0560,2.5,1.3,0.508,0.514,3.61,548,129,76.46,54.2,72.26
263570000X0291,2.5,1.4,0.545,0.464,1.83,3054,1195,60.87,15.68,45.25
830580000B0651,2.25,1.55,0.439,0.591,23.87,931,26,97.21,95.27,95.81
830260000F0667,2.4,2.0,0.494,0.716,2.21,679,240,64.65,50.66,54.79
840200000B1682,1.55,1.2,0.136,0.278,138.62,1802,5,99.72,99.0,99.28
830280000L0216,2.55,1.65,0.392,0.492,1.9,245,116,52.65,3.67,47.35
07143000AD0047,2.0,1.45,0.535,0.528,1.51,401,208,48.13,1.75,33.92
84029000AV0046,2.1,1.4,0.511,0.617,2.6,1281,363,71.66,54.1,61.59
840490000E0293,2.2,1.6,0.447,0.636,27.79,1167,28,97.6,96.23,96.4
840960000D0311,2.0,1.4,0.508,0.593,1.75,1754,764,56.44,26.51,42.87
263570000P0111,2.15,1.4,0.537,0.524,1.61,1604,735,54.18,12.53,37.84
830690000C0419,2.05,2.0,0.604,0.471,1.29,5505,2498,54.62,3.74,22.42
83136000AL0098,2.5,2.1,0.605,0.47,4.07,8096,961,88.13,74.77,75.41
841220000B0074,2.5,1.15,0.335,0.955,8.07,436,42,90.37,89.91,87.61
840960000F0453,1.95,1.4,0.407,0.641,8.19,1122,91,91.89,87.34,87.79
840450000B0130,2.4,1.4,0.377,0.703,1.72,557,263,52.78,32.85,41.83
83023000BM0055,,,,,,,,,,
840720000A0222,2.5,1.65,0.577,0.477,1.89,904,301,66.7,30.2,47.12
830490000F0785,2.4,1.95,0.549,0.621,2.0,1092,369,66.21,45.6,50.0
84086000AP0415,2.05,1.35,0.483,0.58,5.8,2396,302,87.4,78.26,82.76
073450000D0341,2.25,2.0,0.604,0.543,1.72,527,204,61.29,28.65,41.94
840490000B0304,2.5,1.65,0.558,0.444,2.84,1850,427,76.92,48.0,64.76
830570000B0256,2.5,2.1,0.613,0.613,3.61,267,46,82.77,71.91,72.28
840220000A0429,2.4,1.4,0.52,0.454,2.17,801,276,65.54,24.09,53.93
830830000C1381,,,,,,,,,,
26367000AK0118,2.3,1.4,0.488,0.408,5.2,1758,250,85.78,65.19,80.77
841160000C0644,2.35,1.4,0.496,0.639,2.46,2069,626,69.74,52.63,59.3
841340000E0231,2.15,1.4,0.516,0.548,3.71,831,165,80.14,63.78,73.04
841370000B0376,2.2,1.4,0.518,0.501,2.62,770,227,70.52,41.17,61.82
83101000AK0106,2.5,2.1,0.617,0.427,1.52,1868,633,66.11,20.72,34.31
07042000AC0056,2.15,1.4,0.39,0.676,2.09,1140,434,61.93,43.68,52.19
841000000B0163,2.3,1.2,0.472,0.418,4.0,1080,221,79.54,51.02,75.0
841090000A0434,2.25,1.65,0.558,0.48,2.08,1119,384,65.68,28.51,51.83
840760000A0401,2.2,1.35,0.517,0.439,1.95,1837,773,57.92,4.08,48.78
840140000B0013,1.2,1.1,0.302,0.612,82.56,7843,63,99.2,98.69,98.79
841460000B0084,2.3,1.4,0.437,0.722,2.59,427,127,70.26,58.78,61.36
840220000C0016,2.2,1.4,0.442,0.528,3.98,3952,756,80.87,63.74,74.9
84086000AL0093,2.5,1.35,0.394,0.666,4.57,4777,757,84.15,76.22,78.12
840370000B0199,2.5,1.65,0.589,0.522,2.17,985,263,73.3,48.83,53.91
262750000I0316,2.1,1.1,0.386,0.486,14.06,2896,177,93.89,87.43,92.89
841370000B0558,2.35,1.35,0.51,0.543,2.92,824,220,73.3,50.85,65.78
263770000H0318,2.0,1.35,0.462,0.47,5.71,834,111,86.69,71.7,82.49
830640000A0163,2.5,1.8,0.445,0.42,7.72,301,21,93.02,83.39,87.04
07345000ZB0108,1.55,1.75,0.491,0.475,1.44,3225,1535,52.4,0.0,30.7
840190000D0811,2.25,1.15,0.232,0.556,32.05,673,15,97.77,95.99,96.88
26345000BE0180,2.45,1.4,0.547,0.475,2.3,1981,635,67.95,32.51,56.44
071520000D0013,2.3,1.4,0.387,0.684,1.23,367,249,32.15,0.82,18.8
261820000C0799,2.15,1.4,0.548,0.532,2.1,2564,862,66.38,36.82,52.38
07313000AH0124,2.15,1.05,0.297,0.668,1.37,322,213,33.85,0.93,27.02
072910000B0896,2.2,1.65,0.412,0.648,1.63,1889,904,52.14,26.1,38.54
831490000E0490,2.0,1.95,0.542,0.41,7.92,3232,240,92.57,81.9,87.38
130510000E0119,2.55,2.0,0.601,0.437,1.53,604,245,59.44,7.12,34.77
26345000AK0312,2.35,1.4,0.522,0.472,1.9,381,153,59.84,14.96,47.24
830260000E0300,1.8,2.05,0.356,0.405,8.33,200,17,91.5,79.0,88.0
840960000G0167,2.05,1.15,0.372,0.683,5.18,902,136,84.92,77.94,80.71
84031000BC0132,2.4,1.45,0.484,0.376,14.08,3125,149,95.23,87.33,92.9
840100000A0443,1.35,1.1,0.174,0.389,145.33,2616,7,99.73,99.31,99.31
840760000B0124,2.4,1.35,0.511,0.455,6.73,8399,893,89.37,76.64,85.14
84138000AV0085,2.4,1.35,0.345,0.729,1.97,549,212,61.38,46.99,49.18
26367000AE0121,2.2,1.4,0.545,0.506,2.28,3452,1130,67.27,35.37,56.17
840560000A0548,2.15,1.4,0.398,0.782,2.26,1509,507,66.4,57.06,55.67
840370000D0823,2.25,1.6,0.391,0.684,1.62,567,275,51.5,29.1,38.27
841450000J0070,2.45,1.45,0.415,0.681,1.61,1300,663,49.0,25.08,37.77
83023000BR0012,2.0,1.75,0.502,0.554,17.02,919,31,96.63,93.91,94.12
26054000AL0008,2.1,1.4,0.535,0.552,1.72,1684,700,58.43,24.64,41.75
841380000Q0368,2.0,1.4,0.54,0.563,1.55,1832,921,49.73,10.75,35.43
840160000A1816,2.2,1.65,0.493,0.571,2.19,59,24,59.32,28.81,54.24
13079000AH0135,2.5,2.15,0.568,0.395,1.75,490,171,65.1,11.63,42.86
84069000AD0221,2.45,1.45,0.553,0.46,3.29,1329,301,77.35,50.79,69.6
841360000B1089,2.15,1.35,0.343,0.793,3.01,3013,772,74.38,67.67,66.78
830570000D0063,1.2,1.1,0.234,0.667,62.09,1428,14,99.02,98.53,98.39
830940000F0672,,,,,,,,,,
130510000B0817,2.55,2.1,0.556,0.299,3.2,524,109,79.2,30.53,68.7
26348000AR0018,2.4,1.4,0.534,0.48,3.04,7330,1723,76.49,50.98,67.12
830160000B0026,2.0,2.1,0.559,0.383,2.0,256,95,62.89,3.12,50.0
83047000CB0015,2.4,2.0,0.564,0.361,4.2,2569,329,87.19,64.54,76.22
83097000AP0052,2.4,2.0,0.495,0.683,1.63,2554,1197,53.13,31.36,38.76
83101000BC0035,2.0,1.3,0.516,0.497,1.63,3160,1595,49.53,0.0,38.58
840560000A0177,1.45,1.15,0.267,0.343,163.75,3275,12,99.63,98.93,99.39
840300000E1050,2.3,1.65,0.386,0.72,1.87,806,342,57.57,41.07,46.4
263800000D0269,2.05,1.75,0.364,0.844,2.24,399,162,59.4,51.88,55.39
840720000A0301,2.2,1.65,0.554,0.517,1.43,1411,654,53.65,10.42,29.98
84012000AR0362,2.45,1.25,0.545,0.47,1.97,1100,452,58.91,12.55,49.36
840960000B0950,2.05,1.4,0.478,0.404,2.34,556,201,63.85,10.43,57.19
26085000ZD0202,2.5,1.65,0.562,0.44,4.69,36329,4843,86.67,69.73,78.67
830350000C1320,2.25,1.65,0.535,0.497,1.68,529,247,53.31,6.05,40.64
261790000C0259,1.65,1.45,0.442,0.426,1.8,477,200,58.07,1.68,44.44
830460000F0763,2.45,1.85,0.563,0.484,10.47,3768,198,94.75,89.15,90.45
83101000BE0222,2.25,1.35,0.471,0.475,1.78,3384,1587,53.1,1.36,43.88
83148000AK0047,1.9,1.55,0.39,0.45,28.19,1015,18,98.23,96.06,96.45
26054000AB0150,2.3,1.4,0.374,0.718,1.69,1555,722,53.57,35.31,40.71
830310000B0600,2.4,1.7,0.423,0.727,4.49,175,32,81.71,74.86,77.71
840590000A0008,1.7,1.1,0.331,0.585,24.37,1730,48,97.23,95.26,95.9
830180000D0782,2.45,1.4,0.336,0.681,1.33,790,513,35.06,4.68,24.81
841220000B1696,2.3,1.35,0.497,0.433,10.6,8682,566,93.48,84.95,90.57
26345000AO0194,2.3,1.4,0.526,0.525,3.35,1932,402,79.19,60.35,70.19
830320000D2228,2.45,1.95,0.6,0.646,2.66,487,124,74.54,60.57,62.42
84149000BC0034,2.0,1.4,0.459,0.765,9.19,1599,124,92.25,89.87,89.12
831080000F0409,2.0,2.0,0.605,0.498,1.22,3121,1499,51.97,3.46,18.3
13087000AS0041,2.45,2.1,0.5,0.522,2.13,849,301,64.55,32.04,53.0
840870000C0307,2.25,1.65,0.531,0.555,1.56,1182,630,46.7,3.89,35.79
07317000AC0196,1.95,1.65,0.555,0.496,1.32,2745,1378,49.8,0.0,24.3
84003000BZ0118,2.0,1.35,0.525,0.542,2.42,3384,1026,69.68,44.09,58.66
263770000H0566,2.35,1.35,0.536,0.478,2.0,4933,1869,62.11,20.74,49.93
07264000AT0072,2.25,1.35,0.372,0.764,1.87,1862,774,58.43,45.6,46.56
07345000ZB0227,1.5,1.4,0.414,0.513,1.45,417,214,48.68,0.0,30.94
830680000D0330,2.35,2.15,0.593,0.365,2.29,1012,251,75.2,32.11,56.32
83123000AE0328,2.05,2.0,0.572,0.432,4.52,2521,317,87.43,70.92,77.87
070130000C0688,2.2,1.75,0.561,0.565,1.39,265,148,44.15,1.13,27.92
84041000AE0319,2.4,1.65,0.531,0.64,4.37,358,55,84.64,75.98,77.09
130910000C0054,2.4,2.1,0.608,0.394,1.52,15607,5400,65.4,12.12,34.41
84104000AB0218,2.1,1.4,0.436,0.659,1.49,2327,1262,45.77,17.71,33.05
84082000AB0006,2.4,1.45,0.487,0.451,2.73,972,276,71.6,37.04,63.37
840390000F1627,2.15,1.65,0.575,0.669,4.58,1479,208,85.94,78.97,78.16
072340000A0119,2.25,2.05,0.577,0.516,1.45,122,63,48.36,0.0,31.15
83104000BK0019,2.25,2.15,0.596,0.394,2.03,5156,1422,72.42,30.08,50.83
841330000F0071,2.35,1.35,0.495,0.433,8.66,3275,268,91.82,81.1,88.46
840720000H0698,2.25,1.65,0.411,0.785,1.54,411,205,50.12,36.5,35.04
840700000A0069,2.5,1.65,0.551,0.387,2.09,1276,432,66.14,12.54,52.19
13032000BX0279,2.4,1.95,0.587,0.443,1.82,419,145,65.39,21.96,45.11
830730000A1058,2.35,2.05,0.525,0.327,4.38,924,116,87.45,61.58,77.16
840670000D0322,2.3,1.65,0.558,0.533,2.64,1081,247,77.15,57.17,62.16
830330000E0142,2.4,2.15,0.601,0.437,1.49,1830,686,62.51,14.26,32.73
07042000AO0236,2.35,1.4,0.555,0.494,1.74,713,314,55.96,10.8,42.64
84012000AO0401,2.25,1.25,0.503,0.581,3.85,670,136,79.7,65.07,74.03
830350000B0048,1.95,1.8,0.555,0.526,1.26,2078,1107,46.73,0.0,20.74
13050000BY0048,2.2,2.05,0.595,0.481,3.49,1688,246,85.43,69.73,71.33
83148000BV0184,2.4,1.85,0.481,0.355,13.43,779,39,94.99,85.88,92.55
840390000G0429,2.3,1.6,0.554,0.518,2.41,1763,465,73.62,49.12,58.48
83097000AD0144,1.9,1.8,0.553,0.467,1.38,2129,1003,52.89,0.0,27.62
84036000AV0050,,,,,,,,,,
84082000BI0100,2.3,1.65,0.565,0.475,1.96,910,306,66.37,29.23,48.9
840160000A0126,2.4,1.6,0.558,0.553,2.91,748,168,77.54,59.36,65.64
841340000C0283,2.05,1.4,0.492,0.681,1.96,614,245,60.1,41.37,48.86
841330000G0092,2.2,1.25,0.356,0.735,2.33,977,328,66.43,54.35,57.11
841500000D0394,2.35,1.4,0.467,0.561,4.26,843,138,83.63,70.82,76.51
840490000E1044,2.25,1.65,0.451,0.789,2.82,2165,539,75.1,68.45,64.57
841170000A0006,2.15,1.4,0.534,0.556,1.33,1558,877,43.71,0.0,24.78
07070000AL0034,2.3,1.95,0.554,0.412,2.75,294,68,76.87,43.88,63.61
261820000A0418,2.35,1.4,0.533,0.515,1.66,702,336,52.14,6.98,39.74
84016000AA0053,2.0,1.5,0.553,0.535,1.4,464,252,45.69,0.0,28.66
840020000A0757,2.5,1.3,0.523,0.422,2.89,1016,281,72.34,34.45,65.35
84069000AV0176,2.2,1.6,0.51,0.556,3.41,1055,224,78.77,61.8,70.71
840160000A0592,2.4,1.65,0.584,0.557,2.26,553,146,73.6,52.62,55.7
841150000B0786,2.35,1.65,0.555,0.523,3.48,787,149,81.07,63.79,71.28
830850000B0418,2.3,2.0,0.588,0.509,2.59,541,117,78.37,57.49,61.37
831340000A0142,1.75,1.95,0.49,0.434,9.44,1227,89,92.75,83.29,89.41
84046000AE0029,1.2,0.85,0.197,0.5,346.06,5883,11,99.81,99.63,99.71
840390000D0332,2.35,1.65,0.539,0.481,1.58,299,140,53.18,2.68,36.79
841500000E0572,2.1,1.4,0.539,0.529,2.06,1248,440,64.74,33.41,51.44
26345000AP0063,2.4,1.2,0.391,0.573,5.86,299,43,85.62,74.92,82.94
84069000AB0116,2.25,1.2,0.285,0.333,67.06,1140,9,99.21,97.63,98.51
13079000BH0007,2.55,2.0,0.588,0.409,1.99,396,121,69.44,25.25,49.75
830920000D0794,2.0,1.9,0.58,0.482,1.48,650,312,52.0,0.46,32.31
841370000D0634,2.45,1.4,0.537,0.479,1.87,2493,975,60.89,18.41,46.65
83016000AH0350,2.4,2.15,0.586,0.334,2.02,7095,2005,71.74,15.38,50.57
13079000AK0002,1.95,1.9,0.578,0.45,1.31,7167,3240,54.79,0.0,23.55
840300000D0493,2.2,1.5,0.403,0.867,2.59,114,39,65.79,60.53,61.4
840300000E1060,2.25,1.65,0.55,0.586,2.28,694,215,69.02,47.12,56.2
841330000C0701,2.5,1.35,0.517,0.418,2.64,1093,319,70.81,30.1,62.12
13001000HV0091,2.5,1.9,0.532,0.432,2.36,504,139,72.42,36.11,57.54
830260000F1289,2.35,1.85,0.527,0.514,6.79,360,38,89.44,79.44,85.28
83071000DA0273,2.0,1.85,0.572,0.438,1.56,3847,1657,56.93,1.74,35.87
83086000AC0428,2.3,1.95,0.494,0.452,5.21,224,19,91.52,81.25,80.8
840290000D0652,,,,,,,,,,
84086000AE0277,,,,,,,,,,
840190000G0899,2.35,1.4,0.48,0.62,1.88,1134,457,59.7,35.01,46.83
841360000B0835,2.05,1.35,0.523,0.521,1.95,788,315,60.03,23.22,48.73
840200000C1167,2.5,1.3,0.354,0.802,3.44,767,166,78.36,73.01,70.93
830940000D0057,2.25,2.15,0.515,0.475,1.99,751,304,59.52,14.78,49.67
841000000A0445,2.25,1.25,0.517,0.509,3.03,2284,591,74.12,49.21,66.94
261880000C0602,,,,,,,,,,
830260000F0821,1.6,1.6,0.476,0.448,1.5,999,450,54.95,0.0,33.53
84039000AB0020,2.1,1.65,0.577,0.59,2.14,1392,420,69.83,48.85,53.3
263570000E0137,2.0,1.4,0.537,0.543,1.64,1250,566,54.72,16.64,39.2
840960000D0335,2.05,1.4,0.544,0.555,1.51,4049,1933,52.26,14.05,33.81
840720000C0360,2.05,1.65,0.577,0.576,1.26,2045,1121,45.18,4.84,20.54
83047000BT0024,2.05,1.7,0.565,0.45,1.49,4308,1960,54.5,0.0,32.99
840490000D0456,2.15,1.65,0.559,0.498,1.82,2612,963,63.13,25.92,45.18
841430000I0192,2.1,1.65,0.536,0.598,5.34,1009,113,88.8,81.27,81.27
831080000D0491,2.55,1.9,0.595,0.451,1.38,440,196,55.45,1.14,27.73
263570000N0081,2.2,1.4,0.522,0.557,4.07,2338,392,83.23,69.89,75.45
830670000D3706,2.5,2.05,0.527,0.483,1.59,1169,556,52.44,1.45,36.95
07168000AK0088,2.45,1.65,0.468,0.5,2.52,2208,711,67.8,35.6,60.28
840300000C0770,2.2,1.65,0.379,0.6,1.46,371,219,40.97,1.62,31.54
07174000AB0187,2.3,1.4,0.399,0.636,1.32,1619,1018,37.12,1.11,24.21
130590000G1299,2.05,2.15,0.583,0.427,4.07,2109,304,85.59,66.24,75.44
13110000CL0194,2.5,1.95,0.491,0.599,1.33,4336,2585,40.38,0.55,24.68
07324000AY0330,2.05,0.9,0.459,0.543,1.84,2918,1657,43.21,0.0,45.68
840710000B0181,2.35,1.35,0.398,0.651,1.69,1626,811,50.12,23.43,40.84
840960000F0318,2.0,1.4,0.374,0.69,2.77,277,80,71.12,58.12,63.9
840300000E0777,2.2,1.45,0.526,0.586,3.27,648,143,77.93,62.35,69.44
840160000L1132,2.2,1.65,0.365,0.731,1.56,290,163,43.79,23.1,35.86
84122000AD0122,2.3,1.35,0.534,0.522,2.18,887,314,64.6,32.13,54.23
13050000BE0002,2.4,2.0,0.568,0.38,5.01,2962,310,89.53,72.45,80.05
841500000H0419,2.25,1.4,0.543,0.516,2.66,7112,1865,73.78,49.23,62.36
84055000AE0085,2.1,1.1,0.286,0.707,1.23,966,679,29.71,0.62,18.94
840190000G0821,2.45,1.4,0.531,0.445,2.09,2357,770,67.33,26.6,52.23
830790000A0259,2.4,1.95,0.567,0.4,2.85,97,26,73.2,32.99,64.95
073080000F0028,2.5,1.05,0.35,0.546,1.68,2989,1670,44.13,0.0,40.45
84082000AL0085,2.55,1.65,0.533,0.577,1.94,1632,564,65.44,40.13,48.53
073080000C0628,1.8,1.3,0.502,0.551,1.32,370,216,41.62,0.0,24.32
072450000D0287,2.4,2.1,0.572,0.455,1.62,78,35,55.13,1.28,38.46
263570000L0161,2.3,1.2,0.474,0.476,3.84,307,70,77.2,52.12,73.94
26179000ZM0190,,,,,,,,,,
840560000A0526,2.15,1.4,0.372,0.786,3.95,2052,385,81.24,76.12,74.66
84104000AD0089,,,,,,,,,,
26179000ZM0504,2.0,1.8,0.566,0.446,1.56,826,369,55.33,0.0,36.08
84106000AP0063,2.25,1.4,0.457,0.689,1.62,5302,2473,53.36,32.33,38.42
840520000C0155,2.5,1.35,0.435,0.647,2.1,2255,789,65.01,45.94,52.28
830830000B0281,2.45,1.85,0.474,0.391,13.44,726,34,95.32,88.02,92.56
13032000BS0079,2.1,1.7,0.566,0.468,1.47,1352,641,52.59,0.0,31.88
830730000D0690,2.3,2.0,0.541,0.39,5.65,1339,124,90.74,76.25,82.3
83098000AA0037,2.5,1.7,0.453,0.333,10.38,986,58,94.12,82.35,90.37
070700000B0258,2.35,2.1,0.554,0.398,4.23,241,33,86.31,65.56,76.35
841170000C1001,,,,,,,,,,
840420000E1124,2.6,1.35,0.526,0.44,2.71,4179,1166,72.1,36.61,63.05
830940000G0439,2.25,2.05,0.533,0.43,7.87,1110,74,93.33,84.5,87.3
073430000B0116,2.05,1.45,0.544,0.558,3.07,209,58,72.25,50.24,67.46
830970000D1054,2.5,1.95,0.472,0.695,3.09,1507,371,75.38,64.57,67.62
263570000O0114,1.95,1.4,0.528,0.607,2.48,208,65,68.75,48.56,59.62
831110000A0128,2.35,1.95,0.411,0.56,15.44,417,14,96.64,94.0,93.53
840390000G1960,2.5,1.65,0.577,0.508,1.56,5964,2372,60.23,21.71,35.73
841380000E0122,2.2,1.4,0.503,0.457,6.32,6449,687,89.35,76.69,84.18
13035000BC0030,,,,,,,,,,
840170000G0953,2.25,1.45,0.458,0.393,13.55,1802,88,95.12,87.57,92.62
831250000C0023,2.45,1.8,0.438,0.699,1.24,164,116,29.27,0.0,19.51
84018000AI0028,2.5,1.6,0.434,0.365,7.39,170,19,88.82,69.41,86.47
830190000G0591,2.5,1.95,0.5,0.503,1.53,11465,5798,49.43,0.0,34.64
830770000E0259,2.4,2.15,0.594,0.377,1.75,1676,538,67.9,14.92,42.84
26377000ZC0059,2.5,1.35,0.408,0.704,6.5,1678,183,89.09,84.51,84.62
84028000AC0129,2.45,1.4,0.538,0.482,2.33,780,263,66.28,30.0,57.05
830940000A1060,2.2,2.1,0.605,0.426,1.42,885,374,57.74,0.9,29.72
26054000AB0310,1.9,1.35,0.521,0.517,1.48,3021,1559,48.39,0.1,32.51
840870000L0735,2.45,1.45,0.496,0.396,5.35,883,122,86.18,65.12,81.31
263570000V0034,2.5,1.4,0.531,0.481,1.76,1291,547,57.63,11.85,43.3
830040000B1584,2.1,2.05,0.59,0.457,1.71,574,190,66.9,27.53,41.64
841380000B0099,1.6,1.35,0.436,0.478,1.49,7345,3490,52.48,0.59,32.91
072590000B0534,2.25,1.4,0.349,0.681,1.52,842,481,42.87,16.15,34.2
841150000B0555,2.0,1.4,0.535,0.485,1.6,1668,818,50.96,0.0,37.41
840390000H2170,2.05,1.65,0.511,0.579,2.93,3543,789,77.73,61.56,65.82
841130000B0282,2.05,1.35,0.524,0.469,1.79,506,235,53.56,0.99,44.27
071330000A0269,2.5,1.65,0.566,0.437,1.53,2409,1046,56.58,0.71,34.66
84082000AL0199,2.05,1.6,0.582,0.698,2.39,258,81,68.6,55.04,58.14
07308000ZA0022,1.7,1.4,0.474,0.564,1.33,454,256,43.61,0.0,24.67
840970000D0298,1.85,1.15,0.403,0.701,18.03,1208,54,95.53,93.63,94.45
841360000A1067,2.2,1.35,0.361,0.76,2.22,981,327,66.67,56.17,54.94
13087000AY0220,2.5,2.1,0.536,0.612,1.44,824,425,48.42,15.66,30.46
13079000AS0005,2.5,2.1,0.551,0.392,14.01,4007,149,96.28,90.52,92.86
830570000F0538,2.15,2.0,0.617,0.501,1.9,4740,1358,71.35,42.83,47.3
830560000C0337,,,,,,,,,,
830180000C0013,2.5,2.05,0.445,0.604,2.31,464,165,64.44,41.16,56.68
841380000F0078,2.1,1.4,0.534,0.577,4.79,1139,180,84.2,72.61,79.1
840250000C0392,2.4,1.65,0.561,0.48,2.03,863,267,69.06,35.57,50.64
261560000C0384,2.1,2.15,0.587,0.412,1.56,377,152,59.68,2.12,35.81
840170000C1324,2.15,1.4,0.538,0.553,1.91,403,161,60.05,27.79,47.64
84122000AE0042,2.35,1.35,0.544,0.495,1.94,1631,661,59.47,18.09,48.56
840370000F0118,2.1,1.5,0.536,0.517,1.45,944,503,46.72,0.0,30.93
840220000C0312,1.95,1.4,0.487,0.528,5.6,1988,239,87.98,77.21,82.14
26220000AH0304,2.45,1.4,0.525,0.487,4.0,3791,661,82.56,64.18,75.02
83016000AH0438,2.25,2.0,0.574,0.398,1.66,2455,965,60.69,1.34,39.92
83101000AZ0016,1.95,1.9,0.561,0.408,1.63,1962,805,58.97,0.0,38.53
840020000B0456,2.5,1.15,0.325,0.777,2.55,723,209,71.09,62.79,60.72
840440000B0895,2.25,1.65,0.525,0.549,2.66,2962,722,75.62,55.57,62.42
830320000E0200,2.4,2.15,0.566,0.378,2.85,154,42,72.73,27.92,64.94
830450000E0140,,,,,,,,,,
840680000A0312,2.0,1.35,0.522,0.531,3.21,5550,1272,77.08,56.83,68.81
840720000C0199,2.15,1.65,0.565,0.517,1.58,888,365,58.9,20.5,36.82
830160000B0020,1.8,1.8,0.521,0.437,1.49,4028,1761,56.28,0.0,32.87
840470000A0367,2.0,1.65,0.55,0.502,3.9,5813,963,83.43,67.0,74.38
26345000AY0164,2.0,1.4,0.53,0.525,1.68,10809,4324,60.0,23.83,40.42
840170000D1004,2.05,1.65,0.566,0.49,1.38,7062,3385,52.07,2.12,27.66
841260000F1065,2.05,1.35,0.515,0.591,9.23,4827,348,92.79,87.8,89.17
84137000AH0661,2.3,1.4,0.482,0.705,1.62,2721,1289,52.63,32.82,38.37
830280000L0227,2.25,2.1,0.512,0.314,8.93,1330,92,93.08,77.97,88.8
83097000AD0101,2.0,1.8,0.575,0.467,1.35,4434,2055,53.65,0.79,25.91
840510000D0274,2.1,1.35,0.489,0.5,15.48,4674,204,95.64,91.27,93.54
840770000C0411,2.0,1.3,0.528,0.537,1.6,406,220,45.81,0.0,37.68
13050000BW0005,2.5,2.0,0.599,0.433,1.92,772,228,70.47,31.74,47.93
840140000E0198,2.5,1.35,0.498,0.451,2.05,623,266,57.3,5.3,51.2
830680000D0560,2.0,1.9,0.598,0.469,1.44,599,284,52.59,0.0,30.72
07245000AA0022,1.45,1.35,0.423,0.557,1.35,575,330,42.61,0.0,26.09
84104000AL0481,2.15,1.4,0.511,0.583,2.41,1097,345,68.55,46.03,58.43
840400000A0112,2.45,1.65,0.556,0.521,2.88,484,113,76.65,55.17,65.29
841370000A0211,2.15,1.4,0.478,0.694,1.78,1039,476,54.19,33.97,43.7
261800000C0097,2.4,1.2,0.479,0.546,8.95,1737,148,91.48,84.4,88.83
070890000C0068,1.9,1.4,0.502,0.493,1.51,786,388,50.64,0.0,33.97
841500000E0552,2.15,1.4,0.524,0.525,1.78,2232,944,57.71,19.4,43.77
840020000D0170,2.5,1.35,0.513,0.453,1.76,9268,4054,56.26,3.37,43.12
84138000BP0012,2.5,1.4,0.544,0.482,1.73,608,280,53.95,4.44,42.27
841060000C1721,2.15,1.4,0.548,0.52,1.53,3234,1560,51.76,7.2,34.72
840370000C0578,2.3,1.6,0.404,0.67,1.64,223,132,40.81,11.66,39.01
840720000A0275,2.15,1.65,0.508,0.424,5.31,1456,175,87.98,71.63,81.18
840870000F0122,2.2,1.3,0.315,0.715,1.27,1136,774,31.87,4.75,21.3
840870000L1000,1.95,1.65,0.506,0.651,3.41,420,95,77.38,65.24,70.71
072590000B0581,2.15,1.4,0.535,0.624,2.88,998,229,77.05,63.23,65.23
830670000D0464,2.25,1.55,0.442,0.393,25.97,1844,46,97.51,93.66,96.15
26054000AN0040,2.3,1.35,0.475,0.519,4.32,505,84,83.37,67.92,76.83
84149000AO0007,2.0,1.4,0.539,0.55,1.8,2746,1100,59.94,27.2,44.39
840390000F0878,2.0,1.6,0.446,0.715,3.0,1648,386,76.58,67.23,66.63
26345000AO0165,2.25,1.4,0.501,0.567,2.18,884,308,65.16,38.57,54.07
840390000H0050,,,,,,,,,,
26377000AY0169,1.25,1.05,0.303,0.548,45.36,3946,57,98.56,97.36,97.8
841150000C0285,2.4,1.65,0.569,0.481,2.28,785,240,69.43,36.43,56.18
840890000C0120,2.45,1.35,0.484,0.513,2.15,1444,543,62.4,26.73,53.39
072590000B0489,2.15,1.4,0.541,0.57,2.73,556,162,70.86,48.92,63.31
840390000F0954,2.0,1.65,0.569,0.654,1.82,291,106,63.57,44.33,45.02
13050000AX0110,,,,,,,,,,
26054000AL0075,2.2,1.4,0.409,0.524,17.41,1584,55,96.53,93.37,94.26
841460000D0429,2.4,1.4,0.424,0.689,2.74,375,113,69.87,56.27,63.47
26377000AH0178,2.4,1.35,0.499,0.375,3.14,13257,3142,76.3,36.8,68.11
84118000AS0239,2.6,1.6,0.56,0.447,2.09,857,268,68.73,30.11,52.04
830310000H0294,2.15,1.95,0.58,0.556,5.75,2365,218,90.78,83.42,82.62
263570000D0226,2.5,1.4,0.548,0.452,1.66,783,354,54.79,0.0,39.72
830320000E1817,1.75,1.55,0.339,0.318,58.92,2180,21,99.04,96.97,98.3
840560000F0693,2.6,1.4,0.517,0.533,3.75,439,81,81.55,65.38,73.35
071130000B0177,2.0,1.6,0.488,0.478,13.13,1339,66,95.07,89.69,92.38
840870000K0827,2.4,1.65,0.567,0.455,1.62,1649,650,60.58,13.34,38.14
840170000H0486,2.3,1.6,0.486,0.477,7.42,824,72,91.26,81.67,86.53
841450000J0064,2.55,1.65,0.511,0.575,1.45,506,269,46.84,7.51,31.03
261820000G0198,2.4,1.4,0.518,0.467,2.18,835,291,65.15,25.39,54.13
830720000B0681,2.4,1.95,0.618,0.505,2.08,300,101,66.33,33.33,52.0
840830000B0059,2.15,1.15,0.449,0.577,2.66,125,45,64.0,37.6,62.4
841500000A0308,2.25,1.35,0.518,0.513,5.1,4053,575,85.81,72.37,80.38
830670000C0458,2.05,1.95,0.565,0.368,2.04,257,91,64.59,3.89,50.97
26345000AV0147,2.3,1.4,0.537,0.505,1.53,1997,961,51.88,4.71,34.7
831400000B1102,1.3,1.15,0.358,0.498,1.46,802,402,49.88,0.0,31.3
830310000F0651,2.45,2.0,0.46,0.736,16.02,1874,81,95.68,94.13,93.76
840420000D0395,2.4,1.35,0.501,0.504,3.28,3234,714,77.92,56.15,69.54
840370000C0723,1.9,1.6,0.435,0.806,1.36,246,133,45.93,32.93,26.42
830350000A2653,1.95,2.0,0.609,0.571,1.4,529,245,53.69,18.9,28.36
26054000AN0106,,,,,,,,,,
841370000D0201,2.35,1.65,0.437,0.632,1.87,2042,887,56.56,31.24,46.43
261800000C0256,2.55,1.4,0.529,0.504,2.34,1549,492,68.24,36.99,57.2
840780000E1113,2.2,1.25,0.4,0.465,16.82,673,33,95.1,89.45,94.06
84028000AS0039,2.35,1.4,0.528,0.552,5.23,5433,692,87.26,76.94,80.88
262750000L1610,2.0,1.4,0.537,0.513,1.55,359,182,49.3,1.11,35.65
84039000AB0016,1.9,1.65,0.417,0.747,4.03,1502,248,83.49,77.9,75.17
84104000AO0347,,,,,,,,,,
840370000H0037,2.2,1.65,0.563,0.465,1.77,1782,631,64.59,23.85,43.43
841360000A0805,2.3,1.35,0.511,0.509,5.35,861,114,86.76,73.98,81.3
840390000G0218,2.3,1.65,0.57,0.479,1.83,1659,583,64.86,26.58,45.45
07056000AB0183,2.0,2.1,0.444,0.474,1.72,1112,530,52.34,0.0,41.82
840390000A0161,2.35,1.3,0.362,0.394,40.7,814,13,98.4,95.95,97.54
831000000D0864,2.2,1.95,0.56,0.424,4.69,554,86,84.48,63.36,78.7
830350000A0597,1.8,2.1,0.499,0.411,6.58,901,102,88.68,72.48,84.79
13050000AW0064,2.3,1.95,0.535,0.538,4.24,352,50,85.8,73.58,76.42
262750000C0332,,,,,,,,,,
841500000E0333,2.45,1.4,0.465,0.666,1.4,2900,1712,40.97,11.34,28.55
830320000A0251,2.5,1.9,0.564,0.543,5.03,820,102,87.56,77.07,80.12
83097000AE0124,2.05,1.75,0.565,0.431,1.54,2630,1134,56.88,0.0,35.02
830320000B0191,2.5,2.05,0.599,0.484,2.32,1199,264,77.98,54.46,56.88
840390000F1118,2.05,1.5,0.546,0.557,1.45,305,160,47.54,5.9,30.82
83068000CX0073,2.25,2.0,0.551,0.45,1.84,285,113,60.35,11.93,45.61
830830000C1113,1.35,1.6,0.447,0.516,1.47,721,369,48.82,0.83,31.76
830570000F0258,2.5,2.0,0.611,0.49,2.4,798,180,77.44,54.01,58.27
830350000E2009,2.2,1.6,0.421,0.669,1.3,531,349,34.27,1.69,23.35
83097000AK0172,2.5,2.05,0.541,0.716,2.1,914,303,66.85,53.72,52.41
83086000AB0007,2.45,1.95,0.6,0.446,2.1,648,178,72.53,38.43,52.31
84104000AH0576,,,,,,,,,,
84053000ZH0076,2.5,1.4,0.526,0.462,6.44,16667,1623,90.26,78.94,84.48
841060000B0049,2.0,1.4,0.435,0.716,1.56,1965,1005,48.85,28.6,35.83
830940000F1277,2.0,2.0,0.574,0.437,2.61,961,255,73.47,39.23,61.71
840290000B1464,2.1,1.4,0.52,0.482,4.17,804,163,79.73,57.96,76.0
840490000A0131,,,,,,,,,,
84122000AV0030,2.25,1.35,0.522,0.543,2.82,888,235,73.54,51.24,64.53
830490000D2028,2.0,2.0,0.583,0.407,1.54,3096,1255,59.46,0.42,35.24
841220000B1203,2.25,1.35,0.526,0.544,4.88,7480,1065,85.76,73.84,79.52
072590000B0823,2.25,1.4,0.402,0.622,1.77,498,253,49.2,18.27,43.57
840560000A0090,2.0,1.35,0.54,0.536,1.49,1565,826,47.22,1.53,32.97
830490000E1047,2.45,2.1,0.585,0.372,1.87,1553,540,65.23,6.5,46.49
07345000ZB0338,1.95,1.8,0.545,0.514,1.46,697,354,49.21,1.15,31.28
841260000E0766,2.15,1.4,0.466,0.525,4.25,760,127,83.29,68.16,76.45
840490000A0999,,,,,,,,,,
830270000E0138,2.15,2.0,0.543,0.47,1.6,4560,1929,57.7,10.07,37.52
831250000E0360,,,,,,,,,,
841330000C0988,2.35,1.35,0.532,0.495,3.57,1807,375,79.25,58.05,72.0
84081000AV0033,2.0,1.4,0.357,0.663,1.54,937,520,44.5,16.33,35.11
84036000BA0010,2.15,1.15,0.349,0.514,11.3,260,19,92.69,85.77,91.15
841500000H0852,2.25,1.4,0.367,0.784,1.59,389,185,52.44,39.33,37.28
840440000C0571,2.5,1.65,0.551,0.458,2.75,2044,495,75.78,47.11,63.65
830280000E0565,2.4,1.95,0.601,0.498,2.9,2642,529,79.98,59.8,65.52
830730000A0522,2.4,2.0,0.602,0.503,1.45,464,228,50.86,2.37,30.82
073280000D0481,2.3,1.45,0.351,0.738,1.26,1525,1049,31.21,6.82,20.79
830880000B0194,2.0,1.95,0.59,0.439,1.34,430,202,53.02,0.0,25.35
840170000E0980,,,,,,,,,,
84102000AM0233,2.35,1.6,0.521,0.54,8.64,2670,201,92.47,86.07,88.43
84104000AH0161,2.2,1.4,0.458,0.727,2.43,1670,519,68.92,57.25,58.8
841220000A0172,2.4,1.35,0.53,0.527,3.95,5068,921,81.83,65.55,74.66
840520000A0705,2.5,1.15,0.478,0.552,2.34,1090,393,63.94,34.68,57.34
83112000DY0031,1.95,1.35,0.511,0.517,1.55,333,180,45.95,0.0,35.44
830570000D0048,2.25,2.05,0.596,0.489,3.41,1857,281,84.87,69.04,70.71
841110000B0119,2.15,1.3,0.476,0.569,10.77,3187,207,93.5,88.58,90.71
831000000C0863,2.25,1.65,0.412,0.566,1.51,506,284,43.87,0.79,33.6
07279000AR0160,2.25,1.6,0.577,0.6,3.03,619,141,77.22,62.04,67.04
83116000AX0043,2.0,1.9,0.587,0.437,1.37,4080,1789,56.15,0.0,27.18
84102000AM0246,2.4,1.65,0.572,0.493,1.87,1923,638,66.82,32.66,46.54
831080000F0417,2.0,1.9,0.583,0.469,1.32,1965,918,53.28,0.41,24.17
840510000G0553,1.95,1.3,0.384,0.644,16.67,750,29,96.13,94.0,94.0
070130000C0748,1.85,1.35,0.483,0.465,1.58,3047,1449,52.45,0.0,36.59
130510000E0106,2.5,1.95,0.581,0.561,1.42,273,147,46.15,4.03,29.67
84104000AB0088,2.2,1.35,0.533,0.556,2.66,1934,559,71.1,48.04,62.36
840770000B0642,2.45,1.45,0.41,0.397,9.12,292,27,90.75,76.71,89.04
263480000D0024,2.35,1.4,0.389,0.691,1.55,667,355,46.78,22.94,35.38
07042000AI0273,2.3,1.4,0.356,0.742,1.38,3423,2000,41.57,21.3,27.52
841460000A0773,2.45,1.2,0.507,0.513,1.78,222,115,48.2,0.0,43.69
840590000A0638,2.5,1.25,0.48,0.384,3.59,1006,238,76.34,38.37,72.17
831060000C0337,2.45,2.15,0.574,0.579,1.52,778,369,52.57,18.12,34.06
831250000D0147,2.05,2.05,0.595,0.452,1.31,1777,796,55.21,0.96,23.8
831350000E0366,2.3,1.95,0.553,0.479,3.78,492,67,86.38,71.54,73.58
841330000G0529,2.25,1.35,0.534,0.533,2.95,2102,513,75.59,54.19,66.13
84072000BH0053,2.0,1.65,0.537,0.477,1.87,4713,1655,64.88,26.31,46.42
840490000A0080,2.35,1.65,0.507,0.384,4.94,1062,147,86.16,63.94,79.76
83097000AK0075,2.05,1.75,0.552,0.467,1.48,207,100,51.69,0.0,32.37
841460000B0743,2.5,1.4,0.497,0.439,4.84,1075,157,85.4,66.7,79.35
841360000A0332,2.25,1.3,0.39,0.632,16.2,1636,67,95.9,93.52,93.83
840390000F1135,2.1,1.65,0.571,0.547,3.03,2081,430,79.34,62.23,66.99
84082000AR0356,2.35,1.65,0.489,0.583,3.48,3990,905,77.32,61.13,71.23
830490000D2688,2.5,2.0,0.623,0.487,1.55,431,172,60.09,18.1,35.5
84082000AM0070,2.1,1.65,0.548,0.557,1.8,1419,474,66.6,40.03,44.33
840390000F0990,2.0,1.6,0.54,0.524,4.31,2399,371,84.54,70.49,76.82
840490000E0120,1.85,1.65,0.449,0.62,9.35,505,31,93.86,90.1,89.31
263480000D0307,2.35,1.4,0.534,0.469,3.61,3668,755,79.42,56.08,72.3
831080000E0177,2.3,2.1,0.611,0.438,1.4,959,400,58.29,4.8,28.47
84053000ZK0070,2.5,1.4,0.352,0.772,1.48,1510,841,44.3,27.81,32.25
26250000ZE0053,2.6,2.05,0.607,0.416,1.87,1027,307,70.11,28.14,46.54
831000000E1643,2.0,1.5,0.554,0.516,1.42,3202,1645,48.63,0.41,29.7
841460000B0054,2.1,1.4,0.5,0.547,7.98,1133,99,91.26,84.02,87.47
261800000B0337,1.8,1.3,0.409,0.523,8.08,638,58,90.91,82.6,87.62
070130000B0928,2.1,2.1,0.603,0.417,1.64,1363,542,60.23,4.62,38.96
83063000AR0284,2.1,2.05,0.59,0.43,3.04,4502,856,80.99,55.8,67.1
840200000B0873,2.4,1.35,0.467,0.429,7.23,1026,96,90.64,78.17,86.16
830190000D0208,2.4,2.0,0.584,0.348,1.89,162992,53931,66.91,4.86,47.09
83123000AD0151,2.1,2.0,0.597,0.573,1.85,1695,575,66.08,40.83,45.84
84056000AO0071,2.15,1.4,0.537,0.533,1.82,1501,638,57.5,20.32,45.04
07168000AI0260,2.2,1.65,0.503,0.591,1.69,528,249,52.84,20.27,40.91
841060000E1146,2.05,1.4,0.552,0.556,1.38,1038,572,44.89,0.96,27.65
841160000D0234,2.0,1.4,0.513,0.651,3.45,511,121,76.32,63.6,71.04
84012000AP0155,2.05,1.25,0.332,0.794,4.41,1743,281,83.88,79.69,77.34
840370000B0141,2.5,1.65,0.586,0.495,1.5,418,187,55.26,9.57,33.25
070700000A0273,1.9,1.6,0.514,0.51,1.55,702,346,50.71,3.28,35.33
84086000AI0208,2.35,1.35,0.506,0.514,6.13,2110,246,88.34,77.3,83.7
840720000I0514,2.35,1.65,0.565,0.492,2.36,1942,505,74.0,47.12,57.67
840300000E1197,2.05,1.65,0.554,0.524,1.47,1518,735,51.58,7.58,32.08
13001000MV0036,2.5,2.15,0.602,0.362,1.47,5347,1885,64.75,2.71,31.83
84056000AA0054,,,,,,,,,,
840120000A0366,2.1,1.25,0.524,0.546,2.42,1228,412,66.45,38.52,58.63
840370000E0514,2.5,1.45,0.417,0.637,1.46,2878,1586,44.89,13.45,31.27
840390000G0146,2.25,1.65,0.589,0.541,1.42,197,106,46.19,0.51,29.44
830210000D0140,,,,,,,,,,
830350000A1253,,,,,,,,,,
830490000D0817,2.05,1.9,0.512,0.432,16.51,2212,83,96.25,91.32,93.94
830990000B2138,2.4,1.95,0.557,0.361,3.75,2151,357,83.4,53.97,73.31
263570000E0146,2.25,1.4,0.533,0.496,1.81,3690,1483,59.81,18.97,44.88
261800000C1470,2.45,1.4,0.396,0.684,1.66,2300,1115,51.52,29.17,39.87
07168000AE0119,2.35,1.65,0.554,0.394,2.07,5145,1681,67.33,17.1,51.76
830260000B0109,2.4,1.85,0.426,0.249,10.64,1000,55,94.5,77.9,90.6
83101000AR0345,,,,,,,,,,
841210000B0171,2.5,1.35,0.379,0.588,2.95,6515,1814,72.16,52.65,66.12
840950000B0175,2.5,1.3,0.353,0.78,2.92,257,71,72.37,64.59,65.76
830120000G0082,1.95,1.95,0.524,0.36,4.66,5228,794,84.81,57.79,78.54
830420000C0520,2.05,1.8,0.571,0.437,1.53,2058,892,56.66,0.73,34.65
830350000A0997,2.35,2.0,0.609,0.522,1.63,849,375,55.83,15.31,38.75
840370000C0010,2.1,1.45,0.506,0.596,2.0,451,159,64.75,40.8,49.89
13118000AK0149,2.45,2.15,0.597,0.402,2.35,4095,910,77.78,44.79,57.36
841360000B0536,2.5,1.35,0.512,0.461,4.36,2289,357,84.4,66.14,77.06
840120000A0333,2.1,1.25,0.449,0.523,2.4,3633,1202,66.91,36.75,58.3
841500000B0560,2.3,1.4,0.352,0.69,1.27,243,165,32.1,1.65,20.99
070700000B0461,1.6,1.55,0.337,0.523,10.57,423,23,94.56,89.6,90.54
830940000A0942,2.05,2.15,0.599,0.482,1.37,517,243,53.0,2.51,26.89
840520000A0177,2.5,1.35,0.526,0.449,3.23,4414,1010,77.12,49.05,69.05
841300000B0336,2.35,1.05,0.484,0.521,2.7,1100,375,65.91,34.55,63.0
841380000F0885,2.4,1.4,0.392,0.726,3.55,3856,767,80.11,72.59,71.81
261800000B0378,2.25,1.2,0.42,0.467,41.41,2899,49,98.31,96.38,97.59
262330000B0678,2.5,1.4,0.522,0.436,1.96,3350,1301,61.16,10.84,48.96
261820000F0596,2.4,1.3,0.489,0.561,1.45,1972,1105,43.97,0.1,31.09
84031000AE0185,2.45,1.65,0.556,0.419,2.18,3676,1124,69.42,26.99,54.11
84012000AI0152,2.15,1.2,0.36,0.853,10.05,784,58,92.6,91.33,90.05
840560000A0320,2.5,1.4,0.517,0.468,2.04,1882,703,62.65,20.14,50.9
83136000AZ0042,2.4,1.95,0.495,0.28,3.96,428,72,83.18,39.95,74.77
073430000A0187,2.5,1.45,0.53,0.445,2.08,581,210,63.86,18.76,51.81
831400000B0498,2.45,1.8,0.523,0.483,9.54,1269,69,94.56,88.73,89.52
84024000AM0158,2.5,1.35,0.521,0.431,2.88,1185,326,72.49,36.2,65.23
840520000A0543,2.45,1.35,0.487,0.607,2.07,990,376,62.02,37.47,51.62
840190000C0325,2.4,1.4,0.549,0.524,2.68,4858,1275,73.75,49.92,62.72
840960000C0400,2.0,0.85,0.24,0.917,51.83,2125,33,98.45,98.31,98.07
840300000D1660,2.1,1.65,0.542,0.562,1.52,285,146,48.77,8.77,34.39
841150000A0083,2.3,1.65,0.514,0.543,1.83,1890,763,59.63,25.61,45.34
830650000A0843,2.0,2.05,0.592,0.46,1.37,1232,584,52.6,0.0,27.03
831000000D0097,2.05,2.05,0.61,0.478,1.22,4365,2075,52.46,0.55,17.82
26317000AL0307,2.25,1.4,0.53,0.467,1.69,666,311,53.3,0.0,40.99
830040000G0735,2.4,1.1,0.37,0.62,1.41,4765,2906,39.01,1.68,29.02
840290000C0758,2.65,1.4,0.525,0.416,3.12,1235,276,77.65,46.32,67.94
840720000F0562,2.35,1.65,0.566,0.534,3.78,1347,222,83.52,69.12,73.57
13079000AT0019,2.1,2.05,0.615,0.491,1.59,3259,1111,65.91,30.59,37.16
841330000A0227,2.45,1.35,0.532,0.504,2.34,3025,903,70.15,40.76,57.36
830040000A0972,2.4,1.95,0.561,0.318,3.11,4873,1051,78.43,32.24,67.84
262750000M0200,2.6,1.4,0.517,0.466,4.86,1904,282,85.19,68.22,79.41
071690000D0081,1.95,1.75,0.562,0.49,1.3,1429,708,50.45,0.0,23.3
840090000G0115,2.5,1.15,0.352,0.721,2.76,1574,430,72.68,62.13,63.72
83136000AY0231,2.4,2.15,0.559,0.603,3.51,951,187,80.34,67.4,71.5
07056000AD0412,1.95,1.9,0.6,0.556,1.21,741,417,43.72,0.0,17.27
263570000P0374,2.2,1.4,0.442,0.757,1.65,2596,1221,52.97,37.9,39.37
83112000CV0008,2.0,2.0,0.595,0.48,1.42,2019,953,52.8,1.68,29.82
83071000BL0024,2.15,2.15,0.595,0.387,1.72,9876,3409,65.48,10.83,41.81
841060000B0105,2.15,1.4,0.447,0.806,3.46,1359,283,79.18,74.17,71.08
84106000AA0074,1.7,1.2,0.383,0.518,9.88,1343,100,92.55,85.63,89.87
831350000H0388,,,,,,,,,,
263480000D1035,1.35,0.95,0.303,0.533,129.13,9039,40,99.56,99.17,99.23
072910000B0610,2.2,1.65,0.567,0.487,1.48,312,148,52.56,2.56,32.37
841330000C0010,2.2,1.35,0.526,0.507,2.39,3837,1184,69.14,39.17,58.09
841260000F2063,2.4,1.4,0.511,0.365,2.21,1790,640,64.25,2.07,54.75
84031000AB0196,2.2,1.65,0.427,0.687,2.27,1355,465,65.68,50.04,55.87
831480000I0161,2.05,2.0,0.574,0.412,2.53,233,63,72.96,34.33,60.52
840720000I0496,2.4,1.65,0.577,0.491,2.09,1252,378,69.81,38.5,52.08
26345000AK0383,2.05,1.4,0.544,0.608,2.47,1498,417,72.16,54.21,59.48
841220000H0532,2.1,1.35,0.518,0.569,2.88,1977,490,75.21,56.45,65.3
26348000AL0026,2.4,1.35,0.335,0.797,2.7,521,145,72.17,65.07,62.96
830910000A0212,1.9,1.5,0.515,0.519,1.48,154,81,47.4,0.0,32.47
26377000AW0102,2.2,1.35,0.52,0.503,1.88,7505,2997,60.07,20.53,46.68
840390000A0441,2.1,1.65,0.547,0.528,1.84,3571,1276,64.27,32.29,45.56
84082000AK0198,2.15,1.65,0.555,0.479,2.12,16471,4989,69.71,36.74,52.92
84058000AL0169,2.15,1.35,0.524,0.552,3.45,1424,303,78.72,61.45,71.0
841360000B0206,2.25,1.15,0.322,0.852,7.19,3055,310,89.85,88.09,86.09
83136000AM0153,2.1,1.85,0.581,0.477,1.43,536,263,50.93,0.0,30.04
84137000BC0125,2.25,1.35,0.536,0.497,1.92,579,239,58.72,16.93,48.01
830330000A0518,2.4,1.8,0.454,0.465,1.81,851,388,54.41,1.88,44.65
840300000B0254,2.15,1.45,0.473,0.618,6.31,366,47,87.16,79.23,84.15
831430000D1913,2.1,2.15,0.556,0.435,5.12,2834,235,91.71,80.95,80.45
841380000F0221,2.4,1.4,0.435,0.735,3.49,991,202,79.62,72.25,71.34
840450000C0859,2.5,1.2,0.454,0.674,2.72,818,246,69.93,55.38,63.2
830280000E0601,2.4,2.0,0.545,0.575,1.39,11266,6378,43.39,1.6,28.17
830580000D0969,2.45,2.15,0.482,0.633,1.87,430,169,60.7,37.91,46.51
073120000B0723,1.5,1.6,0.457,0.54,1.36,1365,737,46.01,0.07,26.67
261800000A0242,2.55,1.4,0.527,0.485,2.37,758,244,67.81,33.64,57.78
13079000BH0014,2.5,1.35,0.341,0.669,1.29,680,453,33.38,0.44,22.21
830260000D0178,2.4,1.95,0.531,0.325,11.83,4436,210,95.27,85.44,91.55
84073000AN0485,,,,,,,,,,
841220000A0316,2.2,1.35,0.377,0.721,3.97,873,160,81.67,74.57,74.8
840960000D0532,2.15,1.4,0.513,0.597,2.83,4899,1252,74.44,57.2,64.69
84141000BA0061,2.5,1.4,0.515,0.515,2.52,419,123,70.64,42.96,60.38
840870000M0174,1.7,1.65,0.452,0.704,1.35,3704,2121,42.74,18.66,26.11
831430000A0058,2.35,2.05,0.597,0.429,3.69,7796,1048,86.56,68.64,72.88
840220000B0175,2.2,1.35,0.489,0.474,3.82,787,153,80.56,58.96,73.82
841330000G0101,2.2,1.35,0.513,0.443,2.91,8252,2046,75.21,43.98,65.68
073430000E1664,2.35,1.4,0.559,0.574,2.3,563,186,66.96,42.45,56.48
26054000AO0056,2.05,1.4,0.537,0.537,2.78,10704,2678,74.98,53.43,64.02
830350000C0754,2.05,1.75,0.571,0.483,1.45,351,170,51.57,0.0,31.05
831000000A1041,2.5,2.0,0.602,0.424,3.15,2673,509,80.96,55.07,68.28
840290000D0725,2.2,1.4,0.541,0.576,2.85,1290,310,75.97,58.29,64.96
840470000C2135,2.5,1.65,0.558,0.477,2.39,625,165,73.6,44.64,58.08
840720000E0301,2.6,1.5,0.566,0.461,1.64,1400,585,58.21,9.43,39.0
072450000C0147,1.2,1.05,0.35,0.607,1.14,1137,718,36.85,0.0,12.05
841380000C0030,2.4,1.4,0.525,0.494,1.87,1153,452,60.8,20.64,46.66
830830000C0661,2.5,1.6,0.364,0.476,13.16,250,10,96.0,91.6,92.4
840160000A2024,,,,,,,,,,
840690000F0250,2.2,1.5,0.384,0.341,99.58,4282,28,99.35,98.09,99.0
830330000A0079,2.05,2.0,0.49,0.417,2.03,61,25,59.02,1.64,50.82
830830000A0802,2.05,1.9,0.442,0.488,13.41,456,21,95.39,90.57,92.54
84102000BD0098,1.65,1.4,0.419,0.583,28.73,3304,60,98.18,96.88,96.52
130910000D0509,2.3,2.15,0.601,0.377,1.47,8192,3088,62.3,0.0,31.87
130480000B1299,2.05,2.0,0.602,0.44,1.34,11058,4765,56.91,2.07,25.62
841330000A0998,2.2,1.35,0.524,0.526,3.32,604,143,76.32,54.97,69.87
840910000D0459,2.25,1.3,0.322,0.717,1.13,949,711,25.08,0.0,11.7
84086000AH0107,2.05,1.35,0.517,0.525,3.49,7862,1601,79.64,61.22,71.36
84137000AH0257,1.3,1.15,0.315,0.687,35.02,2837,46,98.38,97.64,97.14
83116000AB0133,2.5,1.05,0.326,0.622,1.49,1009,611,39.44,2.58,32.9
840170000F1985,1.55,1.4,0.273,0.471,25.21,479,8,98.33,96.45,96.03
840940000C0146,2.65,1.35,0.548,0.485,2.4,274,94,65.69,29.2,58.39
263480000E0696,2.35,1.2,0.443,0.543,1.88,47,25,46.81,2.13,46.81
261800000C0353,2.25,1.4,0.543,0.52,1.9,1665,648,61.08,25.23,47.39
840940000B0319,2.4,1.4,0.536,0.526,2.24,2929,949,67.6,38.44,55.34
840940000F0504,1.15,0.95,0.267,0.621,98.05,7648,41,99.46,99.14,98.98
84118000AC0282,,,,,,,,,,
262850000D0395,2.35,1.35,0.519,0.517,1.95,821,325,60.41,23.39,48.72
072340000A0657,2.1,1.5,0.509,0.512,1.5,373,191,48.79,0.0,33.51
84028000AY0210,2.35,1.4,0.523,0.45,2.45,392,122,68.88,30.87,59.18
13050000BP0195,2.4,2.1,0.607,0.421,1.46,407,166,59.21,3.19,31.45
841260000E1502,2.6,1.4,0.503,0.376,2.81,2006,520,74.08,31.11,64.41
261880000C1128,,,,,,,,,,
830210000D0042,2.25,2.0,0.373,0.524,76.54,1990,11,99.45,98.94,98.69
840150000B0745,2.5,1.45,0.462,0.345,5.8,725,102,85.93,59.17,82.76
831000000D0434,2.0,2.0,0.602,0.511,1.16,4230,2136,49.5,1.23,13.74
840140000H0331,2.3,1.35,0.535,0.454,1.8,1805,816,54.79,0.5,44.49
841220000B0127,2.25,1.35,0.331,0.871,6.49,545,61,88.81,87.16,84.59
841380000M0068,2.1,1.4,0.539,0.522,1.57,4554,2182,52.09,8.28,36.14
841380000B0086,2.4,1.4,0.503,0.547,2.95,584,156,73.29,51.2,66.1
840300000A0043,2.4,1.65,0.515,0.38,2.62,1017,267,73.75,30.88,61.85
26317000AI0251,2.45,1.4,0.525,0.636,3.45,328,75,77.13,64.02,71.04
840120000B0154,2.3,1.25,0.511,0.495,1.76,822,383,53.41,5.96,43.31
830190000G0891,2.05,1.85,0.578,0.464,1.42,591,278,52.96,0.0,29.44
841330000G0677,2.45,1.35,0.516,0.437,2.71,1572,437,72.2,36.32,63.04
840830000B0007,2.45,1.4,0.55,0.465,1.85,939,383,59.21,12.35,45.9
263570000D0218,2.2,1.4,0.536,0.584,2.86,811,195,75.96,58.82,64.98
830910000D0054,2.15,2.15,0.618,0.441,1.43,1170,498,57.44,3.42,30.26
830790000A1010,1.95,1.7,0.549,0.465,1.4,4239,2004,52.72,0.0,28.69
070970000D0623,2.1,2.05,0.589,0.475,1.65,1417,569,59.84,15.46,39.38
830350000C0279,2.35,1.95,0.596,0.426,1.74,496,191,61.49,9.68,42.54
840680000E0015,2.35,1.15,0.414,0.734,3.8,1026,213,79.24,71.73,73.68
13001000MV0060,2.5,2.15,0.531,0.529,2.78,4169,1053,74.74,52.29,63.97
831400000D0205,2.35,1.85,0.448,0.648,6.76,554,57,89.71,84.12,85.2
84134000ZB0032,2.1,1.4,0.525,0.529,3.78,8279,1450,82.49,66.9,73.57
26345000AN0303,2.35,1.15,0.351,0.591,27.69,443,13,97.07,95.03,96.39
84118000AR0283,2.3,1.65,0.541,0.573,1.96,360,129,64.17,37.5,48.89
841360000A0521,2.15,1.15,0.365,0.426,5.56,150,23,84.67,64.0,82.0
263480000D0138,1.3,1.05,0.252,0.576,99.03,3565,19,99.47,99.07,98.99
830500000H1510,2.2,1.95,0.578,0.499,4.84,2803,333,88.12,76.17,79.34
83016000AE0248,2.15,2.0,0.595,0.494,3.92,3231,475,85.3,70.26,74.47
26377000ZB0085,2.2,1.35,0.516,0.499,3.62,4849,970,80.0,59.93,72.37
840960000D0423,2.0,1.4,0.414,0.804,2.17,974,328,66.32,58.11,53.9
830910000B0400,2.4,2.15,0.603,0.53,2.57,988,206,79.15,60.63,61.13
840440000C1231,2.3,1.65,0.507,0.593,1.85,2167,823,62.02,35.9,45.82
830320000B0462,2.45,2.0,0.545,0.328,4.71,2897,354,87.78,62.75,78.77
13050000BK0062,2.4,1.95,0.603,0.462,1.37,1348,588,56.38,5.49,26.93
830910000D0644,2.3,1.9,0.508,0.607,1.31,420,258,38.57,0.0,23.81
263800000G0113,2.15,1.95,0.564,0.59,1.56,248,115,53.63,21.37,35.89
84008000AO0189,2.25,1.4,0.477,0.533,4.59,565,96,83.01,68.14,78.23
830940000F0485,2.1,2.0,0.576,0.385,1.75,414,164,60.39,0.0,42.75
840980000A0369,1.5,1.25,0.388,0.524,47.55,9509,99,98.96,98.01,97.9
26038000ZA0079,2.0,1.3,0.532,0.516,1.66,6759,3468,48.69,0.64,39.62
07324000AW0029,2.0,1.2,0.52,0.575,1.72,231,127,45.02,4.33,41.99
071260000H0582,1.95,1.65,0.451,0.5,15.25,1144,46,95.98,91.96,93.44
841370000A0606,2.35,1.4,0.527,0.483,2.57,1947,575,70.47,38.83,61.02
07264000AO0413,2.45,1.4,0.536,0.463,1.76,2034,881,56.69,6.44,43.17
831400000F0322,2.45,1.95,0.571,0.393,3.45,662,129,80.51,50.45,71.0
831000000D0681,2.2,1.85,0.549,0.439,1.56,207,94,54.59,0.0,35.75
26345000AL0291,2.15,1.4,0.532,0.449,2.09,904,358,60.4,11.84,52.21
840390000F1225,2.45,1.65,0.598,0.548,1.86,603,230,61.86,30.35,46.27
840590000A0309,2.15,1.25,0.473,0.467,2.66,2734,825,69.82,35.44,62.44
841000000C0603,2.4,1.25,0.488,0.509,11.04,2783,173,93.78,87.78,90.95
841500000E0385,2.4,1.35,0.492,0.474,4.32,588,101,82.82,63.78,76.87
84036000BA0097,2.15,1.4,0.517,0.565,4.63,1172,183,84.39,72.35,78.41
830270000B0758,2.4,1.95,0.608,0.446,1.8,913,323,64.62,20.59,44.58
26380000ZA0030,2.4,2.15,0.606,0.43,1.55,2111,832,60.59,8.34,35.34
840870000K0224,2.35,1.4,0.488,0.541,3.25,1225,293,76.08,55.76,69.22
841510000A0351,2.3,1.35,0.486,0.518,4.7,893,132,85.22,71.44,78.72
84024000AD0138,2.2,1.35,0.485,0.482,9.31,4646,406,91.26,81.86,89.26
261880000C1096,,,,,,,,,,
83107000AX0191,1.95,1.6,0.544,0.477,1.49,1066,505,52.63,0.75,32.74
840450000C0088,2.3,1.15,0.39,0.51,31.76,1302,26,98.0,96.08,96.85
26345000AP0437,,,,,,,,,,
830320000D0086,2.25,1.85,0.516,0.447,6.59,725,68,90.62,79.03,84.83
840390000G0360,1.8,1.6,0.437,0.77,1.89,566,238,57.95,45.41,47.0
830570000C0719,2.5,2.05,0.516,0.563,2.77,1319,323,75.51,56.48,63.91
83061000AS0996,1.9,1.9,0.561,0.425,1.49,8729,3678,57.86,0.93,32.84
841370000A0372,2.4,1.4,0.521,0.452,2.88,1708,431,74.77,44.2,65.28
840870000K0761,2.3,1.65,0.511,0.677,12.03,770,42,94.55,91.95,91.69
830510000D0124,2.3,2.1,0.577,0.531,10.68,7051,365,94.82,90.26,90.64
263570000R0103,2.2,1.4,0.335,0.67,1.36,1434,903,37.03,6.0,26.22
26345000AZ0055,2.2,1.4,0.535,0.615,2.08,2777,962,65.36,43.64,51.89
840390000F1144,2.25,1.45,0.529,0.612,3.65,398,82,79.4,66.33,72.61
84031000AI0179,2.15,1.65,0.403,0.669,2.62,578,170,70.59,56.06,61.76
070150000C0643,1.75,1.5,0.471,0.467,1.56,1248,577,53.77,0.96,35.98
26054000AL0145,2.0,1.4,0.536,0.535,1.51,1035,539,47.92,2.71,33.91
262260000B0048,2.35,1.4,0.517,0.472,2.25,1634,556,65.97,27.85,55.57
84081000AY0108,2.05,1.4,0.521,0.628,3.34,692,140,79.77,67.77,70.09
84104000AD0001,2.1,1.4,0.509,0.608,6.32,2092,220,89.48,82.7,84.18
840490000E0557,2.1,1.65,0.557,0.568,2.56,1026,267,73.98,54.19,61.01
841480000E0906,2.25,1.6,0.531,0.641,8.57,1946,157,91.93,87.41,88.34
84137000AB0038,2.35,1.35,0.379,0.712,1.96,785,322,58.98,42.42,48.92
840190000D1133,2.2,1.4,0.49,0.715,4.6,2497,369,85.22,79.34,78.25
830270000E0258,2.05,2.1,0.589,0.451,1.52,1301,565,56.57,3.69,34.2
84104000AB0026,2.4,1.4,0.525,0.567,4.75,1369,202,85.24,74.0,78.96
07279000AX0054,2.05,1.65,0.538,0.521,2.53,3653,1014,72.24,46.76,60.42
070420000A0061,2.15,1.2,0.363,0.752,3.34,946,230,75.69,67.65,70.08
840390000D0317,1.95,1.5,0.389,0.719,1.26,319,228,28.53,0.63,20.38
840300000E1643,2.15,1.35,0.338,0.716,1.19,1320,948,28.18,0.0,16.29
07042000AL0081,2.2,1.4,0.354,0.675,5.5,764,114,85.08,77.88,81.81
84135000AE0048,2.0,1.4,0.539,0.578,2.56,2826,793,71.94,51.49,60.93
831080000H0313,2.2,1.8,0.515,0.449,22.87,3339,75,97.75,95.0,95.63
830310000C0434,2.5,2.0,0.603,0.469,1.69,5137,1793,65.1,25.62,40.84
840560000F0188,2.25,1.4,0.356,0.778,2.46,207,63,69.57,60.87,59.42
07324000AY0271,1.45,1.5,0.456,0.585,1.31,609,358,41.22,0.0,23.81
84046000AM0143,2.25,1.65,0.428,0.693,1.47,1013,549,45.8,21.82,31.89
84050000AR0267,2.05,1.4,0.419,0.446,33.43,1705,37,97.83,95.13,97.01
26345000AZ0023,2.45,1.2,0.467,0.493,12.81,2715,151,94.44,88.73,92.19
07324000AY0327,2.0,2.1,0.56,0.38,1.93,1198,449,62.52,1.25,48.25
072450000A0830,1.2,1.35,0.354,0.688,1.19,788,534,32.23,1.52,16.24
26377000AM0262,1.8,1.35,0.448,0.601,17.22,4098,163,96.02,93.39,94.19
830560000C0608,2.4,1.4,0.337,0.514,1.86,1381,684,50.47,3.69,46.13
84127000AX0023,,,,,,,,,,
261190000C0593,1.85,1.4,0.495,0.579,1.42,259,154,40.54,0.0,29.34
840370000D0254,2.35,1.65,0.549,0.454,1.64,750,316,57.87,7.2,39.07
073080000E0321,2.2,2.0,0.629,0.533,1.84,407,131,67.81,39.56,45.7
130850000N0100,2.2,2.0,0.586,0.407,2.87,8615,1749,79.7,50.1,65.13
84003000BV0161,2.4,1.35,0.513,0.467,1.98,1206,472,60.86,16.25,49.42
840970000E0126,2.05,1.4,0.518,0.568,3.56,1356,255,81.19,66.89,71.9
841380000M0103,2.35,1.4,0.496,0.361,2.35,8372,2732,67.37,9.48,57.37
841380000D0018,2.3,1.4,0.522,0.533,3.62,3292,630,80.86,64.09,72.36
841060000A1279,,,,,,,,,,
840710000A0570,2.25,1.3,0.504,0.561,1.89,149,69,53.69,17.45,46.98
840200000B0505,,,,,,,,,,
841330000D0906,2.45,1.15,0.501,0.497,3.19,619,158,74.47,48.63,68.66
840700000A0613,2.35,1.45,0.45,0.547,1.58,486,248,48.97,6.79,36.83
841170000B0232,2.15,1.3,0.316,0.721,1.18,166,124,25.3,0.0,15.06
841500000H0748,2.25,1.4,0.526,0.554,2.86,788,204,74.11,53.3,64.97
841460000B0271,2.3,1.05,0.291,0.669,1.21,1965,1390,29.26,0.0,17.35
84008000AN0104,2.15,1.45,0.537,0.557,2.86,1023,251,75.46,55.91,65.0
841150000A0354,2.25,1.65,0.554,0.622,1.64,903,412,54.37,26.69,39.09
84149000AA0037,2.05,1.35,0.461,0.493,21.38,1946,67,96.56,93.01,95.32
840220000A0115,2.3,1.4,0.403,0.752,2.42,3180,1008,68.3,57.86,58.62
841060000C0414,2.45,1.4,0.525,0.529,4.08,1498,272,81.84,65.69,75.5
84012000AB0381,2.2,0.95,0.374,0.565,16.98,1579,78,95.06,91.26,94.11
830920000D1701,2.0,1.95,0.602,0.489,1.3,1273,622,51.14,0.16,22.94
84008000AI0156,2.45,1.5,0.451,0.402,3.59,226,53,76.55,41.59,72.12
830640000C0034,2.0,1.75,0.585,0.512,1.33,580,287,50.52,3.45,24.66
830250000L0156,2.45,2.1,0.593,0.492,14.86,8931,249,97.21,94.33,93.27
840840000C1090,2.5,1.35,0.519,0.432,1.82,3314,1421,57.12,0.72,45.2
840160000L2131,2.2,1.4,0.375,0.721,2.43,136,49,63.97,50.0,58.82
840960000B1177,2.1,1.4,0.365,0.74,1.85,2552,1060,58.46,43.89,45.96
83097000AC0006,2.1,2.15,0.584,0.397,1.54,1062,396,62.71,6.03,35.22
841260000E0300,2.05,1.4,0.511,0.625,4.84,619,90,85.46,76.74,79.32
84069000BC0110,2.35,1.65,0.447,0.418,17.69,973,38,96.09,90.65,94.35
830040000B0157,2.05,1.55,0.311,0.333,39.24,667,11,98.35,95.05,97.45
830730000A0584,2.45,2.0,0.536,0.311,3.76,669,136,79.67,34.53,73.39
073080000E0096,2.4,1.8,0.454,0.508,1.64,589,300,49.07,0.0,38.88
263480000D0076,2.4,1.2,0.366,0.772,1.71,699,319,54.36,40.92,41.63
84069000AV0280,2.5,1.4,0.446,0.484,29.06,2005,45,97.76,95.36,96.56
26345000AN0379,2.25,1.4,0.516,0.589,5.61,998,132,86.77,77.56,82.16
841370000B0525,2.3,1.0,0.162,0.942,10.58,550,49,91.09,90.55,90.55
840370000E0229,1.9,1.45,0.396,0.678,9.09,3181,230,92.77,89.34,89.0
840390000G1985,2.05,1.45,0.498,0.569,2.58,199,62,68.84,45.23,61.31
840170000G1166,2.3,1.65,0.4,0.815,9.56,650,53,91.85,90.0,89.54
840200000B0071,2.1,1.15,0.45,0.635,14.83,1305,73,94.41,91.19,93.26
84024000AB0195,2.25,1.35,0.503,0.483,4.22,3295,603,81.7,62.12,76.3
26377000AS0118,2.15,1.35,0.484,0.434,7.76,3251,300,90.77,78.75,87.11
84149000BA0025,2.4,1.4,0.537,0.456,2.05,16895,5743,66.01,25.49,51.15
840390000F0959,2.05,1.45,0.474,0.646,2.84,505,144,71.49,55.84,64.75
07279000AX0087,2.25,1.6,0.538,0.589,2.35,992,299,69.86,48.79,57.36
07264000AX0095,2.15,1.4,0.47,0.495,4.86,666,108,83.78,67.27,79.43
840870000L0346,2.0,1.55,0.395,0.665,1.85,348,165,52.59,28.74,45.98
830920000D2540,2.05,1.95,0.604,0.476,1.4,898,409,54.45,4.34,28.4
13032000BV0138,2.45,2.15,0.63,0.49,2.17,980,227,76.84,52.76,53.88
84137000AB0169,2.15,1.35,0.525,0.56,2.76,739,209,71.72,49.53,63.73
84149000BC0018,1.75,1.1,0.297,0.269,29.97,1019,29,97.15,89.4,96.66
841080000B0696,2.4,1.55,0.492,0.558,3.07,169,48,71.6,49.11,67.46
83101000AT0259,2.0,1.75,0.568,0.458,1.47,1487,685,53.93,0.0,32.15
840560000A0148,2.1,1.4,0.468,0.683,1.45,466,254,45.49,20.17,31.12
841220000B0094,2.05,1.3,0.344,0.807,5.78,901,109,87.9,85.02,82.69
841490000A0014,2.0,1.35,0.499,0.627,16.8,3848,148,96.15,93.87,94.05
13079000AE0156,1.95,1.8,0.571,0.501,1.3,1413,701,50.39,0.92,22.93
841370000B0231,2.3,1.4,0.504,0.495,4.84,2162,301,86.08,71.88,79.32
263570000B0488,2.25,1.35,0.508,0.464,4.07,676,121,82.1,61.39,75.44
13079000AR0097,2.0,1.95,0.59,0.445,1.44,7256,3210,55.76,0.55,30.6
841360000A0750,2.4,1.35,0.544,0.475,1.86,1973,812,58.84,13.38,46.22
83016000AD0331,2.05,1.95,0.588,0.467,1.48,520,227,56.35,6.54,32.5
840960000E0501,2.2,1.35,0.524,0.495,2.53,1451,441,69.61,38.59,60.44
84050000CT0060,2.2,1.45,0.491,0.455,12.93,2314,130,94.38,87.64,92.26
840420000E0235,2.3,1.35,0.464,0.567,2.7,54,17,68.52,44.44,62.96
830570000F0074,2.35,2.0,0.602,0.567,2.0,2770,858,69.03,45.42,50.04
830350000B0864,2.35,1.9,0.527,0.455,3.91,371,66,82.21,60.92,74.39
841460000B0673,2.55,1.4,0.5,0.402,3.92,4528,830,81.67,54.42,74.47
830300000C0127,2.4,2.0,0.546,0.529,1.62,1598,812,49.19,3.94,38.36
841500000F0036,2.0,1.4,0.492,0.511,3.22,396,94,76.26,53.54,68.94
830940000D0402,2.3,1.5,0.365,0.618,1.38,865,544,37.11,0.0,27.4
83086000AH0160,2.5,2.1,0.529,0.477,2.89,78,21,73.08,43.59,65.38
84073000AK0065,1.85,1.35,0.464,0.567,17.73,2783,97,96.51,93.86,94.36
07345000ZB0141,1.95,1.45,0.505,0.446,1.86,530,240,54.72,0.0,46.23
840290000D0421,2.35,1.4,0.543,0.499,1.98,1369,514,62.45,24.69,49.53
840250000C0399,,,,,,,,,,
841060000B0380,2.25,1.4,0.357,0.75,1.65,1113,531,52.29,36.39,39.26
841340000C0537,2.35,1.4,0.528,0.57,7.62,2651,232,91.25,84.65,86.87
07264000AE0063,2.25,1.4,0.365,0.707,1.45,1682,984,41.5,17.3,30.86
841500000H0050,,,,,,,,,,
83104000AT0134,2.4,1.95,0.589,0.409,1.73,1384,501,63.8,11.56,42.2
840910000D0394,2.5,1.35,0.326,0.716,1.23,1787,1259,29.55,1.62,18.75
840720000F0725,2.4,1.65,0.56,0.413,1.78,3803,1382,63.66,11.91,43.75
841460000C0062,2.15,1.4,0.457,0.602,2.85,1269,336,73.52,56.03,64.85
261190000C1187,2.05,1.8,0.565,0.447,1.66,497,222,55.33,0.0,39.84
841380000F0339,2.0,1.4,0.542,0.566,2.53,1186,346,70.83,48.48,60.46
83098000AC0212,1.75,1.95,0.462,0.591,3.43,48,13,72.92,54.17,70.83
840720000C0516,1.9,1.3,0.503,0.458,1.75,1200,548,54.33,0.33,42.75
26054000AB0100,2.4,1.4,0.531,0.456,1.75,1182,530,55.16,1.61,42.81
840160000A0569,2.2,1.65,0.582,0.725,2.84,105,29,72.38,61.9,64.76
830730000A0306,1.35,1.55,0.278,0.532,56.08,2187,25,98.86,97.85,98.22
840440000A0275,2.4,1.65,0.528,0.378,2.55,406,124,69.46,19.21,60.84
13032000BE0235,2.5,2.0,0.522,0.594,1.47,1244,671,46.06,9.16,31.99
840300000E0582,2.25,1.65,0.562,0.522,1.75,938,361,61.51,26.33,42.75
13056000DM0144,2.5,1.75,0.445,0.675,1.28,350,239,31.71,0.0,21.71
261820000E0269,2.5,0.95,0.295,0.626,1.42,367,231,37.06,0.0,29.43
840720000E0570,2.5,1.6,0.535,0.47,2.54,676,178,73.67,43.93,60.65
840390000F0082,2.05,1.65,0.565,0.636,1.59,1522,633,58.41,34.63,37.19
831360000C0183,2.15,2.15,0.586,0.421,2.5,2133,496,76.75,44.77,60.06
84082000AM0273,2.05,1.65,0.572,0.499,1.61,661,290,56.13,12.1,37.82
831480000A0144,2.3,2.05,0.587,0.424,4.63,3409,372,89.09,74.27,78.41
841160000A1189,2.5,1.4,0.535,0.496,2.07,2465,879,64.34,28.11,51.81
840300000E1618,2.5,1.65,0.561,0.667,2.08,27,12,55.56,33.33,51.85
841330000F0790,2.55,1.35,0.526,0.444,2.06,2264,866,61.75,13.83,51.46
831430000B0301,2.4,1.95,0.528,0.774,3.39,458,96,79.04,72.93,70.52
830260000E0470,2.45,2.0,0.523,0.423,4.61,581,77,86.75,68.67,78.31
840450000C0245,2.35,1.15,0.255,0.455,58.17,698,10,98.57,96.85,98.28
840760000E0300,2.55,1.35,0.438,0.725,14.62,5133,242,95.29,93.49,93.16
130030000A0100,2.25,2.05,0.413,0.546,2.46,175,65,62.86,32.0,59.43
840870000L0654,1.75,1.65,0.436,0.756,1.53,716,382,46.65,29.47,34.78
840960000C0445,2.0,1.4,0.39,0.765,2.04,1902,718,62.25,50.63,51.05
841500000G0398,2.1,1.35,0.429,0.801,2.24,368,125,66.03,57.61,55.43
83101000AC0353,2.45,1.9,0.529,0.293,3.31,344,82,76.16,18.6,69.77
831250000D0810,2.0,1.6,0.544,0.454,1.57,2790,1262,54.77,0.36,36.24
83097000AR0137,2.0,1.85,0.584,0.459,1.33,3053,1434,53.03,0.0,24.6
841380000S0396,2.15,1.4,0.528,0.547,2.35,1239,389,68.6,42.62,57.47
26345000AN0597,2.35,1.4,0.418,0.687,1.31,3662,2258,38.34,10.27,23.95
841480000E0416,1.75,1.6,0.398,0.509,35.09,1649,27,98.36,96.79,97.15
841330000F1070,2.25,1.35,0.482,0.426,12.76,3930,199,94.94,88.12,92.16
831080000F0432,2.25,1.9,0.445,0.667,9.86,1085,76,93.0,89.49,89.86
263570000A0206,2.25,1.4,0.445,0.417,4.18,117,20,82.91,58.97,76.07
26345000AO0177,2.25,1.4,0.496,0.54,5.08,742,107,85.58,73.32,80.32
841360000A0961,,,,,,,,,,
830720000F1095,2.45,1.8,0.368,0.295,130.5,2349,13,99.45,98.13,99.23
840220000A0159,2.05,1.4,0.38,0.67,1.81,540,258,52.22,28.7,44.63
263570000C0002,2.0,1.2,0.504,0.612,2.58,893,287,67.86,47.48,61.25
07264000AX0156,2.15,1.4,0.459,0.88,3.98,394,73,81.47,78.93,74.87
841380000L0055,2.1,1.4,0.518,0.464,4.33,33995,5493,83.84,65.14,76.89
841220000A0426,2.3,1.35,0.536,0.499,1.55,1526,760,50.2,0.13,35.39
263570000E0238,2.25,1.35,0.537,0.491,2.03,1007,390,61.27,21.15,50.65
830180000C1591,2.25,1.95,0.518,0.351,7.44,1071,102,90.48,72.83,86.55
26250000ZH0050,2.2,2.0,0.619,0.524,2.11,3382,963,71.53,45.62,52.69
840440000D0955,2.4,1.45,0.56,0.452,1.81,351,155,55.84,2.28,44.73
84082000AK0103,2.5,1.65,0.573,0.501,2.12,1037,289,72.13,44.36,52.94
263570000R0005,2.05,1.0,0.285,0.35,43.89,395,7,98.23,94.94,97.72
840170000B0122,2.4,1.4,0.467,0.484,5.42,401,60,85.04,69.08,81.55
073120000C0159,2.3,2.05,0.493,0.402,2.16,2339,862,63.15,8.29,53.78
830500000K0136,2.15,1.8,0.527,0.592,4.59,436,71,83.72,72.48,78.21
830570000D0387,,,,,,,,,,
073430000E0682,2.1,1.65,0.42,0.603,1.64,1208,609,49.59,16.39,38.99
840870000M0223,2.0,1.65,0.45,0.73,1.83,4200,1652,60.67,46.12,45.36
841340000E0372,2.0,1.4,0.431,0.693,1.33,10933,6599,39.64,12.95,24.63
83136000AL0028,2.4,2.0,0.507,0.725,1.95,570,245,57.02,40.7,48.6
830870000B0039,2.3,2.1,0.611,0.417,1.88,23233,6552,71.8,32.36,46.84
840720000A0154,2.25,1.65,0.572,0.582,1.95,1431,463,67.65,44.44,48.71
841330000C0809,2.5,1.35,0.439,0.581,3.57,11205,2255,79.88,65.36,72.0
840390000F1108,2.45,1.65,0.503,0.464,5.62,1113,109,90.21,78.89,82.21
841300000A0280,2.45,1.25,0.523,0.46,3.34,754,180,76.13,48.14,70.03
26250000ZD0084,2.0,1.85,0.59,0.485,1.3,1725,804,53.39,3.88,23.3
831210000E0047,2.3,2.05,0.555,0.499,1.6,557,269,51.71,3.23,37.34
840170000C0495,2.2,1.45,0.546,0.492,2.0,1285,478,62.8,24.44,49.96
84149000AI0038,2.25,1.4,0.544,0.545,3.74,2108,387,81.64,66.32,73.29
840470000C0008,2.45,1.65,0.496,0.45,1.73,8417,3408,59.51,9.99,42.16
84102000AR0085,,,,,,,,,,
840370000C0361,1.85,1.65,0.476,0.72,1.87,284,121,57.39,40.85,46.48
841460000A0253,2.45,1.2,0.479,0.544,5.81,1122,154,86.27,74.78,82.8
840590000A0673,1.1,1.05,0.302,0.52,1.53,75,39,48.0,0.0,34.67
840440000D0978,2.3,1.4,0.469,0.56,4.51,320,51,84.06,71.56,77.81
07143000AL0488,2.15,2.15,0.61,0.504,1.58,646,242,62.54,25.7,36.53
263800000C1022,1.1,1.35,0.372,0.546,1.34,641,340,46.96,2.81,25.12
830320000B0632,2.35,2.1,0.6,0.411,2.0,1074,327,69.55,25.98,49.91
070700000B0804,2.05,1.7,0.399,0.422,17.11,804,27,96.64,92.04,94.15
84031000AW0060,2.0,1.65,0.515,0.509,7.57,6092,484,92.06,84.39,86.79
83129000AC0477,2.4,2.05,0.422,0.321,6.28,182,17,90.66,70.88,84.07
840290000F0362,2.2,1.35,0.542,0.524,1.49,516,260,49.61,3.88,32.95
83101000AR0281,2.4,2.0,0.485,0.549,2.14,1318,487,63.05,32.7,53.19
830390000E0355,2.25,2.05,0.569,0.347,9.26,19298,1213,93.71,81.87,89.21
830940000F0487,2.1,1.9,0.585,0.444,1.68,695,273,60.72,11.51,40.43
830320000E0343,2.2,1.9,0.448,0.5,7.7,339,19,94.4,88.79,87.02
840780000E1342,2.45,1.4,0.467,0.332,3.87,1037,207,80.04,39.92,74.16
83116000BX0165,2.5,1.4,0.477,0.601,1.38,1109,670,39.59,0.0,27.32
830040000B0864,,,,,,,,,,
830910000D0439,2.35,2.15,0.529,0.564,1.69,969,438,54.8,19.81,40.87
84082000AM0192,2.35,1.65,0.453,0.708,2.3,919,298,67.57,54.19,56.47
841330000D0445,2.5,1.35,0.353,0.621,1.92,1896,839,55.75,28.69,47.89
831000000E0136,2.0,1.7,0.57,0.499,1.27,2867,1457,49.18,0.0,21.52
830330000C1175,2.3,1.95,0.585,0.405,2.62,751,184,75.5,39.55,61.78
83096000AD0006,2.0,1.5,0.546,0.493,1.45,4891,2455,49.81,0.0,30.91
070090000B0863,2.3,1.3,0.352,0.686,1.22,435,313,28.05,0.0,17.7
840220000A0380,2.15,1.4,0.531,0.567,3.09,1262,270,78.61,62.28,67.59
84082000AS0352,2.5,1.6,0.408,0.689,2.58,152,51,66.45,51.32,61.18
841380000F0186,2.35,1.4,0.54,0.518,2.75,3951,985,75.07,51.89,63.6
26377000AV0098,2.4,1.35,0.498,0.524,1.95,418,183,56.22,16.51,48.8
830180000B0413,2.4,1.9,0.493,0.531,5.29,238,26,89.08,79.41,81.09
26220000AH0164,2.2,1.4,0.528,0.529,3.64,1731,348,79.9,61.99,72.56
070150000C0259,1.1,1.55,0.419,0.548,1.46,663,356,46.3,1.96,31.67
263220000B0643,2.45,1.4,0.533,0.49,3.7,1635,301,81.59,62.45,72.97
841060000A0601,2.5,1.35,0.482,0.457,7.19,1251,117,90.65,79.54,86.09
84119000AV0021,2.05,1.35,0.506,0.522,2.48,328,108,67.07,36.89,59.76
830910000E0816,2.0,1.95,0.445,0.34,22.85,617,16,97.41,92.38,95.62
26317000AI0296,2.15,1.4,0.556,0.443,2.32,355,121,65.92,23.1,56.9
840950000B1082,2.55,1.35,0.402,0.602,2.41,1296,415,67.98,46.84,58.56
83047000BL0024,1.5,1.75,0.48,0.458,1.63,715,331,53.71,0.0,38.6
840160000A0196,2.4,1.65,0.539,0.506,2.46,465,121,73.98,48.6,59.35
84137000AZ0063,2.35,1.4,0.533,0.6,4.47,948,162,82.91,71.52,77.64
830560000C0601,1.85,1.35,0.5,0.476,1.58,5556,2672,51.91,0.0,36.83
26367000AH0024,2.35,1.4,0.539,0.474,2.54,610,181,70.33,37.38,60.66
073170000B0543,2.05,1.9,0.577,0.459,1.36,1044,478,54.21,0.19,26.53
26220000AC0240,2.25,1.4,0.538,0.494,2.07,571,206,63.92,26.97,51.66
072640000A0432,2.4,1.35,0.33,0.375,4.21,59,12,79.66,45.76,76.27
84004000BE0076,2.25,1.25,0.5,0.502,2.21,3152,1221,61.26,22.84,54.79
840960000B0290,2.25,1.35,0.466,0.512,2.45,318,106,66.67,34.91,59.12
841500000E0669,2.15,1.2,0.518,0.53,1.68,840,435,48.21,2.26,40.48
26345000AE0037,2.1,1.35,0.514,0.495,1.65,625,315,49.6,0.0,39.36
840170000E1078,2.25,1.65,0.552,0.439,2.04,6580,2100,68.09,27.33,50.99
83097000AH0396,2.45,2.05,0.58,0.533,1.65,2504,996,60.22,25.4,39.3
263570000E0213,2.1,1.4,0.533,0.594,2.28,5120,1574,69.26,48.22,56.17
83148000AK0050,2.45,1.85,0.539,0.507,5.8,1264,107,91.53,83.31,82.75
13087000AM0098,2.35,2.15,0.577,0.425,2.19,1615,401,75.17,41.55,54.3
84127000AN0008,2.1,1.4,0.337,0.723,1.29,1787,1134,36.54,12.26,22.78
072450000D0444,2.15,1.0,0.449,0.474,2.12,165,81,50.91,0.0,52.73
26220000AC0046,2.5,1.4,0.519,0.511,5.02,617,92,85.09,70.83,80.06
84069000AI0161,2.5,1.65,0.541,0.38,2.56,6426,1707,73.44,30.13,60.99
841500000H0557,2.0,1.4,0.506,0.586,5.17,1769,239,86.49,76.94,80.67
841500000E0103,2.3,1.2,0.391,0.7,4.55,1729,283,83.63,76.63,78.02
261800000B0463,2.35,1.35,0.51,0.481,3.42,861,193,77.58,53.43,70.73
841360000A0821,2.35,1.1,0.289,0.625,19.54,254,10,96.06,93.7,94.88
070130000C0618,2.1,1.95,0.582,0.417,2.52,237,70,70.46,29.11,60.34
841300000B0934,2.3,1.2,0.486,0.465,3.03,1349,355,73.68,43.44,67.01
831000000A0127,2.2,1.95,0.552,0.344,3.64,2073,405,80.46,43.22,72.5
26317000AL0209,2.35,1.4,0.51,0.507,2.66,509,143,71.91,44.6,62.48
26345000AW0083,2.1,1.4,0.48,0.446,7.32,2129,219,89.71,76.94,86.33
841260000F0254,2.1,1.4,0.412,0.816,4.29,2340,391,83.29,79.53,76.71
13082000BH0105,2.05,2.05,0.589,0.447,1.51,535,226,57.76,5.42,33.83
83086000AM0189,2.55,2.15,0.624,0.371,2.76,91,23,74.73,31.87,63.74
841000000A0093,2.2,1.25,0.393,0.734,1.53,295,163,44.75,24.75,34.58
830670000D0108,2.4,1.6,0.401,0.474,1.86,272,130,52.21,0.0,46.32
262750000H0648,2.0,1.4,0.542,0.542,1.39,4720,2523,46.55,1.42,28.24
84003000CR0262,2.45,1.15,0.461,0.485,5.79,903,128,85.83,70.76,82.72
841170000B0157,2.35,1.4,0.387,0.725,2.73,300,87,71.0,60.0,63.33
830470000C1412,2.2,2.05,0.604,0.42,1.43,27087,11171,58.76,1.86,30.08
831100000C0307,2.0,1.7,0.566,0.474,1.42,636,305,52.04,0.0,29.72
830320000C0182,2.35,1.55,0.48,0.409,7.07,212,27,87.26,68.87,85.85
840960000D0550,2.3,1.4,0.406,0.662,2.08,1017,361,64.5,46.41,52.02
84072000CK0010,2.25,1.65,0.555,0.588,1.48,1283,579,54.87,23.23,32.35
840420000E1094,2.4,1.25,0.349,0.788,3.65,179,41,77.09,70.95,72.63
840390000C0452,2.0,1.6,0.547,0.513,1.42,892,447,49.89,2.35,29.71
07279000AR0052,,,,,,,,,,
840890000A0434,2.6,1.35,0.528,0.457,3.56,4302,929,78.41,52.79,71.87
84129000BI0006,2.55,1.65,0.556,0.466,2.08,1845,568,69.21,33.93,51.87
26054000AD0412,2.25,1.4,0.508,0.621,1.85,3898,1566,59.83,35.3,46.02
840870000P0201,2.2,1.65,0.543,0.537,3.8,1849,295,84.05,70.31,73.72
840370000E0528,2.4,1.65,0.417,0.693,2.21,860,307,64.3,48.49,54.65
830570000C0405,2.35,2.15,0.584,0.346,3.58,10192,1530,84.99,56.58,72.05
840160000A1799,1.95,1.65,0.504,0.732,2.83,1834,416,77.32,69.03,64.67
071520000D0008,1.85,1.1,0.441,0.512,1.76,281,144,48.75,0.0,43.06
84102000AB0153,1.4,1.15,0.28,0.549,38.75,2170,28,98.71,97.65,97.42
84026000AA0103,1.95,1.35,0.484,0.49,4.24,2177,391,82.04,63.34,76.44
840890000C0057,2.4,1.35,0.517,0.418,2.06,1486,551,62.92,11.37,51.48
84106000AV0018,2.15,1.35,0.321,0.713,1.25,1727,1242,28.08,0.0,19.75
26377000AH0147,2.45,1.35,0.519,0.484,2.92,2358,606,74.3,46.9,65.78
07264000AZ0067,2.05,1.35,0.44,0.617,4.5,162,29,82.1,70.99,77.78
83101000AC0091,2.05,2.0,0.59,0.422,1.56,3061,1248,59.23,3.36,35.74
07056000AE0464,2.05,1.15,0.36,0.675,1.29,781,535,31.5,0.0,22.66
840400000C0122,2.35,1.65,0.559,0.575,4.07,5908,947,83.97,72.12,75.41
830910000C0105,1.95,1.75,0.572,0.514,1.27,702,365,48.01,0.0,21.37
073120000C0603,2.35,2.0,0.576,0.533,1.58,144,65,54.86,15.28,36.81
26377000AM0240,2.5,1.35,0.356,0.771,1.77,1476,652,55.83,42.68,43.5
840870000I0445,1.9,1.65,0.42,0.758,1.68,976,442,54.71,40.27,40.37
840120000B0007,2.6,1.1,0.47,0.46,5.41,903,149,83.5,64.12,81.51
84082000AM0124,2.45,1.6,0.514,0.446,2.29,174,62,64.37,20.11,56.32
26377000AH0101,2.5,1.35,0.39,0.656,1.47,596,347,41.78,11.24,31.88
830430000H0406,2.0,1.7,0.567,0.488,1.38,1318,653,50.46,0.0,27.69
840390000A0384,2.4,1.65,0.441,0.517,12.41,633,30,95.26,90.84,91.94
073080000A1174,2.05,2.0,0.586,0.431,1.51,2998,1303,56.54,0.0,33.66
84036000BB0064,2.05,1.25,0.518,0.528,1.58,1719,903,47.47,0.58,36.65
13082000BZ0040,2.5,1.35,0.347,0.616,1.37,1848,1156,37.45,0.0,26.95
841360000B0431,2.15,1.3,0.482,0.571,4.23,597,108,81.91,68.34,76.38
830850000C0019,2.5,2.05,0.476,0.671,1.3,3023,1870,38.14,7.81,22.96
840560000A0322,2.55,1.4,0.42,0.655,2.03,708,277,60.88,40.25,50.85
84008000AM0270,2.2,1.65,0.523,0.501,2.71,1856,462,75.11,50.27,63.04
830080000E1102,2.25,1.7,0.46,0.44,16.17,1504,59,96.08,91.09,93.82
13050000BX0103,2.5,1.9,0.506,0.645,5.3,1739,211,87.87,81.2,81.14
072450000A1767,1.9,1.95,0.579,0.46,1.48,1296,580,55.25,2.7,32.48
841090000A0399,2.25,1.65,0.495,0.49,3.47,527,100,81.02,61.29,71.16
261800000C0725,1.75,1.05,0.305,0.439,29.19,759,18,97.63,94.6,96.57
830260000F0347,2.15,2.0,0.54,0.402,11.39,2858,133,95.35,88.42,91.22
84102000AI0238,,,,,,,,,,
841160000D0190,2.25,1.4,0.49,0.67,5.35,2086,278,86.67,80.11,81.3
840370000A0099,2.05,1.65,0.543,0.567,3.54,644,119,81.52,67.39,71.74
831100000B0213,2.45,1.9,0.5,0.417,3.08,780,184,76.41,43.46,67.56
830430000H0147,2.35,1.9,0.588,0.466,1.39,1233,588,52.31,0.0,28.22
83016000AH0184,2.2,2.0,0.444,0.599,1.44,692,412,40.46,0.58,30.49
831410000A0825,2.45,1.95,0.569,0.459,2.29,2501,697,72.13,39.26,56.42
840390000H1233,2.05,1.6,0.572,0.497,1.41,958,480,49.9,0.0,28.91
840160000A0174,2.05,1.65,0.571,0.547,1.73,914,331,63.79,33.81,42.23
830270000C0625,2.2,2.0,0.616,0.527,2.15,1105,329,70.23,43.53,53.48
84149000AB0024,2.15,1.4,0.5,0.542,1.51,5190,2657,48.81,5.63,33.6
830510000A0369,2.45,2.0,0.471,0.311,7.0,532,50,90.6,69.74,85.71
830960000B0171,2.45,2.0,0.576,0.408,3.59,2137,319,85.07,63.45,72.11
841130000C0038,2.15,1.35,0.522,0.541,2.7,870,246,71.72,47.7,62.99
840390000G0128,2.55,1.65,0.566,0.551,2.33,315,87,72.38,49.84,57.14
840960000F0034,2.35,1.2,0.446,0.413,6.79,835,112,86.59,67.54,85.27
841160000A0934,1.7,1.2,0.363,0.5,27.44,1317,33,97.49,94.99,96.36
840840000B0252,2.5,1.35,0.351,0.69,1.97,1384,546,60.55,42.85,49.28
840390000F1288,2.3,1.6,0.493,0.62,4.61,189,31,83.6,73.54,78.31
13082000CI0105,2.1,2.0,0.63,0.429,1.43,407,173,57.49,0.98,30.22
261880000D0711,2.15,1.4,0.52,0.593,4.61,2405,354,85.28,75.18,78.3
07228000AM0003,2.5,1.95,0.594,0.567,3.28,174,34,80.46,65.52,69.54
83063000AW0045,2.35,2.1,0.54,0.443,2.15,112,39,65.18,21.43,53.57
831080000D0383,2.5,1.45,0.384,0.653,1.24,1074,722,32.77,0.0,19.55
261560000B0480,1.4,1.15,0.389,0.539,1.34,2919,1580,45.87,0.0,25.45
830430000H0158,2.45,2.05,0.5,0.552,1.48,399,221,44.61,0.0,32.58
84072000CK0020,2.3,1.65,0.562,0.551,1.78,1007,364,63.85,34.36,43.79
840170000D0087,2.3,1.35,0.366,0.689,1.28,1339,912,31.89,1.12,21.66
26345000AV0004,2.3,1.4,0.526,0.531,2.91,1453,323,77.77,58.16,65.59
83097000AE0159,2.3,2.0,0.588,0.407,2.39,2047,520,74.6,37.52,58.13
13082000AS0139,2.3,1.95,0.503,0.426,18.72,1404,40,97.15,93.3,94.66
830260000D0523,,,,,,,,,,
840450000C0238,2.25,1.2,0.454,0.515,13.5,1242,70,94.36,89.05,92.59
26250000ZE0010,,,,,,,,,,
830850000E0064,1.55,2.0,0.509,0.431,1.72,1658,717,56.76,0.0,41.8
83096000AI0059,2.4,1.95,0.53,0.75,2.02,2569,852,66.84,55.78,50.53
840440000B0349,2.25,1.45,0.39,0.653,2.65,204,62,69.61,53.43,62.25
263770000B0339,2.65,1.35,0.382,0.708,3.07,1577,410,74.0,63.28,67.41
830910000B0417,2.35,2.1,0.604,0.49,1.4,997,420,57.87,14.04,28.39
841260000A0076,2.05,1.4,0.532,0.605,2.52,2713,777,71.36,52.64,60.34
84046000AM0004,2.0,1.65,0.556,0.449,1.55,6295,2828,55.08,0.03,35.6
840510000D0641,2.45,1.2,0.378,0.64,14.54,2559,119,95.35,92.73,93.12
13079000AL0089,2.4,1.75,0.424,0.284,38.96,2026,31,98.47,94.62,97.43
841500000C0050,2.4,1.4,0.539,0.485,1.85,1960,773,60.56,18.72,45.92
840610000B0192,2.0,1.4,0.354,0.747,1.26,2064,1327,35.71,13.91,20.88
841370000B0085,2.25,1.4,0.518,0.532,3.59,2048,401,80.42,63.18,72.17
840400000E0349,2.15,1.6,0.544,0.435,2.01,467,182,61.03,10.49,50.32
840560000A0852,2.3,1.35,0.452,0.444,11.18,805,55,93.17,84.6,91.06
07070000AK0042,2.4,2.0,0.55,0.376,11.88,1984,97,95.11,87.0,91.58
840470000A0141,1.95,1.25,0.507,0.496,1.73,1129,560,50.4,0.0,42.16
263800000D0648,2.0,1.55,0.564,0.538,1.43,601,313,47.92,3.16,30.28
83097000AR0077,2.5,1.95,0.508,0.772,1.49,898,461,48.66,33.52,32.74
840160000A1227,2.05,1.65,0.454,0.621,7.8,468,36,92.31,87.61,87.18
84031000AI0063,,,,,,,,,,
831480000A0023,1.5,1.65,0.457,0.437,1.63,3839,1688,56.03,0.0,38.81
84069000AR0281,2.35,1.65,0.518,0.417,3.68,2467,455,81.56,55.82,72.8
841270000E0850,2.25,1.4,0.544,0.508,3.77,58471,10530,81.99,64.54,73.46
13050000CK0064,2.35,1.95,0.607,0.503,1.95,2643,765,71.06,42.45,48.62
841430000A0141,2.35,1.65,0.571,0.506,2.14,2025,566,72.05,44.79,53.28
26367000AI0138,2.15,1.4,0.545,0.526,2.04,4995,1796,64.04,31.67,50.95
26345000AZ0364,2.1,1.4,0.534,0.521,2.52,4152,1169,71.84,45.93,60.28
840590000B0037,2.35,1.25,0.512,0.516,2.33,5903,1975,66.54,35.12,57.14
841220000B1432,2.35,1.35,0.407,0.591,4.12,396,81,79.55,65.4,75.76
831480000A0104,2.35,1.95,0.599,0.544,5.0,4208,428,89.83,81.3,80.01
84028000AD0094,2.35,1.4,0.516,0.475,4.1,1112,184,83.45,65.2,75.63
84041000AE0481,2.15,1.5,0.364,0.619,65.76,1381,13,99.06,98.48,98.48
830280000D0651,2.0,2.0,0.608,0.502,1.29,1582,756,52.21,4.8,22.38
26345000AN0579,2.2,1.4,0.492,0.638,2.63,5470,1479,72.96,57.62,61.94
830510000C0313,2.4,2.15,0.502,0.707,2.73,689,174,74.75,64.3,63.43
83063000BD0094,2.45,1.75,0.539,0.477,2.32,220,72,67.27,31.36,56.82
841500000G0524,2.3,1.4,0.515,0.524,1.7,251,119,52.59,9.56,41.04
13079000AH0255,2.1,2.05,0.606,0.519,1.83,721,233,67.68,37.73,45.21
831100000B0195,2.5,1.7,0.403,0.609,1.37,1803,1106,38.66,0.0,27.23
131150000E0268,,,,,,,,,,
831080000D0126,2.0,2.0,0.6,0.438,1.36,3014,1282,57.47,2.82,26.24
070700000B0255,,,,,,,,,,
841360000B0895,1.4,1.2,0.369,0.628,20.35,6348,177,97.21,95.56,95.09
830270000B0138,1.95,1.9,0.56,0.423,1.57,1774,758,57.27,0.0,36.25
83097000AK0249,2.0,1.95,0.582,0.449,1.52,917,377,58.89,8.4,34.13
840890000A0429,2.5,1.3,0.376,0.682,3.28,649,150,76.89,66.1,69.49
841220000A0312,1.9,1.3,0.359,0.481,28.89,1098,26,97.63,95.08,96.54
840870000B0089,2.15,1.6,0.57,0.551,1.33,1454,739,49.17,7.84,25.03
263770000B0104,2.25,1.35,0.515,0.451,2.2,3343,1165,65.15,22.7,54.5
830730000D0691,2.35,2.1,0.546,0.405,4.51,1304,151,88.42,71.4,77.84
840400000B0209,2.3,1.45,0.464,0.51,5.07,543,80,85.27,71.09,80.29
830260000F0922,2.45,2.0,0.51,0.697,2.71,1162,327,71.86,59.64,63.08
84028000AT0163,2.2,1.2,0.481,0.603,12.06,2063,129,93.75,89.63,91.71
26179000ZB0033,2.05,2.0,0.6,0.471,1.34,2803,1204,57.05,8.81,25.15
84082000AZ0004,2.3,0.95,0.221,0.667,48.78,1561,16,98.98,98.46,97.95
84032000AT0039,2.5,1.65,0.55,0.393,3.94,37254,5726,84.63,60.9,74.65
070700000B0910,2.5,2.15,0.572,0.302,2.5,6460,1708,73.56,12.41,59.98
072910000A0825,2.45,1.6,0.558,0.521,2.51,452,124,72.57,47.35,60.18
07228000AL0069,1.55,0.9,0.358,0.584,1.4,944,564,40.25,0.0,28.71
830310000H0498,2.15,2.05,0.562,0.402,3.6,1088,189,82.63,56.8,72.24
830450000B0323,2.45,1.85,0.416,0.8,9.37,384,28,92.71,90.89,89.32
26345000AN0010,2.3,1.4,0.384,0.721,2.4,951,326,65.72,52.47,58.36
07264000AL0042,2.2,1.35,0.528,0.5,1.55,4579,2309,49.57,0.0,35.38
261920000C0652,2.25,1.4,0.515,0.477,3.52,3628,733,79.8,57.66,71.61
841490000A0578,2.15,1.4,0.538,0.506,2.09,26669,8520,68.05,36.86,52.24
84122000AT0064,2.1,1.35,0.529,0.527,2.31,912,290,68.2,39.69,56.8
84141000AS0024,2.2,1.4,0.521,0.483,2.73,654,174,73.39,44.95,63.3
841500000H0404,1.45,1.1,0.2,0.636,168.09,1849,7,99.62,99.41,99.41
84008000AM0080,2.3,1.65,0.499,0.485,4.93,1168,157,86.56,72.26,79.71
84050000AR0346,2.05,1.65,0.569,0.537,2.34,1844,529,71.31,46.58,57.21
26324000AP0123,2.15,1.5,0.35,0.459,9.11,419,28,93.32,85.44,89.02
840870000O0678,2.1,1.65,0.583,0.573,2.78,2775,601,78.34,62.23,64.0
830500000H0294,2.5,1.95,0.549,0.476,5.78,1926,177,90.81,80.69,82.71
840940000E0659,2.2,1.4,0.486,0.617,2.87,258,71,72.48,55.43,65.12
840420000C0546,2.45,1.15,0.301,0.631,1.74,420,202,51.9,23.81,42.38
84046000AB0117,2.4,1.65,0.463,0.57,2.72,3880,1042,73.14,52.89,63.25
831080000F0405,2.0,2.0,0.605,0.497,1.2,4040,1941,51.96,3.24,16.34
83023000BZ0198,2.2,2.0,0.589,0.472,3.13,648,125,80.71,59.1,68.06
841460000B0223,2.45,1.4,0.528,0.402,2.03,4273,1593,62.72,7.3,50.76
840370000F0039,2.3,1.4,0.372,0.808,1.67,552,257,53.44,42.39,40.04
840390000F0111,2.1,1.5,0.514,0.709,2.05,371,156,57.95,40.7,51.21
840370000E1339,1.4,1.25,0.323,0.482,304.89,14025,27,99.81,99.6,99.67
841500000B0453,2.2,1.4,0.528,0.541,1.73,857,384,55.19,17.15,42.12
830350000C0514,2.15,1.6,0.468,0.52,1.63,275,143,48.0,0.0,38.55
841260000A0250,2.05,1.4,0.392,0.708,2.67,1245,357,71.33,59.52,62.49
840960000C0383,1.95,1.4,0.506,0.64,6.12,3932,403,89.75,83.98,83.65
840160000L2498,1.8,1.35,0.365,0.757,6.11,764,87,88.61,84.95,83.64
071520000A0532,1.6,1.3,0.452,0.546,1.46,390,212,45.64,0.51,31.54
830490000C0966,2.0,1.8,0.516,0.594,5.78,370,38,89.73,82.7,82.7
840370000C0453,2.4,1.45,0.509,0.463,6.06,1880,212,88.72,75.64,83.51
84122000AH0001,2.65,1.35,0.517,0.418,4.44,18735,2755,85.29,64.79,77.5
830450000E0293,2.45,1.95,0.595,0.393,1.78,762,275,63.91,8.14,43.7
840940000C0174,2.3,1.4,0.381,0.725,1.57,941,464,50.69,31.99,36.13
84041000AK0128,2.3,1.65,0.459,0.393,7.61,426,44,89.67,73.71,86.85
84149000AC0036,2.45,1.4,0.523,0.53,3.53,915,187,79.56,61.42,71.69
830450000D0053,2.2,1.85,0.497,0.463,13.84,1024,44,95.7,90.72,92.77
840450000C0326,2.4,1.35,0.414,0.632,2.16,524,191,63.55,42.37,53.63
830950000H0944,1.65,1.8,0.405,0.441,17.71,1222,41,96.64,92.39,94.35
830250000F0139,2.25,2.05,0.604,0.428,1.48,13771,5174,62.43,12.14,32.32
831000000A0448,2.0,1.95,0.591,0.488,1.47,450,196,56.44,10.67,32.0
841500000D0046,1.8,1.2,0.416,0.474,23.0,4714,148,96.86,93.38,95.65
830320000A0718,2.4,1.85,0.36,1.0,8.56,137,15,89.05,89.05,88.32
830350000A0928,2.1,2.0,0.6,0.511,1.29,1545,788,49.0,0.13,22.33
841500000E1133,2.05,1.2,0.455,0.554,11.39,1207,77,93.62,88.48,91.22
26377000AT0199,2.5,1.35,0.37,0.773,2.8,840,235,72.02,63.81,64.29
26054000AK0091,2.05,1.4,0.544,0.546,1.76,1312,547,58.31,23.63,43.06
840160000A1403,,,,,,,,,,
841330000C0281,2.45,1.35,0.528,0.421,1.93,1035,428,58.65,1.84,48.21
83096000AB0057,2.0,2.1,0.606,0.462,1.28,3827,1761,53.98,0.5,21.84
84088000AN0215,2.0,1.65,0.554,0.499,1.89,4320,1431,66.88,33.68,47.13
07264000AR0067,2.5,1.4,0.532,0.451,1.88,3097,1218,60.67,12.75,46.72
841500000B0076,2.3,1.4,0.543,0.509,2.37,2810,829,70.5,41.99,57.76
26220000AI0265,2.55,1.4,0.493,0.575,2.28,667,233,65.07,39.28,56.22
830270000B0076,2.3,2.05,0.608,0.43,2.16,7330,1971,73.11,37.49,53.6
073120000C0320,2.05,2.05,0.443,0.671,1.34,145,94,35.17,3.45,25.52
840560000A0527,,,,,,,,,,
830790000A2632,2.3,2.1,0.601,0.396,1.63,6609,2350,64.44,10.11,38.46
840300000D0983,2.2,1.65,0.439,0.634,4.2,1357,234,82.76,72.81,76.2
840390000A0303,1.9,1.35,0.369,0.634,10.93,1344,85,93.68,90.03,90.85
840220000B0678,2.5,1.35,0.466,0.481,4.54,159,26,83.65,66.04,77.99
83023000BR0005,2.05,2.15,0.536,0.463,28.72,3159,57,98.2,96.11,96.52
831000000D0408,2.0,2.0,0.606,0.491,1.27,2942,1358,53.84,5.95,21.55
830910000B0063,2.55,2.1,0.545,0.435,6.81,1104,74,93.3,84.6,85.33
840910000D0275,,,,,,,,,,
84004000AK0073,1.2,0.95,0.242,0.556,41.76,1545,25,98.38,97.09,97.61
841380000N0349,1.5,1.4,0.405,0.531,22.86,4001,104,97.4,95.1,95.63
830940000B0453,2.45,1.25,0.399,0.703,1.17,1369,988,27.83,0.0,14.17
840390000H2073,1.8,1.4,0.433,0.645,5.95,3580,411,88.52,82.21,83.18
840440000D1540,2.35,1.65,0.427,0.734,1.39,2513,1423,43.37,22.84,28.05
840420000D0393,2.6,1.2,0.346,0.369,89.97,2969,24,99.19,97.81,98.89
840390000A0398,,,,,,,,,,
84104000AH0211,2.4,1.35,0.485,0.521,6.79,1882,201,89.32,79.49,85.28
830320000E1335,2.4,1.9,0.48,0.347,21.11,1837,34,98.15,94.67,95.26
84138000AP0024,2.45,1.4,0.521,0.474,2.25,1007,342,66.04,28.4,55.61
840520000D0285,2.45,1.35,0.511,0.483,3.25,2144,505,76.45,51.21,69.26
830210000E0091,1.75,1.75,0.444,0.428,21.31,2579,71,97.25,93.56,95.31
830350000E0344,2.0,2.0,0.601,0.498,1.3,1248,637,48.96,0.0,22.84
830180000D0179,2.5,2.15,0.541,0.603,1.66,2031,914,55.0,25.36,39.59
263570000I0244,1.65,1.2,0.368,0.644,9.35,374,29,92.25,87.97,89.3
830910000A0529,2.45,1.85,0.529,0.308,6.89,1040,89,91.44,72.21,85.48
070130000C0635,1.95,1.35,0.517,0.515,1.74,563,266,52.75,8.17,42.45
83097000AN0075,2.4,1.9,0.592,0.505,1.86,769,243,68.4,37.45,46.16
073080000E0102,2.0,2.0,0.589,0.429,1.5,16139,6916,57.15,0.07,33.29
840440000A1209,2.45,1.65,0.572,0.468,1.72,1076,434,59.67,13.85,41.91
13050000BP0043,2.5,2.0,0.631,0.479,1.57,1687,587,65.2,27.39,36.16
840390000G0558,2.1,1.65,0.569,0.579,1.48,937,413,55.92,23.91,32.66
830850000E1147,2.0,1.5,0.537,0.45,1.62,19458,8682,55.38,0.87,38.13
84104000AE0057,2.0,1.4,0.516,0.62,5.53,1028,124,87.94,80.54,81.91
830830000C0868,2.5,2.15,0.598,0.445,1.84,191,65,65.97,23.56,45.55
84082000BH0239,2.15,1.6,0.559,0.5,1.53,222,106,52.25,4.5,34.68
841170000C0721,1.75,1.2,0.269,0.526,36.93,517,10,98.07,96.32,97.29
840290000D0859,2.5,1.4,0.535,0.442,1.96,304,122,59.87,9.21,49.01
261560000B0372,2.0,2.05,0.585,0.441,1.52,5474,2378,56.56,1.46,34.11
07102000AX0030,1.85,2.0,0.469,0.538,13.3,665,28,95.79,92.18,92.48
84029000AC0017,2.05,1.4,0.549,0.521,1.52,587,307,47.7,0.0,34.41
070150000C0262,1.75,1.3,0.469,0.515,1.44,1721,888,48.4,0.0,30.68
841300000B0040,2.45,1.25,0.5,0.517,7.48,3195,327,89.77,80.19,86.64
841090000C0331,1.35,0.9,0.247,0.706,96.39,1735,12,99.31,99.02,98.96
830910000C0288,2.45,2.15,0.616,0.441,1.32,4348,1662,61.78,13.27,24.1
840370000E0351,2.3,1.65,0.561,0.58,1.68,256,109,57.42,26.56,40.62
840390000F0968,,,,,,,,,,
841500000B0850,2.35,1.4,0.553,0.485,1.65,705,327,53.62,4.4,39.57
070150000A0591,1.8,1.6,0.492,0.464,1.65,385,179,53.51,0.0,39.22
26345000AP0448,2.45,1.3,0.521,0.559,2.84,324,90,72.22,50.31,64.81
841340000B0298,2.45,1.05,0.332,0.412,29.2,1343,33,97.54,94.04,96.57
840570000D0105,1.9,1.45,0.366,0.29,80.93,1133,9,99.21,97.26,98.76
840940000B0560,2.05,1.05,0.317,0.552,33.41,735,16,97.82,96.05,97.01
830320000D1479,2.5,1.65,0.409,0.746,8.52,6947,562,91.91,89.16,88.27
840700000C0820,2.5,1.4,0.506,0.567,2.41,332,110,66.87,41.57,58.43
841360000A0494,2.15,1.35,0.523,0.522,2.07,1254,447,64.35,31.66,51.75
83048000AY0037,2.0,1.3,0.531,0.493,1.66,6938,3454,50.22,0.0,39.58
13014000BW0031,,,,,,,,,,
830910000C0091,2.45,1.95,0.513,0.576,1.34,548,319,41.79,0.0,25.36
26071000ZH0073,1.55,1.55,0.458,0.438,1.35,13720,6011,56.19,0.0,25.69
261790000A1058,2.2,1.15,0.487,0.592,1.47,1301,757,41.81,1.77,31.74
840290000A1123,,,,,,,,,,
84072000BT0032,2.35,1.55,0.438,0.582,8.16,1788,149,91.67,85.68,87.75
07056000AC0173,2.05,1.1,0.329,0.641,1.32,676,443,34.47,0.0,23.96
26345000AK0327,2.1,1.4,0.366,0.702,1.85,1594,660,58.59,41.03,45.98
840940000C0006,2.25,1.4,0.52,0.43,2.13,11081,3901,64.8,18.09,53.02
831250000D1289,2.05,1.75,0.568,0.485,1.41,475,230,51.58,0.21,29.05
84012000AP0061,2.1,1.25,0.397,0.633,5.03,1217,169,86.11,78.06,80.12
830490000D2461,2.45,1.8,0.492,0.63,1.3,920,577,37.28,0.43,23.37
26345000BL0303,2.15,1.4,0.407,0.658,1.52,834,446,46.52,18.71,34.05
072910000B0045,2.4,1.65,0.552,0.41,2.26,17632,5033,71.46,30.41,55.69
13056000DS0177,2.4,2.05,0.617,0.425,1.48,986,401,59.33,4.36,32.66
841130000C0701,2.05,1.3,0.53,0.502,2.17,828,308,62.8,25.85,53.86
840940000D0127,2.1,1.2,0.46,0.548,12.02,1683,108,93.58,88.29,91.68
26345000AH0052,2.0,1.4,0.529,0.564,1.48,864,470,45.6,3.59,32.52
13079000AE0211,2.0,2.05,0.599,0.473,1.35,999,464,53.55,1.7,26.13
840970000B0308,2.15,1.4,0.515,0.468,3.77,15189,2699,82.23,62.06,73.44
83096000AC0191,2.4,2.15,0.568,0.473,2.14,289,86,70.24,37.02,53.29
84104000AH0397,2.1,1.4,0.384,0.802,2.19,3197,1085,66.06,57.68,54.33
840960000F0198,2.3,1.4,0.548,0.542,2.36,815,270,66.87,38.9,57.67
830910000E0158,2.1,2.15,0.601,0.446,1.38,1297,567,56.28,2.0,27.29
26038000ZI0165,2.0,1.6,0.565,0.495,1.39,1045,524,49.86,0.0,28.13
84091000AK0024,2.5,1.4,0.533,0.497,3.06,1784,448,74.89,49.44,67.32
830210000L0135,2.5,1.75,0.472,0.331,7.57,976,87,91.09,73.05,86.78
84137000AC0234,2.2,1.4,0.477,0.411,2.58,129,44,65.89,17.05,61.24
830570000D0548,2.45,1.95,0.553,0.553,4.09,1794,263,85.34,73.47,75.53
841340000D0292,2.45,1.4,0.531,0.451,1.77,211,88,58.29,7.58,43.6
070970000D0627,2.0,1.85,0.566,0.484,1.41,1682,815,51.55,0.0,29.19
13069000AV0424,2.1,2.0,0.602,0.47,2.49,11478,2607,77.29,51.68,59.87
84129000BH0026,,,,,,,,,,
26179000ZC0045,2.5,2.05,0.542,0.645,1.8,1767,682,61.4,40.12,44.54
841220000B0484,2.3,1.35,0.391,0.673,2.72,838,237,71.72,58.0,63.25
830460000E0314,,,,,,,,,,
841500000H0623,2.2,1.4,0.53,0.561,1.95,4711,1680,64.34,36.38,48.74
840370000C0310,1.85,1.65,0.46,0.768,2.81,494,129,73.89,65.99,64.37
840720000D0133,2.0,1.45,0.538,0.647,1.97,226,90,60.18,38.5,49.12
830570000B0015,2.5,2.1,0.511,0.505,6.87,1140,110,90.35,80.88,85.44
830720000G1184,2.45,2.0,0.611,0.558,3.17,673,125,81.43,66.72,68.5
13050000BE0122,2.5,1.75,0.445,0.482,26.91,5247,147,97.2,94.19,96.28
84012000AO0485,2.2,1.2,0.34,0.817,3.32,2739,597,78.2,73.31,69.88
840300000A1623,2.2,1.45,0.485,0.542,6.52,2101,213,89.86,81.29,84.67
830260000D0550,2.05,1.95,0.556,0.516,10.46,1517,79,94.79,89.91,90.44
840200000C1169,2.25,1.35,0.518,0.494,7.4,770,82,89.35,78.44,86.49
26345000AZ0114,2.15,1.4,0.54,0.525,1.64,1968,859,56.35,16.87,38.87
26345000AE0135,,,,,,,,,,
830690000C4884,2.0,2.1,0.594,0.429,1.43,17038,7088,58.4,3.01,30.02
13050000BH0100,2.4,2.15,0.58,0.343,1.85,4146,1288,68.93,9.5,46.02
841460000B0830,2.3,1.4,0.521,0.509,1.98,293,113,61.43,24.23,49.49
840560000B0643,2.5,1.4,0.544,0.447,2.08,4523,1596,64.71,21.14,51.85
84069000AK0181,1.65,1.45,0.416,0.654,14.56,1806,68,96.23,94.24,93.13
07317000AC0248,2.35,2.0,0.6,0.467,1.95,955,321,66.39,28.06,48.69
84129000AT0096,2.35,1.65,0.562,0.495,2.81,2681,559,79.15,57.85,64.42
26165000ZE0024,2.5,1.4,0.512,0.516,7.74,2021,158,92.18,84.86,87.09
13082000CL0049,1.9,1.95,0.566,0.409,1.58,8207,3331,59.41,0.78,36.83
070090000C0810,1.9,2.05,0.588,0.623,1.88,1081,383,64.57,43.11,46.9
07313000AH0211,1.55,1.1,0.388,0.521,1.49,600,318,47.0,0.0,32.83
263570000E0191,2.35,1.2,0.434,0.6,21.51,1527,57,96.27,93.78,95.35
072340000A0779,1.95,1.7,0.545,0.504,1.34,820,422,48.54,0.0,25.61
072910000A0363,2.45,1.65,0.563,0.484,1.55,641,264,58.81,14.98,35.57
830570000C0579,2.5,1.95,0.516,0.571,6.06,327,36,88.99,80.73,83.49
830470000C1123,2.15,2.15,0.607,0.426,1.55,23459,8222,64.95,17.77,35.38
841460000A0139,2.5,1.3,0.533,0.44,1.91,431,192,55.45,0.0,47.56
13082000AL0053,2.05,2.0,0.606,0.541,1.58,1045,373,64.31,34.07,36.65
840220000B0348,2.2,1.15,0.282,0.425,37.0,666,17,97.45,93.99,97.3
072680000B0514,2.15,1.4,0.537,0.53,1.9,1321,552,58.21,21.12,47.46
830950000G0230,2.3,2.05,0.602,0.441,3.02,6464,1128,82.55,60.47,66.94
261790000A1055,2.1,1.45,0.527,0.559,1.37,1350,758,43.85,0.0,27.26
072910000A0370,2.45,1.6,0.519,0.373,4.64,1226,177,85.56,61.34,78.47
83016000AI0528,2.1,2.05,0.548,0.428,1.78,3722,1489,59.99,6.58,43.69
263570000S0006,2.05,1.35,0.543,0.544,1.47,1261,667,47.11,2.7,32.12
841380000M0342,2.4,1.35,0.435,0.637,7.72,3905,364,90.68,85.38,87.04
840170000G1029,2.4,1.65,0.411,0.715,3.01,1065,271,74.55,64.41,66.76
26367000AK0017,2.5,1.4,0.375,0.802,2.13,1728,626,63.77,54.8,53.07
84104000AB0170,2.45,1.4,0.528,0.496,1.96,596,226,62.08,23.49,48.99
841170000A0355,2.1,1.35,0.503,0.523,3.29,898,207,76.95,55.9,69.6
840190000D0927,2.25,1.4,0.53,0.515,2.58,699,202,71.1,43.92,61.23
840490000A0826,2.5,1.4,0.529,0.456,1.73,410,188,54.15,0.0,42.2
84119000AV0001,2.65,1.4,0.531,0.391,2.07,1619,576,64.42,9.02,51.76
841500000C0433,2.05,1.2,0.388,0.538,25.9,3238,99,96.94,94.32,96.14
830680000D0632,2.45,2.0,0.63,0.543,3.18,487,94,80.7,64.48,68.58
263480000D0296,2.35,1.4,0.39,0.703,3.1,924,234,74.68,63.96,67.75
840610000B0234,2.1,1.4,0.35,0.717,1.5,1835,988,46.16,24.9,33.41
841340000C0524,1.95,1.4,0.52,0.59,15.64,18113,687,96.21,93.57,93.61
830270000E0653,2.2,2.0,0.529,0.544,1.46,1892,922,51.27,10.41,31.66
840160000L2365,2.25,1.65,0.566,0.434,1.79,2091,798,61.84,12.05,44.09
84072000BX0002,2.25,1.65,0.556,0.48,2.46,3922,1014,74.15,46.15,59.36
073450000A0135,1.85,1.25,0.469,0.557,1.54,358,195,45.53,2.23,35.2
84082000AH0054,2.55,1.6,0.549,0.56,4.89,1385,177,87.22,77.18,79.57
83101000AR0079,2.05,2.15,0.555,0.328,2.25,1073,340,68.31,3.36,55.55
83071000CC0284,2.5,1.65,0.434,0.554,1.56,470,258,45.11,0.85,35.74
84118000AX0104,2.55,1.65,0.564,0.444,1.55,1071,446,58.36,6.26,35.67
26377000AM0387,2.45,1.3,0.378,0.732,1.7,485,230,52.58,35.26,41.03
841000000C0323,2.15,1.25,0.487,0.54,5.17,1835,277,84.9,72.04,80.65
84137000AZ0189,2.0,1.4,0.516,0.576,5.88,4131,453,89.03,80.97,82.98
841090000B0082,2.2,1.65,0.406,0.729,1.76,1051,485,53.85,36.73,43.2
841380000C0031,2.2,1.4,0.494,0.558,3.46,878,177,79.84,63.9,71.07
070700000B0992,2.55,2.15,0.556,0.37,2.51,171,47,72.51,25.73,60.23
83101000AK0105,2.0,1.8,0.575,0.476,1.32,8467,3999,52.77,0.78,24.28
263800000D0015,1.55,1.7,0.434,0.552,1.45,921,515,44.08,0.0,31.16
830280000D0723,2.2,1.95,0.58,0.398,2.02,663,229,65.46,13.27,50.53
26345000AY0049,1.9,1.35,0.472,0.536,9.73,2054,127,93.82,88.46,89.73
26377000AS0113,2.5,1.35,0.48,0.502,2.44,391,127,67.52,35.29,59.08
840290000C0484,2.1,1.4,0.363,0.735,1.84,156,75,51.92,34.62,45.51
263800000C0946,1.85,1.3,0.491,0.557,1.38,1921,1107,42.37,0.0,27.54
841370000D0132,2.0,1.4,0.507,0.495,3.33,2365,550,76.74,53.02,69.94
070890000C0923,2.25,1.65,0.545,0.474,1.63,349,171,51.0,0.0,38.68
840520000G0359,2.5,1.35,0.461,0.658,1.67,9205,4162,54.79,31.33,40.2
26345000AV0048,2.4,1.4,0.498,0.532,5.76,1048,125,88.07,77.58,82.63
830510000E1210,2.5,2.1,0.568,0.303,3.45,9030,1569,82.62,42.67,71.04
84122000CA0076,2.5,1.35,0.503,0.409,4.56,10477,1585,84.87,63.01,78.06
07264000AZ0181,2.5,1.4,0.371,0.762,2.8,4437,1187,73.25,64.89,64.3
840170000B1169,2.0,1.65,0.569,0.508,1.41,2473,1181,52.24,5.98,28.87
830720000C1224,2.25,1.85,0.468,0.532,7.24,4363,393,90.99,83.06,86.18
07324000AZ0164,1.55,1.35,0.433,0.532,1.36,1813,951,47.55,1.49,26.48
07174000AC0395,2.0,1.7,0.565,0.61,1.27,210,125,40.48,2.38,21.43
840690000C0824,2.0,1.55,0.507,0.426,1.83,1868,787,57.87,1.12,45.29
84036000AM0001,2.0,1.4,0.498,0.573,3.63,13163,2726,79.29,63.84,72.42
841060000B0019,1.2,1.35,0.289,0.684,23.49,1597,39,97.56,96.43,95.74
261820000G0817,2.1,1.15,0.459,0.545,13.38,1953,109,94.42,89.76,92.52
841330000F0274,,,,,,,,,,
840940000F0240,2.5,1.4,0.488,0.405,4.75,1259,183,85.46,64.1,78.95
26054000AE0143,2.0,1.4,0.537,0.573,1.65,1532,651,57.51,25.85,39.43
830040000B0734,2.35,2.0,0.604,0.496,5.0,9479,921,90.28,80.4,79.99
840720000E0677,2.5,1.65,0.514,0.414,2.04,322,130,59.63,2.48,50.93
841460000B0571,2.25,1.4,0.419,0.644,1.32,3311,2108,36.33,1.21,24.49
070150000C0549,1.55,1.45,0.433,0.507,1.55,374,189,49.47,0.27,35.29
83101000BK0156,2.45,2.05,0.573,0.494,1.69,4466,1732,61.22,21.5,40.66
841000000C0401,2.3,1.25,0.473,0.485,7.83,979,97,90.09,79.57,87.23
26317000AL0033,2.4,1.4,0.545,0.54,3.47,2413,481,80.07,63.08,71.2
840960000E0095,2.1,1.4,0.352,0.721,1.42,1952,1129,42.16,19.83,29.76
830720000H1543,2.0,1.9,0.582,0.568,1.45,555,249,55.14,21.08,30.99
841500000B0608,2.1,1.4,0.519,0.608,3.01,752,174,76.86,61.97,66.76
84024000AD0192,1.2,1.05,0.273,0.449,45.06,2433,31,98.73,97.16,97.78
84104000AC0093,2.05,1.35,0.54,0.564,1.46,356,195,45.22,2.81,31.46
261100000A0345,1.95,1.55,0.531,0.451,1.6,1015,457,54.98,0.2,37.44
13025000AC0094,2.5,2.0,0.497,0.512,1.61,1113,583,47.62,0.0,37.74
840560000A0087,2.1,1.2,0.311,0.858,4.88,1963,297,84.87,82.37,79.52
83097000AP0267,2.0,1.7,0.56,0.482,1.37,1288,639,50.39,0.0,27.1
07264000AX0279,2.15,1.4,0.525,0.455,1.83,2258,973,56.91,5.27,45.44
261800000A0117,2.2,1.4,0.548,0.595,3.2,320,75,76.56,60.62,68.75
84102000AM0277,2.45,1.65,0.466,0.731,1.86,563,236,58.08,42.63,46.18
840170000G0860,2.35,1.6,0.562,0.506,2.33,1155,336,70.91,42.51,57.14
261800000C0009,2.45,1.35,0.371,0.579,1.85,213,99,53.52,19.72,46.01
840190000G0434,2.15,1.4,0.35,0.756,1.41,1901,1152,39.4,19.88,29.25
840170000E0518,2.5,1.1,0.27,0.333,62.64,877,11,98.75,96.24,98.4
830310000E0182,2.4,1.95,0.505,0.657,2.95,858,215,74.94,61.89,66.08
840370000C0154,2.45,1.65,0.572,0.508,2.29,956,267,72.07,44.98,56.38
840190000D1055,2.3,1.4,0.519,0.646,4.11,460,82,82.17,72.39,75.65
261190000H0311,2.15,1.95,0.622,0.48,1.42,566,255,54.95,6.18,29.51
84041000AD0307,2.2,1.65,0.462,0.412,8.19,680,54,92.06,80.74,87.79
073170000C0214,2.1,2.0,0.575,0.435,1.64,458,193,57.86,3.06,39.08
84129000AB0012,2.1,1.65,0.539,0.46,2.9,858,226,73.66,42.77,65.5
840370000D0954,2.35,1.65,0.567,0.561,1.84,169,78,53.85,17.75,45.56
261820000G0315,2.4,1.35,0.499,0.516,1.49,2119,1157,45.4,0.0,32.85
073430000D0095,2.4,1.65,0.465,0.757,1.99,333,128,61.56,49.25,49.85
831340000E0539,2.3,2.1,0.598,0.5,3.55,1993,281,85.9,71.8,71.85
840170000C1107,2.25,1.65,0.39,0.644,1.5,662,360,45.62,15.56,33.23
840770000B0515,2.15,1.45,0.428,0.628,2.16,894,312,65.1,44.41,53.8
840300000E0584,2.15,1.65,0.559,0.552,2.46,1343,353,73.72,52.42,59.42
840910000D0193,2.45,1.4,0.534,0.498,1.74,311,138,55.63,10.93,42.44
84102000BD0087,,,,,,,,,,
84028000AL0116,2.3,1.2,0.505,0.531,3.45,1008,243,75.89,54.56,71.03
84028000AK0069,2.3,1.15,0.281,0.345,39.33,708,10,98.59,95.9,97.46
13082000BP0007,2.5,1.25,0.478,0.576,1.5,10980,6268,42.91,0.91,33.45
26271000ZE0083,2.1,2.1,0.618,0.527,1.75,1401,397,71.66,46.18,42.97
073430000E1253,2.4,1.55,0.532,0.466,1.66,346,160,53.76,0.87,39.6
84129000AB0048,2.4,1.65,0.563,0.425,2.19,3095,958,69.05,27.14,54.38
07245000BA0048,1.1,1.3,0.389,0.642,1.37,56,34,39.29,5.36,26.79
841460000B0102,2.4,1.4,0.511,0.607,3.96,796,156,80.4,67.71,74.75
83101000AS0348,2.0,1.75,0.567,0.455,1.43,4277,1950,54.41,0.0,29.86
26377000AX0043,2.5,1.35,0.535,0.481,3.09,2530,600,76.28,50.67,67.63
84028000AH0183,2.1,1.4,0.543,0.549,1.87,1419,560,60.54,28.12,46.58
130800000E0117,2.4,2.0,0.588,0.403,1.62,572,232,59.44,0.0,38.29
263570000K0226,2.05,1.4,0.537,0.557,1.91,821,333,59.44,27.16,47.62
830250000B0055,2.05,1.9,0.51,0.391,11.24,2753,143,94.81,86.71,91.1
13080000BZ0061,2.5,2.0,0.475,0.518,2.19,2031,765,62.33,27.23,54.36
840490000C0476,2.15,1.25,0.38,0.729,1.85,3386,1455,57.03,41.05,45.89
841500000B0037,2.25,1.4,0.521,0.56,2.77,5601,1443,74.24,53.95,63.88
83042000AK0026,1.95,1.85,0.564,0.442,1.49,934,415,55.57,0.0,32.87
830910000B0580,1.8,1.25,0.419,0.465,1.99,356,161,54.78,2.81,49.72
841330000F0569,2.5,1.35,0.516,0.55,3.39,2530,521,79.41,62.53,70.47
830390000C0067,2.3,1.95,0.557,0.387,5.84,2009,199,90.09,74.42,82.88
84088000AV0261,2.25,1.65,0.413,0.566,2.87,4123,1240,69.92,46.83,65.1
830680000A0394,2.35,1.5,0.466,0.502,1.61,476,239,49.79,0.0,38.03
26345000BK0039,2.15,1.4,0.505,0.62,3.73,1788,342,80.87,69.13,73.15
830720000B0738,2.45,1.9,0.489,0.36,13.69,1150,41,96.43,90.09,92.7
84138000BB0036,2.4,1.4,0.505,0.58,1.92,3423,1317,61.52,33.63,47.91
263800000C0971,1.9,1.6,0.52,0.508,1.47,1197,621,48.12,0.0,32.0
831110000B0049,2.15,2.1,0.604,0.433,1.77,833,273,67.23,24.25,43.58
263570000D0175,2.2,1.4,0.359,0.689,1.73,548,255,53.47,32.48,42.34
840220000A0470,2.2,1.2,0.33,0.786,3.16,1548,360,76.74,70.41,68.35
830190000G1889,2.25,2.0,0.596,0.403,1.59,3153,1264,59.91,0.48,36.92
84024000AM0087,2.5,1.15,0.319,0.641,1.39,547,345,36.93,1.65,28.15
830650000C0252,2.4,2.05,0.483,0.611,2.13,2683,969,63.88,40.89,52.96
840960000D0559,2.3,1.4,0.553,0.533,1.67,959,437,54.43,14.49,40.04
841220000A0326,2.05,1.35,0.524,0.656,2.08,2970,1055,64.48,45.82,51.99
840300000D0285,2.1,1.55,0.422,0.531,6.84,253,26,89.72,80.63,85.38
840720000D0738,2.3,1.65,0.457,0.763,1.45,1687,899,46.71,30.11,30.94
830670000C1793,2.4,2.1,0.488,0.426,3.72,2835,580,79.54,51.96,73.09
841220000B1231,2.0,1.35,0.394,0.754,2.68,1801,494,72.57,63.63,62.69
830320000C0583,2.4,1.8,0.49,0.396,13.67,1709,61,96.43,90.99,92.69
841450000K0542,2.45,1.65,0.55,0.433,1.78,6677,2434,63.55,15.88,43.81
84041000AD0297,2.35,1.2,0.302,0.638,8.51,315,30,90.48,85.08,88.25
841150000A0226,2.15,1.65,0.543,0.641,2.08,348,109,68.68,51.15,52.01
13050000BK0012,2.5,1.95,0.474,0.585,2.54,877,282,67.84,45.04,60.66
841460000D0393,2.25,1.4,0.517,0.552,3.04,1163,286,75.41,55.46,67.07
841340000C0616,2.1,1.4,0.515,0.566,2.31,5074,1631,67.86,43.16,56.7
840020000B0703,2.35,1.15,0.451,0.512,3.59,463,108,76.67,54.43,72.14
841380000H0460,2.4,1.4,0.399,0.68,1.28,1048,673,35.78,5.63,22.14
830730000G0868,,,,,,,,,,
26054000AL0131,2.2,1.35,0.451,0.659,1.21,4196,2774,33.89,0.0,17.64
841060000B0385,2.1,1.4,0.532,0.505,2.1,10384,3409,67.17,34.96,52.38
841480000E0919,2.6,1.5,0.506,0.537,3.0,93,22,76.34,55.91,66.67
840610000B0212,2.3,1.35,0.374,0.85,2.39,2174,699,67.85,62.19,58.23
26345000BK0060,2.35,1.4,0.478,0.644,5.33,384,58,84.9,76.56,81.25
830370000C0811,2.35,2.1,0.613,0.406,1.89,13845,3881,71.97,30.96,47.19
13110000BP0098,2.0,1.8,0.566,0.435,1.48,2214,976,55.92,0.0,32.25
07070000AL0104,,,,,,,,,,
841370000D0081,1.4,1.0,0.187,0.4,53.69,698,8,98.85,97.13,98.14
841220000B1552,1.35,1.35,0.363,0.633,31.26,2688,38,98.59,97.77,96.8
840960000C0391,2.2,1.4,0.526,0.594,3.99,829,149,82.03,69.72,74.91
13050000AW0011,2.45,2.0,0.613,0.752,4.17,2097,364,82.64,76.92,76.01
840300000C0788,2.2,1.65,0.57,0.465,1.52,1590,700,55.97,5.41,34.21
130030000F0322,2.5,1.6,0.486,0.647,1.31,664,432,34.94,0.0,23.95
840960000B0901,2.2,1.4,0.464,0.625,2.68,4181,1129,73.0,56.8,62.69
830260000A0165,2.45,2.1,0.553,0.462,3.57,1769,309,82.53,62.18,71.96
84073000AV0128,2.1,1.35,0.532,0.611,5.27,2874,403,85.98,77.04,81.04
840390000H1342,1.75,1.65,0.43,0.807,1.5,1291,682,47.17,34.55,33.23
261800000C0424,2.2,1.3,0.506,0.509,3.18,1046,267,74.47,49.81,68.55
83116000AW0209,2.0,1.45,0.535,0.467,1.65,3225,1476,54.23,2.02,39.41
263570000K0223,2.65,1.35,0.531,0.491,2.69,463,139,69.98,38.88,62.85
841220000B1235,2.3,1.15,0.357,0.816,3.7,4314,887,79.44,74.8,72.99
07264000AZ0228,2.35,1.2,0.409,0.49,22.45,696,24,96.55,92.96,95.55
13050000BI0289,2.6,1.3,0.335,0.441,30.29,636,15,97.64,94.65,96.7
840300000B0300,2.3,1.0,0.185,0.2,119.0,595,3,99.5,97.48,99.16
84046000AB0010,2.2,1.65,0.563,0.554,3.73,1898,311,83.61,70.44,73.18
841370000A0110,2.4,1.4,0.539,0.497,1.92,833,330,60.38,20.29,48.02
830730000G0680,2.05,2.0,0.606,0.487,1.27,742,342,53.91,5.39,21.16
13082000AM0026,2.65,2.05,0.619,0.425,1.56,1525,514,66.3,20.72,35.74
830320000E1218,2.55,2.0,0.523,0.305,13.54,1543,54,96.5,88.53,92.61
83016000AD0303,2.2,2.1,0.498,0.624,1.37,2773,1580,43.02,8.62,27.26
841340000C0658,2.3,1.4,0.516,0.52,16.37,6859,246,96.41,93.1,93.89
84003000AB0021,2.55,1.35,0.497,0.446,3.1,774,185,76.1,46.38,67.7
830570000A0276,2.4,1.95,0.497,0.52,4.25,816,132,83.82,68.87,76.47
072590000B0598,1.95,1.4,0.522,0.534,1.42,2561,1369,46.54,0.0,29.6
840370000F0502,2.05,1.45,0.457,0.567,2.11,873,321,63.23,35.17,52.58
830320000E1281,2.4,1.7,0.398,0.625,1.4,2334,1446,38.05,0.81,28.75
84024000AN0047,1.15,1.15,0.294,0.577,43.05,4176,45,98.92,98.13,97.68
26220000AD0436,,,,,,,,,,
840370000D0030,2.15,1.55,0.544,0.498,1.48,1170,592,49.4,0.0,32.39
13110000AX0099,1.95,1.95,0.585,0.476,1.29,2063,986,52.21,0.0,22.25
84104000AO0399,2.15,1.4,0.524,0.584,2.22,982,323,67.11,43.69,54.89
840450000A0008,,,,,,,,,,
130590000G0727,2.5,2.0,0.469,0.523,1.71,234,123,47.44,0.0,41.45
263570000M0144,2.5,1.4,0.546,0.495,2.57,1315,361,72.55,44.49,61.06
83136000BH0056,2.4,1.85,0.549,0.485,10.44,3611,183,94.93,89.56,90.42
831000000D0221,2.0,1.65,0.567,0.483,1.38,672,335,50.15,0.0,27.38
841360000C0514,2.2,1.35,0.516,0.598,2.9,737,201,72.73,54.41,65.54
13035000BC0018,2.6,2.05,0.617,0.411,1.7,8449,2527,70.09,27.19,41.08
830670000D1361,2.4,2.0,0.558,0.554,1.72,410,200,51.22,11.95,41.71
13087000AH0042,2.5,2.0,0.593,0.385,1.72,1517,545,64.07,6.66,41.86
83116000AK0081,2.05,1.85,0.595,0.423,1.63,593,250,57.84,0.34,38.79
26250000ZI0034,2.0,1.65,0.556,0.419,1.71,2809,1180,57.99,0.0,41.58
83069000AC0098,2.45,1.15,0.424,0.562,1.52,3818,2112,44.68,1.57,34.36
84104000AO0087,2.5,1.4,0.54,0.516,2.17,401,132,67.08,36.16,53.87
840290000B0672,1.8,1.4,0.466,0.605,6.24,1254,112,91.07,85.25,83.97
84072000BN0057,2.35,1.65,0.56,0.472,1.87,1579,536,66.05,28.06,46.42
072640000B0419,1.95,1.4,0.491,0.492,16.28,7358,296,95.98,91.82,93.86
830730000F0669,2.4,2.05,0.616,0.509,2.41,850,199,76.59,54.0,58.59
830280000E0143,2.5,1.75,0.43,0.643,1.31,847,543,35.89,0.24,23.85
073170000C0267,1.4,1.65,0.436,0.443,1.8,711,304,57.24,3.38,44.44
840390000F0971,2.45,1.4,0.51,0.537,4.05,1041,189,81.84,66.19,75.31
841500000C0176,2.3,1.4,0.538,0.507,1.86,3292,1294,60.69,22.45,46.26
841330000F0237,2.5,1.35,0.515,0.439,2.22,7027,2421,65.55,21.49,54.87
840720000B0371,2.35,1.65,0.575,0.487,1.57,886,369,58.35,14.56,36.34
840560000A0474,2.0,1.4,0.543,0.576,1.82,1149,460,59.97,30.55,45.17
84046000AC0254,2.3,1.45,0.414,0.652,2.08,799,305,61.83,41.43,51.81
13072000AL0048,2.5,2.15,0.528,0.6,1.51,1258,600,52.31,20.51,33.62
84137000AT0270,2.2,1.4,0.514,0.446,3.62,5593,1133,79.74,54.53,72.34
13026000AR0033,2.3,2.0,0.578,0.461,2.55,946,243,74.31,44.29,60.78
84086000AR0145,1.7,1.15,0.413,0.559,17.82,4900,199,95.94,92.73,94.39
841330000F1466,2.5,1.35,0.527,0.422,2.61,5103,1444,71.7,32.94,61.65
84104000AD0171,2.45,1.4,0.543,0.488,2.03,371,143,61.46,21.02,50.67
840870000K0119,2.15,1.65,0.587,0.646,3.15,2751,517,81.21,70.92,68.3
83063000BM0146,2.15,1.9,0.419,0.404,5.31,154,19,87.66,69.48,81.17
831000000F0155,2.4,1.65,0.435,0.577,1.49,1017,584,42.58,0.39,33.04
830490000F0214,1.95,1.65,0.325,0.394,68.38,1641,13,99.21,97.99,98.54
840300000D0085,2.2,1.65,0.549,0.576,3.69,1181,193,83.66,71.63,72.9
830260000D0289,2.05,2.05,0.548,0.314,2.33,7557,2218,70.65,6.42,57.03
830460000F0547,2.5,1.95,0.542,0.511,7.14,2398,214,91.08,82.53,85.99
840220000A0053,2.3,1.2,0.461,0.607,3.57,660,142,78.48,64.55,71.97
841500000G0720,2.3,1.4,0.377,0.793,3.73,4190,847,79.79,74.51,73.22
841460000A0221,2.25,1.1,0.393,0.841,8.64,596,58,90.27,88.42,88.42
840300000D0571,2.15,1.65,0.449,0.521,7.03,506,37,92.69,85.97,85.77
84072000BH0250,2.5,1.65,0.549,0.408,2.55,2328,594,74.48,37.46,60.82
831000000E0626,2.0,2.0,0.602,0.475,1.27,9282,4381,52.8,0.7,21.57
840200000B1316,1.1,1.1,0.276,0.574,105.45,6960,31,99.55,99.22,99.05
840160000A0970,2.4,1.65,0.502,0.535,4.46,442,61,86.2,74.21,77.6
840300000B0134,2.15,1.65,0.543,0.474,1.8,382,148,61.26,18.32,44.5
84102000AY0146,,,,,,,,,,
840560000A0488,2.45,1.4,0.52,0.528,4.01,1131,220,80.55,63.13,75.07
830430000F0969,2.4,1.95,0.565,0.426,1.74,674,282,58.16,1.78,42.58
83068000CP0106,2.0,2.0,0.605,0.459,1.42,1066,487,54.32,0.56,29.55
841380000Q0141,2.3,1.4,0.334,0.74,1.46,1434,849,40.79,19.94,31.73
830910000C0021,2.05,1.7,0.57,0.509,1.3,3068,1557,49.25,0.29,23.08
84003000CI0166,2.3,1.35,0.534,0.518,2.26,4572,1441,68.48,39.13,55.66
83116000BD0067,2.25,2.1,0.608,0.388,3.14,1352,192,85.8,63.39,68.12
830350000C0167,2.15,1.9,0.574,0.416,1.61,1204,500,58.47,0.08,37.71
262260000B0037,2.35,1.15,0.418,0.494,9.85,1054,82,92.22,84.25,89.85
84104000AI0057,2.1,1.4,0.343,0.708,1.22,3817,2647,30.65,2.07,18.26
263570000V0280,2.4,1.15,0.424,0.553,3.58,93,26,72.04,49.46,72.04
841330000B0962,1.95,1.3,0.517,0.64,4.58,572,103,81.99,71.85,78.15
83136000AB0067,2.45,2.0,0.587,0.345,2.47,8540,2064,75.83,29.87,59.47
841330000F1440,2.4,1.25,0.521,0.502,2.96,767,213,72.23,44.72,66.23
840390000D0321,2.4,1.65,0.565,0.458,1.52,1096,503,54.11,0.0,34.03
831110000A0126,2.5,1.95,0.595,0.561,5.24,566,60,89.4,81.1,80.92
830210000D0284,,,,,,,,,,
841260000F0004,2.1,1.4,0.466,0.657,10.98,1592,94,94.1,91.02,90.89
830920000A0550,2.1,2.0,0.596,0.452,2.23,3050,799,73.8,42.03,55.25
84104000AO0079,2.1,1.4,0.373,0.737,1.81,1077,465,56.82,41.41,44.75
840290000C0061,2.4,1.4,0.537,0.445,1.72,3547,1546,56.41,2.06,41.87
841170000B0429,,,,,,,,,,
840290000D0535,2.2,1.1,0.217,0.865,2.36,1237,474,61.68,55.7,57.56
26054000AE0570,2.35,1.4,0.53,0.463,1.67,1772,804,54.63,2.09,39.95
841060000A0464,2.35,1.4,0.54,0.495,1.61,535,252,52.9,4.86,37.76
26220000AD0109,2.45,1.4,0.442,0.465,6.37,535,60,88.79,75.89,84.3
261820000F0677,2.15,1.4,0.538,0.465,1.71,1112,524,52.88,0.0,41.37
840020000D0122,2.05,1.35,0.493,0.419,1.88,3170,1322,58.3,0.47,46.78
84086000AP0563,2.5,1.35,0.524,0.511,1.77,1755,777,55.73,13.33,43.48
13110000CI0021,2.4,1.9,0.547,0.433,9.86,2307,113,95.1,88.69,89.86
841370000D0744,2.25,1.2,0.387,0.74,4.01,1715,313,81.75,75.34,75.04
841260000E0689,2.45,1.4,0.562,0.451,1.83,336,138,58.93,8.93,45.24
840160000A2214,2.25,1.3,0.368,0.673,1.24,2526,1700,32.7,0.0,19.04
263570000M0258,2.1,1.4,0.378,0.732,1.43,1048,593,43.42,22.71,29.96
26220000BL0241,2.4,1.4,0.503,0.488,3.29,1926,455,76.38,51.56,69.57
840750000E0979,2.3,1.65,0.514,0.71,4.06,1105,196,82.26,75.02,75.38
26377000ZC0030,2.4,1.25,0.373,0.779,3.12,378,88,76.72,70.11,67.99
840960000E0239,2.2,1.4,0.535,0.523,1.6,1657,795,52.02,8.27,37.6
841260000B0315,2.5,1.2,0.495,0.526,6.27,2057,259,87.41,76.08,84.05
830270000F0223,2.2,2.05,0.563,0.548,1.49,2855,1307,54.22,16.46,32.85
840960000B1160,2.15,1.4,0.542,0.635,3.05,430,106,75.35,61.16,67.21
262330000C0379,2.25,1.4,0.529,0.493,2.23,1877,628,66.54,32.13,55.25
83069000KD0011,2.1,1.9,0.563,0.376,1.95,1485,525,64.65,5.99,48.69
263570000Y0035,2.2,1.4,0.368,0.724,2.46,1970,627,68.17,56.04,59.34
840440000D1112,2.1,1.5,0.379,0.459,4.91,108,17,84.26,65.74,79.63
840970000C0082,2.3,1.35,0.527,0.521,3.22,1394,341,75.54,53.08,68.94
073430000B0088,2.3,1.6,0.555,0.471,1.72,449,197,56.12,6.9,41.87
83136000AD0058,2.15,2.0,0.433,0.345,17.58,668,20,97.01,91.32,94.31
840440000B1238,2.4,1.65,0.437,0.66,2.85,1989,580,70.84,55.81,64.86
072590000B0978,,,,,,,,,,
261800000C0550,,,,,,,,,,
84031000AI0086,2.0,1.45,0.489,0.606,6.57,782,77,90.15,83.76,84.78
072640000B0121,2.35,1.35,0.439,0.597,9.65,1196,89,92.56,87.54,89.63
841090000A0212,1.85,1.5,0.47,0.487,15.94,3125,132,95.78,91.33,93.73
830490000A0549,2.35,2.1,0.575,0.378,2.02,7278,2103,71.1,23.5,50.56
841360000A0610,2.5,1.35,0.538,0.45,1.76,2036,870,57.27,4.96,43.17
841170000C0634,2.4,1.4,0.498,0.434,3.5,245,62,74.69,41.63,71.43
840560000F0792,2.0,1.4,0.513,0.623,2.06,971,342,64.78,43.46,51.39
26345000BE0070,2.05,1.4,0.535,0.597,2.27,1145,380,66.81,44.37,55.98
070890000D0610,2.15,1.6,0.461,0.462,1.72,1987,924,53.5,0.0,41.92
84102000AH0215,2.4,1.65,0.539,0.63,1.86,507,201,60.36,37.08,46.15
263570000S0109,2.15,1.4,0.35,0.73,1.23,2591,1741,32.81,7.95,18.83
073430000B0863,2.4,1.65,0.413,0.738,1.65,768,371,51.69,34.51,39.45
840420000E0254,2.5,1.35,0.413,0.641,2.59,7074,2079,70.61,54.14,61.35
07152000ZB0056,1.25,1.25,0.385,0.557,1.35,727,413,43.19,0.0,25.72
840490000E0291,2.0,1.6,0.561,0.548,1.23,1735,978,43.63,0.0,18.56
840290000F0346,2.45,1.4,0.53,0.461,2.64,552,154,72.1,39.49,62.14
84012000AB0179,2.25,1.25,0.44,0.697,2.16,1922,678,64.72,49.38,53.75
830350000B0941,1.95,2.0,0.619,0.545,1.24,308,169,45.13,0.0,19.16
84127000AL0056,2.25,1.4,0.537,0.57,3.27,683,155,77.31,60.18,69.4
262750000G0025,2.0,1.4,0.523,0.573,1.92,1469,555,62.22,34.1,47.79
831000000D0774,2.0,1.5,0.546,0.496,1.46,5290,2572,51.38,2.04,31.66
841300000A0324,2.2,1.2,0.437,0.7,6.56,466,56,87.98,82.83,84.76
841450000J0037,2.6,1.65,0.554,0.432,1.75,1201,453,62.28,12.74,42.96
841150000A0158,2.3,1.65,0.413,0.635,1.4,2560,1521,40.59,6.45,28.59
261920000C0637,2.5,1.4,0.521,0.476,2.27,675,225,66.67,29.93,56.0
831340000E0884,1.8,1.9,0.535,0.409,1.68,26392,10779,59.16,0.04,40.46
13079000AM0077,2.05,1.7,0.569,0.481,1.47,1215,582,52.1,0.41,31.77
84072000CH0068,2.3,1.65,0.57,0.445,2.27,5385,1607,70.16,32.94,56.03
840960000A0098,2.05,1.35,0.502,0.509,2.16,231,82,64.5,30.3,53.68
84102000AH0013,2.45,1.45,0.364,0.747,2.75,209,68,67.46,56.46,63.64
07324000AX0160,2.5,1.35,0.404,0.537,1.53,673,349,48.14,3.42,34.77
840490000A0700,2.2,1.65,0.509,0.553,2.54,180,57,68.33,42.78,60.56
26054000AK0094,2.45,1.4,0.544,0.498,2.03,3138,1066,66.03,31.84,50.67
840780000B0783,2.05,1.35,0.379,0.769,2.42,671,200,70.19,61.25,58.72
840770000C0251,2.3,1.45,0.355,0.802,3.78,310,65,79.03,73.87,73.55
840720000D0420,2.45,1.45,0.546,0.512,2.17,1639,533,67.48,36.42,53.87
84072000CC0113,2.3,1.65,0.487,0.638,1.75,6952,2802,59.7,36.81,43.01
263570000K0075,2.25,1.15,0.453,0.641,10.99,1758,132,92.49,88.28,90.9
84012000AO0020,,,,,,,,,,
83123000AD0792,2.3,2.15,0.535,0.529,1.61,752,374,50.27,5.98,38.03
840440000A0370,2.55,1.65,0.538,0.489,1.86,826,315,61.86,22.03,46.37
840590000B0376,2.25,1.25,0.499,0.422,2.79,9178,2603,71.64,32.83,64.11
830880000A0154,2.0,1.95,0.535,0.46,14.71,1486,58,96.1,91.52,93.2
841500000D0110,2.45,1.4,0.545,0.501,2.88,903,227,74.86,49.83,65.23
07102000AX0040,2.5,2.15,0.554,0.363,2.09,490,124,74.69,30.2,52.24
840720000A0590,2.4,1.65,0.572,0.488,1.59,1487,606,59.25,16.48,37.12
84135000AN0017,2.35,1.4,0.455,0.6,5.64,5119,653,87.24,78.73,82.26
263800000C0692,1.5,1.8,0.468,0.463,1.62,1829,851,53.47,0.0,38.11
841160000A0193,2.3,1.4,0.474,0.54,2.89,486,136,72.02,48.15,65.43
07345000ZB0474,2.0,1.3,0.529,0.505,1.7,2895,1440,50.26,1.49,41.11
13056000DR0115,2.35,2.0,0.604,0.431,3.44,12271,1902,84.5,64.0,70.91
84003000CE0172,2.3,1.35,0.517,0.498,2.55,1204,354,70.6,40.95,60.8
07168000AK0118,2.35,1.65,0.548,0.489,2.05,2316,729,68.52,35.58,51.3
840290000F0076,,,,,,,,,,
830060000A0190,1.7,1.25,0.354,0.524,45.98,2345,33,98.59,97.31,97.83
840170000D0119,2.45,1.6,0.53,0.488,1.45,2348,1167,50.3,0.0,31.09
261880000A1011,2.2,1.4,0.466,0.645,3.22,818,193,76.41,63.45,68.95
830910000A0350,2.55,2.0,0.558,0.406,4.0,244,43,82.38,56.56,75.0
841430000A0097,2.3,1.4,0.384,0.536,2.61,222,67,69.82,43.69,61.71
841500000F0138,2.0,1.35,0.535,0.502,1.58,2540,1312,48.35,0.0,36.81
841060000A0654,2.1,1.4,0.511,0.551,1.58,2630,1224,53.46,15.51,36.54
840970000D0313,2.5,1.4,0.529,0.465,2.26,1294,429,66.85,28.67,55.72
070590000A0279,1.4,0.95,0.363,0.533,1.45,2897,1538,46.91,0.31,30.93
84012000AE0172,2.45,1.25,0.36,0.74,1.55,368,191,48.1,29.89,35.6
13050000BT0015,2.35,1.8,0.459,0.322,47.7,5008,67,98.66,95.85,97.9
841500000B0278,2.25,1.4,0.516,0.596,10.31,2197,140,93.63,89.3,90.3
84073000AN0110,2.3,1.3,0.423,0.593,43.1,1810,35,98.07,96.74,97.68
84012000AO0167,2.1,1.25,0.328,0.832,2.33,1891,609,67.79,61.29,57.06
840770000C0308,1.95,1.45,0.455,0.609,3.45,262,56,78.63,64.89,70.99
263570000C0140,2.1,1.4,0.542,0.532,2.03,1124,413,63.26,30.87,50.71
072910000A0758,2.05,1.65,0.552,0.545,2.04,2723,861,68.38,42.01,50.94
13050000BP0122,2.5,1.75,0.431,0.665,1.32,529,343,35.16,2.46,24.2
83097000AO0157,2.0,1.85,0.589,0.471,1.31,1002,481,52.0,0.0,23.55
070970000B0372,2.2,1.75,0.458,0.594,1.42,561,338,39.75,0.0,29.41
830560000C0560,2.35,1.9,0.598,0.5,3.9,483,79,83.64,67.29,74.33
841270000D0752,2.3,1.3,0.388,0.786,39.58,1979,44,97.78,97.17,97.47
070090000B0193,2.45,1.95,0.571,0.345,2.51,193,61,68.39,8.29,60.1
841500000H0185,2.2,1.4,0.51,0.518,2.68,2380,643,72.98,47.86,62.73
840870000C1107,2.25,1.65,0.411,0.669,2.09,5151,1993,61.31,42.21,52.22
830510000B0084,2.45,1.95,0.493,0.351,7.18,941,91,90.33,72.48,86.08
84102000AS0123,2.6,1.45,0.368,0.8,5.47,82,12,85.37,81.71,81.71
84073000AI0231,2.5,1.35,0.49,0.466,8.01,1482,135,90.89,80.43,87.52
840150000B0150,2.35,1.65,0.464,0.424,3.19,118,28,76.27,44.07,68.64
130510000D0954,1.95,2.1,0.616,0.489,1.5,251,108,56.97,11.95,33.47
830310000F1123,2.15,1.95,0.573,0.41,2.57,5047,1231,75.61,40.48,61.05
070090000A0667,1.95,2.0,0.57,0.452,1.54,1115,503,54.89,0.27,35.07
840300000A0208,2.2,1.45,0.35,0.707,7.15,565,58,89.73,85.49,86.02
840220000A0260,2.15,1.4,0.517,0.587,4.66,1243,185,85.12,74.66,78.52
841220000A0313,1.6,1.1,0.4,0.657,27.65,6967,155,97.78,96.61,96.38
830270000B0156,2.1,2.0,0.589,0.524,1.61,1397,550,60.63,24.84,37.8
840160000A0933,2.1,1.45,0.516,0.719,3.38,152,41,73.03,62.5,70.39
840160000L0318,2.35,1.5,0.536,0.555,1.85,194,86,55.67,20.1,45.88
07279000AM0084,1.4,1.4,0.382,0.571,21.88,1991,48,97.59,95.78,95.43
263480000E0627,2.15,1.4,0.512,0.467,4.39,6279,1047,83.33,64.33,77.24
83123000AD0193,2.15,1.6,0.316,0.5,7.06,113,12,89.38,78.76,85.84
840170000G1173,2.65,1.65,0.562,0.427,2.26,536,163,69.59,28.73,55.78
26345000BD0036,2.15,1.4,0.499,0.673,2.07,1679,607,63.85,46.28,51.76
840720000B0405,2.25,1.65,0.465,0.805,2.51,450,149,66.89,58.89,60.22
84149000AW0014,2.6,1.4,0.516,0.506,5.42,1545,195,87.38,75.08,81.55
831250000C0346,2.45,2.05,0.581,0.631,2.02,291,101,65.29,45.02,50.52
840450000C0603,1.85,1.35,0.485,0.621,3.67,411,87,78.83,65.94,72.75
262750000D0239,2.25,1.4,0.54,0.504,1.9,3071,1192,61.19,22.99,47.35
840970000C0078,2.35,1.4,0.535,0.511,1.99,2778,1024,63.14,27.9,49.64
830060000A0092,2.0,2.05,0.604,0.502,1.24,676,343,49.26,0.0,19.08
84122000AD0114,2.25,1.35,0.546,0.516,2.11,1260,470,62.7,27.78,52.7
840190000D1104,2.25,1.4,0.504,0.557,3.08,6123,1484,75.76,56.49,67.52
84008000AS0501,2.15,1.55,0.436,0.383,5.45,469,69,85.29,61.62,81.66
261820000A0793,2.05,1.35,0.484,0.587,6.64,990,101,89.8,82.63,84.95
13035000AV0176,2.65,1.95,0.544,0.263,3.2,5564,1262,77.32,13.73,68.75
830330000B0555,2.0,2.0,0.606,0.452,1.42,2268,1032,54.5,0.0,29.54
831080000F0296,2.5,2.1,0.485,0.654,1.34,951,568,40.27,8.73,25.34
84137000AC0247,2.0,1.4,0.508,0.539,4.8,1607,262,83.7,69.76,79.15
840490000E0150,2.1,1.25,0.309,0.897,23.69,687,26,96.22,95.78,95.78
83016000AH0177,2.05,1.55,0.565,0.518,1.42,970,498,48.66,0.82,29.59
841170000A0776,,,,,,,,,,
130510000B0822,2.3,2.0,0.619,0.5,2.96,133,37,72.18,44.36,66.17
840370000A0405,2.0,1.6,0.551,0.647,2.67,526,134,74.52,60.65,62.55
13079000AH0059,,,,,,,,,,
84053000ZM0069,2.3,1.4,0.336,0.677,1.27,333,226,32.13,0.0,21.32
840190000H1028,2.2,1.4,0.387,0.66,1.35,143,95,33.57,0.0,25.87
13030000AZ0067,2.3,2.15,0.563,0.596,1.65,1057,459,56.58,27.15,39.45
13056000DO0251,2.45,2.0,0.565,0.448,2.64,4118,983,76.13,46.77,62.19
26345000BH0167,2.15,1.4,0.451,0.655,6.92,3355,364,89.15,83.43,85.54
831250000D0149,2.05,2.0,0.604,0.471,1.29,1202,571,52.5,0.0,22.3
26345000AV0069,2.1,1.4,0.356,0.805,2.13,2513,889,64.62,56.07,53.08
840170000G1018,2.35,1.65,0.559,0.505,3.03,1872,388,79.27,58.97,66.99
84046000AM0032,2.3,1.45,0.363,0.615,1.39,741,453,38.87,0.67,28.07
830500000H0322,,,,,,,,,,
841170000A0529,2.35,1.4,0.534,0.489,3.17,4171,907,78.25,55.53,68.5
840830000B0042,2.0,1.2,0.386,0.754,2.53,453,138,69.54,59.6,60.49
830910000C0218,2.4,1.95,0.587,0.389,2.14,457,143,68.71,19.47,53.17
84082000BE0033,2.25,1.65,0.554,0.484,1.62,1234,504,59.16,15.56,38.09
07264000AV0030,2.0,1.4,0.534,0.597,3.15,1060,240,77.36,62.08,68.3
84145000AE0077,2.5,1.65,0.468,0.673,1.49,3085,1643,46.74,20.84,32.87
84145000AH0440,1.95,1.65,0.542,0.582,3.23,1246,251,79.86,65.41,69.02
26054000AE0298,1.85,1.2,0.463,0.534,1.56,470,246,47.66,1.91,35.96
840870000N0524,,,,,,,,,,
840870000O0316,2.05,1.65,0.433,0.657,1.91,488,205,57.99,36.07,47.54
830580000B0986,2.05,1.65,0.566,0.496,1.4,905,456,49.61,0.0,28.62
830910000E0154,2.0,1.6,0.563,0.497,1.42,1598,791,50.5,0.38,29.54
840590000A0235,2.15,1.25,0.45,0.657,2.57,1487,448,69.87,54.14,61.06
83119000AW0401,2.0,1.9,0.571,0.448,1.46,466,209,55.15,0.0,31.55
830910000D0668,2.25,2.1,0.574,0.421,2.05,304,98,67.76,23.36,51.32
13082000BH0144,1.65,1.5,0.463,0.458,1.52,2438,1123,53.94,0.0,34.17
841000000C0433,2.1,1.25,0.485,0.609,3.06,1580,411,73.99,57.28,67.34
841500000E0683,2.4,1.2,0.453,0.453,10.46,931,68,92.7,83.89,90.44
830180000A0289,2.45,2.05,0.557,0.418,4.34,1581,185,88.3,71.98,76.98
840090000D0132,2.65,1.35,0.536,0.431,2.83,10041,2542,74.68,41.32,64.68
830940000F0080,2.45,2.0,0.539,0.477,2.91,221,63,71.49,40.27,65.61
830940000F0353,2.05,1.9,0.549,0.488,1.5,716,357,50.14,0.0,33.24
840370000D0619,2.25,1.15,0.277,0.732,1.19,401,292,27.18,0.5,15.71
263220000A0239,2.4,1.35,0.414,0.571,1.7,768,374,51.3,14.71,41.28
841330000F0326,2.5,1.35,0.442,0.643,1.96,2278,889,60.97,39.33,48.86
841330000F0075,2.15,1.35,0.525,0.565,4.24,1320,243,81.59,67.42,76.44
13001000NA0005,2.05,2.0,0.594,0.432,1.4,27228,11465,57.89,2.57,28.42
840300000C0932,2.5,1.6,0.559,0.49,2.01,325,118,63.69,25.85,50.15
840390000F1270,2.1,1.65,0.539,0.577,1.57,811,351,56.72,25.03,36.37
840030000F0120,2.1,1.35,0.514,0.517,2.9,6646,1660,75.02,51.72,65.54
07174000AB0190,2.3,1.8,0.473,0.484,1.68,603,297,50.75,0.0,40.3
261190000H0422,2.4,0.9,0.411,0.684,1.37,235,162,31.06,0.0,26.81
263480000E0721,2.25,1.4,0.49,0.554,2.72,231,67,71.0,47.62,63.2
84118000AE0242,2.55,1.5,0.417,0.521,1.52,646,355,45.05,0.0,34.06
840960000B0819,1.85,1.15,0.378,0.569,16.22,665,37,94.44,90.23,93.83
070890000C0274,2.1,1.15,0.481,0.549,1.73,582,318,45.36,0.52,42.1
830350000A0522,2.25,1.9,0.469,0.607,2.77,777,221,71.56,53.15,63.96
830320000E1350,2.45,2.15,0.614,0.418,1.72,2548,775,69.58,27.28,41.99
13113000BL0094,2.3,2.1,0.592,0.435,1.71,608,204,66.45,22.86,41.45
130030000B0617,2.5,2.0,0.506,0.515,1.54,345,175,49.28,1.45,35.07
830570000E0141,2.45,2.15,0.584,0.454,2.06,1574,478,69.63,33.16,51.46
262750000A0019,2.25,1.35,0.371,0.688,4.35,1141,196,82.82,75.02,77.04
83097000AR0068,2.55,2.15,0.531,0.426,1.99,1160,416,64.14,15.86,49.66
84118000AP0233,2.3,1.65,0.545,0.419,2.42,1743,495,71.6,32.24,58.75
841330000A0511,2.55,1.35,0.512,0.536,1.76,5053,2151,57.43,20.64,43.2
841060000B0340,2.5,1.4,0.501,0.445,3.43,271,57,78.97,52.77,70.85
84003000BX0108,2.1,1.35,0.515,0.425,2.13,5311,1972,62.87,12.65,52.98
84072000BH0204,2.25,1.65,0.45,0.61,1.85,1745,811,53.52,23.84,46.02
83119000AW0333,2.5,1.85,0.451,0.542,1.54,802,450,43.89,0.0,34.91
26038000ZM0246,2.05,1.65,0.554,0.495,1.33,875,432,50.63,0.23,24.69
26345000AZ0112,2.4,1.4,0.549,0.495,1.74,3689,1467,60.23,19.6,42.61
830940000G0120,2.45,2.05,0.583,0.332,2.63,2731,632,76.86,30.25,61.99
263570000H0822,2.0,1.35,0.318,0.705,3.95,162,31,80.86,72.84,74.69
84149000AB0051,2.4,1.4,0.543,0.482,1.82,854,358,58.08,13.11,44.96
840370000C0622,2.4,1.65,0.537,0.557,3.0,297,64,78.45,61.28,66.67
262330000C0405,2.25,1.4,0.382,0.467,26.6,1064,21,98.03,95.77,96.24
073170000B0154,2.4,1.95,0.615,0.444,2.01,451,146,67.63,27.05,50.33
261800000B0435,2.35,1.4,0.427,0.691,3.1,1213,293,75.85,65.05,67.77
07312000ZA0037,2.0,1.95,0.585,0.452,1.37,2689,1219,54.67,0.0,26.89
840200000D1077,2.4,1.15,0.438,0.63,9.25,5421,444,91.81,87.0,89.19
830040000F0810,2.0,1.9,0.591,0.484,1.27,5312,2538,52.22,1.34,21.31
830910000A0295,1.75,1.6,0.493,0.457,1.48,746,342,54.16,0.0,32.44
840020000C0394,2.1,1.35,0.525,0.54,3.55,8049,1543,80.83,64.5,71.84
840370000G0298,1.95,1.35,0.53,0.546,1.39,782,444,43.22,0.0,28.01
830710000B0099,2.35,2.15,0.57,0.338,2.16,2237,640,71.39,15.47,53.6
26220000AC0178,2.5,1.4,0.448,0.587,1.84,660,284,56.97,26.67,45.61
072590000B0134,2.45,1.2,0.446,0.609,17.77,1155,53,95.41,92.47,94.37
26054000AC0438,2.05,1.4,0.54,0.548,2.13,1298,451,65.25,36.59,53.0
831250000E0400,2.0,1.65,0.558,0.46,1.5,1971,918,53.42,0.0,33.13
26179000ZI0056,2.0,1.2,0.515,0.502,1.75,3826,1935,49.42,0.0,42.94
84069000AD0124,2.5,1.45,0.469,0.43,5.82,448,52,88.39,72.99,82.81
840370000D0270,2.0,1.65,0.472,0.566,3.41,1281,248,80.64,65.81,70.65
263480000E0850,,,,,,,,,,
840560000A0070,2.15,1.2,0.449,0.591,9.86,799,68,91.49,85.61,89.86
831110000B0065,2.5,1.7,0.431,0.488,8.15,921,80,91.31,82.19,87.73
84028000BC0782,2.05,1.4,0.534,0.533,1.97,14244,4991,64.96,34.25,49.33
840590000A0091,2.2,1.2,0.435,0.6,6.41,692,87,87.43,79.05,84.39
071260000H0458,2.3,1.6,0.497,0.688,6.99,489,44,91.0,86.91,85.69
830970000D0500,2.0,2.15,0.604,0.443,1.43,2406,989,58.89,7.32,30.05
830970000D0592,2.45,2.15,0.615,0.426,1.34,1567,594,62.09,10.98,25.34
840870000B0078,2.35,1.65,0.419,0.645,1.34,635,394,37.95,3.78,25.35
840960000F0364,2.05,1.3,0.436,0.622,4.07,350,69,80.29,68.29,75.43
84102000AE0045,2.5,1.65,0.496,0.469,7.81,922,69,92.52,84.06,87.2
84127000AX0196,2.0,1.2,0.322,0.792,5.13,2722,411,84.9,80.93,80.49
840190000G0227,2.25,1.4,0.542,0.485,1.9,2506,969,61.33,20.23,47.33
830350000A0777,2.0,1.8,0.572,0.524,1.32,1412,761,46.1,0.0,24.43
83016000AH0294,2.2,2.15,0.574,0.533,1.93,145,49,66.21,36.55,48.28
13087000AP0151,2.5,2.1,0.502,0.567,1.43,4817,2688,44.2,1.54,30.04
84028000AR0043,2.45,1.35,0.534,0.524,1.93,621,248,60.06,23.83,48.15
26377000AE0178,2.4,1.35,0.527,0.505,2.13,957,332,65.31,31.35,53.08
07042000BK0082,2.3,1.4,0.513,0.543,2.13,1208,425,64.82,35.26,53.06
07313000AH0271,2.0,1.5,0.549,0.525,1.47,444,229,48.42,1.8,31.76
83096000AD0021,2.3,2.1,0.617,0.494,1.65,1117,356,68.13,35.54,39.48
841110000C0232,2.05,1.4,0.497,0.509,8.25,3054,244,92.01,84.32,87.88
84082000AX0170,2.2,1.45,0.506,0.461,15.74,3133,137,95.63,90.52,93.65
841380000Q0172,2.4,1.4,0.443,0.616,1.96,5385,2215,58.87,33.28,49.04
83107000AD0022,2.05,2.1,0.607,0.56,2.3,930,219,76.45,57.96,56.45
840870000M0768,2.2,1.65,0.569,0.49,1.69,7506,2658,64.59,27.74,40.67
831250000E0373,2.5,1.9,0.442,0.611,1.42,766,457,40.34,2.35,29.63
26377000AH0177,2.25,1.35,0.506,0.451,3.12,3018,724,76.01,46.82,67.99
830850000B0380,2.45,1.9,0.601,0.534,2.49,1966,428,78.23,59.21,59.87
84028000AI0087,,,,,,,,,,
831000000E0763,2.15,1.95,0.601,0.476,1.3,2808,1322,52.92,1.1,22.83
840870000C0371,2.5,1.65,0.534,0.452,2.64,925,226,75.57,45.95,62.05
830350000B1004,2.05,2.05,0.588,0.542,2.23,1139,315,72.34,48.99,55.14
841500000B0298,2.4,1.4,0.558,0.481,1.7,1236,564,54.37,5.1,41.26
070990000F1462,2.2,1.65,0.495,0.53,1.35,7887,4164,47.2,0.44,25.78
07264000AX0103,2.2,1.4,0.475,0.638,3.34,791,178,77.5,64.73,70.04
84073000AC0138,1.5,1.25,0.368,0.57,20.63,3218,77,97.61,95.8,95.15
841480000E0445,2.2,1.45,0.464,0.5,16.16,1212,42,96.53,93.07,93.81
840940000F0534,2.35,1.15,0.396,0.737,14.39,892,42,95.29,93.61,93.05
84004000AI0046,2.15,1.25,0.439,0.681,1.81,3186,1420,55.43,34.53,44.82
26345000BI0148,2.1,1.4,0.421,0.644,2.26,505,174,65.54,46.53,55.84
830640000A0161,2.4,2.05,0.558,0.402,7.27,2509,196,92.19,80.55,86.25
830420000B2618,2.15,1.8,0.507,0.448,6.45,903,82,90.92,79.73,84.5
841330000G0679,2.45,1.35,0.511,0.444,3.29,1073,238,77.82,50.05,69.62
840170000D0998,1.45,1.05,0.375,0.619,1.71,24,13,45.83,12.5,41.67
83096000AC0488,,,,,,,,,,
83112000DA0064,2.2,1.7,0.465,0.651,1.37,244,155,36.48,2.46,27.05
830040000F0333,1.9,1.75,0.531,0.423,1.68,632,275,56.49,0.0,40.51
84036000BC0309,2.0,1.25,0.508,0.573,1.54,222,129,41.89,0.0,35.14
840970000E0175,2.05,1.4,0.54,0.554,1.78,1752,731,58.28,24.71,43.72
073120000B1204,,,,,,,,,,
830940000F0277,2.3,2.05,0.498,0.673,1.29,1899,1143,39.81,10.53,22.49
84034000AD0026,2.2,1.4,0.374,0.689,1.62,337,164,51.34,29.38,38.28
830460000E1197,2.55,1.8,0.554,0.35,2.29,206,72,65.05,0.0,56.31
83042000AX0054,2.45,2.05,0.604,0.448,1.44,580,243,58.1,6.38,30.52
840120000B0836,2.3,1.25,0.451,0.397,11.2,1456,102,92.99,82.35,91.07
072450000D0183,1.7,1.4,0.46,0.496,1.68,583,287,50.77,0.69,40.31
840440000C0180,2.5,1.65,0.564,0.468,2.34,1107,320,71.09,38.21,57.18
841380000I0039,2.45,1.4,0.534,0.47,3.34,3377,722,78.62,54.55,70.09
840870000D0292,2.4,1.6,0.536,0.468,2.88,1943,444,77.15,51.21,65.31
07279000AL0353,2.05,1.65,0.477,0.379,12.66,1633,86,94.73,86.1,92.1
840960000E0130,2.2,1.1,0.209,0.959,2.34,1122,471,58.02,56.24,57.22
841500000H0468,2.25,1.4,0.464,0.664,1.38,3502,2051,41.43,11.74,27.7
83136000AX0077,2.1,1.85,0.537,0.415,1.77,425,179,57.88,0.0,43.53
840370000C0712,1.95,1.45,0.476,0.641,3.32,342,75,78.07,65.79,69.88
840490000D0535,2.05,1.45,0.483,0.407,7.9,2787,266,90.46,76.57,87.33
841260000A0360,2.05,1.2,0.336,0.667,55.4,831,14,98.32,97.47,98.19
07228000AL0015,1.95,1.45,0.524,0.501,1.39,1463,769,47.44,0.0,27.96
840440000B0330,2.5,1.6,0.525,0.381,2.16,824,281,65.9,10.44,53.64
841170000A0435,2.5,1.4,0.477,0.396,2.76,306,88,71.24,27.45,63.73
26377000AD0143,2.4,1.3,0.371,0.634,6.82,1719,180,89.53,83.48,85.34
07279000AO0177,2.05,1.6,0.556,0.498,1.39,747,375,49.8,0.0,28.11
263570000Y0205,2.2,1.3,0.247,0.733,5.61,157,22,85.99,80.89,82.17
840390000A0146,2.35,1.65,0.554,0.436,1.67,1482,644,56.55,0.27,40.28
841260000F0014,2.2,1.4,0.51,0.594,2.5,924,269,70.89,50.97,60.06
130920000E0543,2.15,2.05,0.591,0.411,4.66,26120,3102,88.12,71.11,78.56
840420000F0314,2.25,1.35,0.522,0.413,2.01,1977,801,59.48,1.92,50.18
84106000ZA0074,2.15,1.4,0.55,0.574,2.3,1265,403,68.14,44.51,56.44
841220000A0004,1.35,0.95,0.118,0.545,344.78,3103,6,99.81,99.65,99.71
26054000AO0117,2.0,1.35,0.556,0.584,1.41,303,180,40.59,0.0,29.04
840590000A0120,2.2,1.25,0.48,0.584,2.23,770,285,62.99,36.62,55.06
840570000C0234,,,,,,,,,,
830830000C0819,2.15,2.1,0.579,0.486,1.84,726,213,70.66,39.67,45.59
840150000B0746,2.15,1.45,0.45,0.42,13.64,1405,79,94.38,86.62,92.67
840170000B1547,2.25,1.65,0.533,0.612,1.88,150,63,58.0,31.33,46.67
263570000S0027,2.3,1.2,0.506,0.578,4.82,983,163,83.42,71.31,79.25
070150000C0515,1.1,1.5,0.371,0.592,1.5,687,407,40.76,0.0,33.48
840160000A0201,2.0,1.65,0.42,0.706,1.88,158,72,54.43,35.44,46.84
840910000D0832,2.25,1.4,0.352,0.729,1.66,532,248,53.38,36.09,39.66
840450000A0218,2.5,1.4,0.532,0.524,2.37,667,215,67.77,38.53,57.72
841460000D0553,2.55,1.4,0.509,0.497,2.11,264,96,63.64,26.89,52.65
840560000A0651,2.0,1.4,0.542,0.563,1.42,673,364,45.91,3.86,29.42
263570000O0126,2.2,1.4,0.537,0.541,1.94,1193,450,62.28,30.26,48.37
841270000D1175,2.35,1.4,0.545,0.549,3.16,2791,607,78.25,60.41,68.36
840290000D0731,2.25,1.4,0.397,0.727,1.75,3195,1398,56.24,39.81,43.0
840300000B0552,2.2,1.45,0.387,0.766,1.29,121,82,32.23,11.57,22.31
261920000B0185,2.3,1.4,0.509,0.545,3.43,3828,799,79.13,61.73,70.82
841330000C0462,2.45,1.35,0.487,0.409,5.92,3090,382,87.64,69.81,83.11
84102000AH0046,2.65,1.65,0.558,0.418,2.31,2021,554,72.59,34.49,56.75
07345000ZA0114,2.3,2.0,0.454,0.491,2.04,2919,1152,60.53,19.6,51.04
83148000BR0226,2.0,2.1,0.512,0.773,3.21,1470,347,76.39,69.46,68.84
830270000E0217,2.15,2.0,0.564,0.573,2.23,2772,952,65.66,40.04,55.16
840220000C0274,2.0,1.2,0.462,0.56,5.24,461,70,84.82,72.89,80.91
26367000AO0061,1.5,1.2,0.255,0.55,26.4,396,11,97.22,94.95,96.21
830120000L0242,2.45,2.1,0.585,0.334,2.45,10571,2485,76.49,29.51,59.22
841380000F0560,2.4,1.4,0.512,0.405,2.23,5501,1841,66.53,17.45,55.12
830390000E0323,1.9,1.7,0.362,0.328,25.57,1125,22,98.04,94.04,96.09
841460000D0447,2.25,1.4,0.547,0.547,2.48,942,289,69.32,43.95,59.66
840870000L0784,1.95,1.55,0.403,0.614,1.44,141,86,39.01,0.71,30.5
841500000E0267,2.3,1.2,0.328,0.892,4.15,739,124,83.22,81.19,75.91
83097000AI0055,2.25,2.1,0.604,0.421,1.75,1964,625,68.18,24.39,42.77
830720000B0458,2.45,1.95,0.525,0.34,8.62,1551,120,92.26,77.24,88.39
840490000A0292,2.6,1.65,0.564,0.496,2.67,254,68,73.23,46.06,62.6
840290000F0071,2.4,1.2,0.473,0.516,6.0,2564,364,85.8,72.5,83.35
830720000E0330,2.05,1.95,0.576,0.539,8.73,2760,152,94.49,89.78,88.55
83009000AX0095,2.0,2.05,0.573,0.494,1.75,301,130,56.81,12.62,42.86
84041000AD0333,2.3,1.45,0.358,0.711,2.12,153,59,61.44,45.75,52.94
263260000B0564,2.55,1.65,0.538,0.358,3.15,2322,518,77.69,37.68,68.22
840390000G0150,2.45,1.65,0.56,0.477,2.23,1140,334,70.7,38.6,55.18
071520000A1691,1.95,1.6,0.562,0.489,1.56,277,138,50.18,0.0,36.1
841270000D0872,1.8,1.35,0.425,0.619,11.94,1385,70,94.95,91.84,91.62
07264000AS0173,2.45,1.4,0.446,0.573,2.39,4470,1405,68.57,45.19,58.1
83136000AO0058,,,,,,,,,,
841170000A0296,2.15,1.2,0.299,0.775,1.73,109,55,49.54,34.86,42.2
840890000A0444,2.3,1.3,0.456,0.439,11.17,2514,156,93.79,85.88,91.05
13079000AV0034,2.5,2.15,0.54,0.615,1.78,1109,470,57.62,31.11,43.73
840300000C0672,2.0,1.65,0.523,0.613,5.86,1810,166,90.83,85.03,82.93
841170000A0691,2.15,1.3,0.539,0.542,2.03,75,32,57.33,21.33,50.67
841240000A0501,2.15,1.65,0.564,0.534,2.1,3199,976,69.49,42.83,52.36
13030000AZ0052,2.4,2.05,0.631,0.5,1.55,316,129,59.18,18.35,35.44
830690000C0494,2.15,1.95,0.575,0.392,2.74,978,235,75.97,38.75,63.5
830430000H0058,2.4,2.0,0.576,0.573,1.31,1033,565,45.3,4.55,23.91
841110000C0210,,,,,,,,,,
841260000F0462,1.05,1.15,0.28,0.667,35.95,2193,32,98.54,97.81,97.22
830720000H0744,2.4,1.75,0.288,0.231,46.76,795,9,98.87,95.09,97.86
841500000B0554,2.0,1.25,0.29,0.842,3.39,2056,511,75.15,70.48,70.48
840140000C0377,2.3,1.35,0.529,0.466,1.91,1346,555,58.77,11.59,47.7
072640000A0143,2.6,1.4,0.519,0.41,4.02,2393,415,82.66,57.71,75.09
84028000AN0146,2.4,1.4,0.529,0.57,4.41,843,138,83.63,71.29,77.34
840290000B0245,2.3,1.4,0.428,0.711,2.34,779,271,65.21,51.09,57.25
840300000A0018,2.2,1.65,0.475,0.64,4.53,195,32,83.59,74.36,77.95
26377000AS0217,2.4,1.35,0.528,0.501,1.93,1434,568,60.39,20.99,48.26
841340000B0242,2.2,1.4,0.394,0.754,1.47,2722,1443,46.99,29.65,31.85
840570000B0292,1.95,0.95,0.244,0.414,95.87,1438,12,99.17,97.98,98.96
841480000E1150,2.55,1.65,0.536,0.562,4.66,751,108,85.62,74.43,78.56
26317000AC0101,2.35,1.4,0.531,0.444,1.73,1314,583,55.63,0.0,42.09
840590000A0366,2.5,1.25,0.488,0.413,3.16,1181,310,73.75,36.41,68.33
840960000F0307,2.25,1.4,0.487,0.444,7.01,1366,144,89.46,76.28,85.72
841220000A0702,2.1,1.35,0.338,0.829,1.91,1642,631,61.57,53.65,47.75
841380000C0032,2.4,1.4,0.49,0.675,2.6,2546,694,72.74,59.62,61.51
840390000F1561,2.0,1.6,0.438,0.838,8.64,12051,929,92.29,90.8,88.42
840780000D0129,2.0,1.4,0.366,0.635,4.13,215,40,81.4,70.7,75.81
84012000AN0274,,,,,,,,,,
07279000AS0045,2.45,1.65,0.549,0.634,3.53,304,64,78.95,66.78,71.71
840870000L0405,2.4,1.65,0.561,0.476,1.87,3384,1132,66.55,29.7,46.39
84008000AR0481,2.45,1.6,0.544,0.43,3.43,728,166,77.2,46.98,70.88
26179000ZC0175,2.5,1.75,0.431,0.726,1.22,2045,1497,26.8,0.0,18.09
841500000E0696,2.4,1.4,0.497,0.478,5.59,12877,1667,87.05,72.92,82.1
84127000AX0183,2.25,1.4,0.516,0.547,2.07,425,156,63.29,32.94,51.76
263770000H0600,2.5,1.0,0.203,0.894,2.69,423,144,65.96,61.94,62.88
84086000AI0236,2.3,1.15,0.288,0.789,9.22,756,60,92.06,89.95,89.15
840020000A0007,2.45,1.35,0.537,0.579,1.83,442,190,57.01,25.79,45.48
07324000AY0419,2.35,2.1,0.597,0.456,1.69,649,244,62.4,17.57,40.99
84012000AO0021,2.45,1.25,0.441,0.442,15.07,1432,65,95.46,89.73,93.37
84073000AE0056,2.1,1.35,0.353,0.351,51.83,1192,13,98.91,96.9,98.07
84012000AO0342,2.2,1.25,0.487,0.498,7.13,3079,305,90.09,80.12,85.97
07345000ZB0315,1.25,1.0,0.308,0.724,1.2,492,352,28.46,1.22,16.46
26250000ZC0176,2.35,2.0,0.605,0.47,1.67,2214,728,67.12,30.08,39.97
84004000AM0147,2.25,1.05,0.275,0.793,1.49,773,402,47.99,34.41,32.86
841160000A1063,2.4,1.4,0.523,0.54,3.72,2441,448,81.65,66.0,73.13
840390000F0687,2.2,1.65,0.54,0.618,5.01,916,110,87.99,80.57,80.02
263770000B0455,2.5,1.15,0.258,0.842,10.68,203,16,92.12,90.64,90.64
840490000D0471,2.25,1.6,0.414,0.665,1.7,1080,509,52.87,29.17,41.3
263570000I0188,2.3,1.4,0.525,0.561,2.68,1004,272,72.91,51.69,62.75
830260000C0298,2.05,2.1,0.576,0.431,2.59,3527,747,78.82,50.84,61.36
84008000AH0108,,,,,,,,,,
831060000B0384,2.55,2.0,0.595,0.402,1.54,7319,2918,60.13,0.85,35.14
261820000A0188,2.25,1.4,0.529,0.48,2.9,1859,467,74.88,47.66,65.47
83062000AO0259,2.5,2.1,0.598,0.368,2.22,5671,1533,72.97,26.47,54.98
830670000C0719,2.2,1.95,0.516,0.31,8.61,2273,180,92.08,74.44,88.39
841170000B0326,2.1,1.4,0.488,0.505,5.92,1261,154,87.79,75.81,83.11
840370000D0411,2.0,1.5,0.294,0.813,2.12,1337,613,54.15,43.61,52.88
263570000B0357,2.5,1.4,0.537,0.519,2.94,317,83,73.82,49.53,65.93
13030000AM0128,2.55,2.15,0.594,0.507,2.25,638,179,71.94,44.67,55.64
830280000A0156,1.95,1.9,0.548,0.534,4.5,517,79,84.72,71.37,77.76
830910000C0891,2.2,2.05,0.617,0.491,1.73,3982,1208,69.66,38.22,42.24
26377000AK0237,2.5,1.35,0.343,0.746,1.56,1422,697,50.98,34.32,36.01
13050000BX0012,2.45,2.0,0.612,0.482,1.57,2504,910,63.66,24.56,36.26
830940000A0276,2.5,1.85,0.519,0.525,6.67,320,32,90.0,80.94,85.0
830480000B5718,1.9,1.3,0.509,0.507,1.56,1194,618,48.24,0.0,35.93
841300000A0360,2.1,1.25,0.502,0.59,2.67,2092,621,70.32,49.67,62.52
840960000B0749,2.0,1.4,0.525,0.595,2.22,559,181,67.62,45.62,54.92
830260000D0830,2.0,2.0,0.558,0.502,7.67,1412,104,92.63,85.34,86.97
070510000A2172,2.5,2.1,0.601,0.427,1.83,327,109,66.67,22.02,45.26
26377000AM0229,2.5,1.1,0.384,0.853,3.67,1670,430,74.25,69.82,72.75
830910000D0627,2.3,1.95,0.605,0.435,1.79,1849,634,65.71,21.09,44.08
830530000D0087,2.05,1.6,0.389,0.536,1.71,265,142,46.42,0.0,41.51
840390000G0485,2.1,1.35,0.42,0.5,27.22,871,21,97.59,95.18,96.33
840220000B0236,2.6,1.4,0.534,0.438,2.77,6688,1769,73.55,39.61,63.89
840420000C0964,2.55,1.35,0.517,0.462,2.71,8017,2098,73.83,43.35,63.05
13082000BK0004,1.95,1.4,0.523,0.467,1.63,5357,2548,52.44,0.0,38.47
26377000AY0238,2.45,1.35,0.533,0.475,2.09,1791,650,63.71,23.67,52.26
840610000B0372,2.05,1.2,0.434,0.569,6.29,220,29,86.82,76.82,84.09
261820000F0698,2.05,1.4,0.504,0.656,3.23,595,137,76.97,64.87,69.08
830920000A0480,2.15,2.0,0.586,0.424,2.05,2632,801,69.57,28.27,51.29
073430000A0415,2.35,1.65,0.559,0.48,2.26,357,110,69.19,35.85,55.74
840300000D0436,2.1,1.45,0.476,0.598,7.3,1628,153,90.6,84.28,86.3
840250000B0456,2.45,1.4,0.544,0.475,1.85,976,413,57.68,10.96,45.9
840370000D0279,2.5,1.65,0.578,0.459,2.15,1598,461,71.15,37.17,53.44
840490000A1072,2.4,1.6,0.544,0.469,4.89,2348,298,87.31,72.96,79.56
830460000E0487,2.0,1.85,0.517,0.497,18.15,3286,83,97.47,94.92,94.49
840760000E0512,2.4,1.35,0.53,0.528,2.74,3553,906,74.5,51.73,63.44
84008000AN0135,2.2,1.45,0.525,0.508,2.53,816,224,72.55,45.96,60.54
130030000B0100,2.3,1.8,0.341,0.286,19.0,437,10,97.71,91.99,94.74
841500000B0667,2.25,1.4,0.392,0.692,3.9,1218,229,81.2,72.82,74.38
263570000S0045,,,,,,,,,,
840720000H0611,1.4,1.4,0.341,0.409,15.09,830,27,96.75,92.05,93.37
830850000E0071,2.1,2.0,0.608,0.448,1.37,782,349,55.37,0.38,27.24
841150000A0131,2.25,1.65,0.46,0.554,1.66,737,360,51.15,11.8,39.76
830510000B0064,2.3,1.6,0.42,0.577,26.64,746,15,97.99,96.51,96.25
841260000A0348,2.45,1.4,0.523,0.531,3.69,1749,338,80.67,63.58,72.9
84082000AH0016,2.2,1.6,0.562,0.585,3.57,1934,342,82.32,69.75,71.98
830570000C0503,2.25,2.0,0.604,0.477,1.42,1905,764,59.9,15.96,29.82
83116000BX0003,1.75,1.55,0.39,0.286,27.2,2230,46,97.94,92.78,96.32
84028000AN0114,1.95,1.4,0.477,0.629,9.32,1882,117,93.78,90.12,89.27
841270000D0351,2.0,1.4,0.361,0.788,3.39,2551,555,78.24,72.4,70.52
830270000G0538,2.4,2.1,0.604,0.404,1.46,1058,418,60.49,2.27,31.47
840190000D0868,2.25,1.4,0.544,0.518,2.34,1286,396,69.21,40.59,57.31
84008000AV0166,2.3,1.6,0.523,0.467,4.06,434,71,83.64,64.98,75.35
840690000A0083,2.05,1.6,0.518,0.548,2.75,415,102,75.42,55.18,63.61
840900000D0151,2.15,1.35,0.527,0.51,2.24,1996,668,66.53,34.42,55.31
830640000C0770,2.4,1.05,0.312,0.668,1.28,1751,1149,34.38,1.71,21.99
831540000B0009,2.2,2.05,0.539,0.522,2.43,5046,1293,74.38,50.93,58.9
84024000AO0127,2.5,1.35,0.514,0.652,3.59,2281,447,80.4,69.93,72.12
84081000BE0067,2.3,1.4,0.529,0.436,2.73,1104,296,73.19,38.5,63.41
830850000B0042,2.35,2.1,0.617,0.467,2.44,5436,1076,80.21,57.6,59.03
072910000B0741,2.25,1.6,0.415,0.585,1.4,788,473,39.97,0.0,28.55
830670000D2545,2.45,2.05,0.524,0.521,1.81,955,436,54.35,12.36,44.82
84082000BI0140,2.3,1.45,0.442,0.548,6.74,1779,178,89.99,81.73,85.16
840890000B1959,2.25,1.35,0.526,0.503,3.76,7025,1325,81.14,62.51,73.41
84129000BH0018,2.2,1.65,0.416,0.642,1.37,1000,629,37.1,2.1,27.1
84106000AB0101,2.1,1.4,0.519,0.542,1.93,1084,409,62.27,30.35,48.25
26054000AL0111,2.05,1.4,0.536,0.529,1.56,2685,1325,50.65,6.74,36.09
831080000E0238,,,,,,,,,,
840220000C0343,2.2,1.4,0.508,0.53,4.56,1141,185,83.79,69.41,78.09
841380000C0003,2.4,1.4,0.397,0.704,1.4,2306,1303,43.5,19.69,28.36
840940000F0560,2.15,1.4,0.509,0.468,2.33,1496,483,67.71,31.08,57.15
07042000BE0153,2.25,1.4,0.384,0.774,4.87,998,151,84.87,80.46,79.46
841170000B0282,2.3,1.4,0.445,0.698,1.24,645,436,32.4,3.1,19.53
263570000M0038,1.9,1.2,0.448,0.598,8.37,1523,128,91.6,85.95,88.05
841460000A0475,2.25,1.4,0.359,0.8,2.05,2280,849,62.76,53.46,51.18
07168000AM0235,2.35,1.6,0.558,0.512,1.93,166,64,61.45,24.7,48.19
84082000AD0002,2.0,1.65,0.55,0.619,4.8,1600,205,87.19,79.31,79.19
840560000F0166,2.0,1.35,0.334,0.752,1.4,1366,799,41.51,22.25,28.62
84007000BS0343,2.05,1.4,0.531,0.53,1.93,2559,976,61.86,28.1,48.1
83068000AR0053,1.9,1.05,0.194,0.278,227.33,1364,5,99.63,98.68,99.56
841260000F1358,,,,,,,,,,
840170000H0965,,,,,,,,,,
830190000G0639,2.5,2.15,0.616,0.4,2.62,10618,2328,78.07,45.21,61.83
26250000ZD0077,2.05,2.05,0.601,0.448,1.41,10376,4441,57.2,4.45,29.12
073120000C0511,1.45,1.25,0.402,0.547,1.31,1720,936,45.58,0.52,23.6
841460000D0125,2.3,1.4,0.512,0.545,1.96,4052,1579,61.03,28.46,48.89
841500000H0028,2.4,1.4,0.535,0.565,6.7,2674,258,90.35,82.91,85.08
84082000AE0073,2.45,1.65,0.425,0.844,4.62,2064,325,84.25,81.35,78.34
07056000AE0463,2.05,0.95,0.257,0.679,1.42,386,245,36.53,6.48,29.53
840720000F0396,2.2,1.5,0.375,0.714,8.18,180,15,91.67,88.33,87.78
84106000ZC0033,2.35,1.4,0.528,0.528,4.09,1239,195,84.26,70.22,75.54
830670000D2377,2.1,2.0,0.619,0.492,1.52,330,149,54.85,8.18,34.24
26367000AE0398,2.4,1.4,0.388,0.637,3.6,4633,1018,78.03,65.49,72.22
841330000G0303,2.1,1.3,0.493,0.46,3.03,810,220,72.84,40.99,67.04
841260000F1403,2.5,1.4,0.515,0.452,6.33,2697,291,89.21,76.12,84.2
840490000D0658,2.5,1.65,0.55,0.438,2.87,1190,260,78.15,50.08,65.13
840390000F0132,1.7,1.65,0.386,0.763,1.57,559,297,46.87,30.41,36.14
84081000BA0027,2.0,1.4,0.532,0.5,1.5,1945,1015,47.81,0.0,33.16
84149000AA0078,2.25,1.4,0.531,0.502,2.17,4789,1621,66.15,32.64,53.83
840390000A0158,2.45,1.65,0.536,0.551,3.08,610,118,80.66,64.92,67.54
841270000F0277,2.1,1.35,0.522,0.6,3.21,809,210,74.04,56.74,68.85
831080000G0232,2.45,2.15,0.612,0.422,1.8,469,147,68.66,25.8,44.35
13079000AH0025,2.6,2.05,0.596,0.487,1.72,694,225,67.58,33.43,41.93
840490000C0431,2.15,1.65,0.543,0.55,1.7,7356,2891,60.7,28.51,41.12
831340000B0071,1.95,1.6,0.247,0.444,15.17,182,8,95.6,90.11,93.41
840290000B0764,1.55,1.35,0.388,0.574,9.26,926,62,93.3,88.34,89.2
26317000AL0199,2.45,1.4,0.542,0.476,2.3,473,149,68.5,33.83,56.45
83086000BE0113,2.0,1.95,0.567,0.483,1.58,313,141,54.95,6.71,36.74
840300000C0195,2.35,1.45,0.434,0.439,14.86,654,29,95.57,89.91,93.27
261920000A0521,2.45,1.4,0.443,0.671,1.71,1085,485,55.3,33.36,41.47
261190000C1083,1.45,1.45,0.443,0.538,1.3,913,504,44.8,0.0,23.22
84149000AI0074,2.25,1.4,0.522,0.671,1.45,3225,1779,44.84,17.8,31.1
840290000F0068,2.1,1.4,0.532,0.518,3.14,4151,1023,75.36,52.47,68.13
840650000A0301,2.2,1.35,0.518,0.523,3.11,3626,836,76.94,55.93,67.84
26345000AW0102,2.05,1.4,0.506,0.574,5.25,1217,162,86.69,76.83,80.94
840190000D0510,2.0,1.4,0.543,0.56,2.03,1622,575,64.55,36.68,50.8
840960000G0206,2.05,1.4,0.531,0.668,3.81,666,127,80.93,71.47,73.72
830320000E1200,2.45,1.95,0.598,0.484,2.28,470,138,70.64,39.36,56.17
070150000A0550,2.25,1.65,0.425,0.596,1.36,378,246,34.92,0.0,26.72
840560000B0348,2.5,1.4,0.497,0.465,6.46,1233,125,89.86,78.18,84.51
830910000A0546,2.0,1.9,0.605,0.539,1.17,390,214,45.13,0.0,14.36
263480000D0853,2.4,1.25,0.407,0.453,16.81,1513,68,95.51,90.09,94.05
26377000AT0200,2.5,1.35,0.524,0.493,2.79,1486,402,72.95,45.09,64.2
840290000A0143,2.3,1.15,0.449,0.526,11.59,1124,80,92.88,86.48,91.37
070990000F1326,2.25,1.45,0.466,0.64,7.66,8028,722,91.01,85.94,86.95
841220000B1822,2.35,1.35,0.515,0.54,5.3,1097,150,86.33,74.66,81.13
13079000AM0023,1.95,1.6,0.547,0.48,1.41,2483,1201,51.63,0.0,29.24
83063000AT0255,2.4,1.95,0.522,0.515,1.37,2562,1336,47.85,0.0,27.01
84129000AB0028,1.9,1.65,0.481,0.78,2.07,3272,1123,65.68,56.02,51.62
840200000B0701,,,,,,,,,,
830490000D0674,2.0,1.5,0.549,0.499,1.46,3188,1573,50.66,1.04,31.27
07324000AY0766,1.4,1.05,0.357,0.601,1.39,321,197,38.63,0.0,28.04
84036000AY0084,2.05,1.4,0.502,0.561,6.27,2526,279,88.95,80.32,84.05
84118000AI0175,2.3,1.65,0.435,0.725,1.46,866,474,45.27,24.48,31.64
073170000B0427,,,,,,,,,,
840170000D0125,2.0,1.45,0.541,0.523,1.52,2370,1175,50.42,5.19,34.14
84028000AO0042,2.2,1.1,0.308,0.908,4.22,1989,376,81.1,79.19,76.32
841060000B0170,2.3,1.4,0.527,0.566,3.45,908,194,78.63,62.22,71.04
84024000AD0046,2.35,1.35,0.516,0.462,4.14,758,146,80.74,58.31,75.86
84102000AT0135,2.3,1.45,0.528,0.545,4.48,2646,386,85.41,73.24,77.66
84003000BV0145,2.25,1.35,0.505,0.414,5.56,6199,817,86.82,68.19,82.01
840680000B0221,2.55,1.35,0.53,0.41,2.57,1926,564,70.72,28.66,61.16
830460000E1016,2.3,1.95,0.551,0.361,2.35,167,56,66.47,7.19,57.49
070970000C0338,2.35,2.0,0.609,0.517,1.83,918,309,66.34,34.86,45.32
260350000A0480,2.2,1.65,0.489,0.429,2.93,281,70,75.09,41.99,65.84
830950000H1338,2.0,1.8,0.446,0.359,25.46,2215,55,97.52,93.09,96.07
83023000BM0180,1.6,1.75,0.322,0.326,108.86,3048,14,99.54,98.59,99.08
840970000E0195,2.2,1.35,0.478,0.599,3.67,3028,650,78.53,64.17,72.72
13110000BZ0051,2.2,2.05,0.598,0.424,1.59,945,370,60.85,7.72,37.14
840300000C0060,2.1,1.6,0.52,0.627,4.04,885,143,83.84,74.24,75.25
07279000AK0308,2.25,1.65,0.395,0.699,2.17,262,100,61.83,45.42,53.82
841500000D0308,2.15,1.35,0.534,0.527,2.66,2681,748,72.1,47.03,62.36
841090000C0505,2.15,1.65,0.318,0.68,1.56,28,17,39.29,10.71,35.71
830480000B1092,2.0,2.05,0.603,0.481,1.34,2302,1073,53.39,3.13,25.63
072340000A0036,2.45,1.9,0.607,0.492,1.95,177,58,67.23,33.33,48.59
84085000AX0020,2.65,1.65,0.545,0.372,4.31,19190,2813,85.34,60.63,76.81
263570000T0146,2.3,1.4,0.541,0.486,1.84,5362,2119,60.48,18.69,45.73
83097000AC0113,2.05,2.15,0.595,0.414,1.48,3124,1261,59.64,2.56,32.36
840450000B0198,2.55,1.4,0.519,0.555,5.84,508,66,87.01,76.57,82.87
841380000K0086,2.4,1.4,0.38,0.654,1.47,1706,972,43.02,12.84,32.18
831070000E0078,2.4,1.95,0.611,0.433,2.24,1769,453,74.39,40.87,55.4
840890000E0251,2.5,1.35,0.389,0.743,1.81,4143,1725,58.36,43.95,44.9
263570000C0249,2.5,1.4,0.482,0.366,6.43,1466,177,87.93,66.98,84.45
841460000A0154,2.35,1.4,0.487,0.53,1.58,1566,768,50.96,7.41,36.78
840260000F1441,,,,,,,,,,
131150000A0636,,,,,,,,,,
830320000A0237,2.4,1.8,0.432,0.386,4.85,199,27,86.43,64.82,79.4
070990000F0925,2.1,1.65,0.565,0.545,2.05,3926,1182,69.89,44.73,51.32
263220000B0666,2.4,1.2,0.302,0.342,27.22,490,13,97.35,92.24,96.33
07168000AI0135,2.25,1.55,0.427,0.32,37.24,2905,49,98.31,94.73,97.31
84104000AL0172,2.5,1.4,0.54,0.515,2.64,465,141,69.68,41.08,62.15
830320000A0665,2.25,1.8,0.512,0.426,4.92,1349,166,87.69,71.09,79.69
840560000F0057,2.2,1.4,0.536,0.569,3.41,2746,547,80.08,64.97,70.65
831000000E0706,2.0,2.0,0.608,0.488,1.28,1955,946,51.61,0.92,22.1
84028000AK0159,2.1,1.4,0.525,0.548,1.93,750,312,58.4,24.13,48.27
830570000F0087,2.45,2.15,0.603,0.479,2.75,319,70,78.06,54.23,63.64
841260000F0994,2.45,1.2,0.486,0.621,2.49,162,59,63.58,41.36,59.88
831250000E0266,2.05,2.0,0.59,0.443,1.42,647,277,57.19,3.4,29.68
83023000BM0080,2.5,1.9,0.521,0.407,13.66,5095,222,95.64,89.28,92.68
07279000AT0103,2.45,1.45,0.519,0.435,3.26,496,114,77.02,47.18,69.35
84137000AX0251,2.15,1.4,0.543,0.507,2.15,1901,664,65.07,31.09,53.39
84072000BE0004,2.65,1.45,0.5,0.449,7.67,1826,158,91.35,80.72,86.97
07152000ZB0025,1.1,1.15,0.344,0.56,1.17,1669,961,42.42,0.0,14.68
841340000A0496,1.95,1.35,0.419,0.5,12.17,876,49,94.41,88.81,91.78
840510000C0356,2.4,1.35,0.474,0.399,11.46,4754,299,93.71,84.22,91.27
84069000AV0292,2.25,1.65,0.558,0.539,5.59,2018,213,89.44,80.43,82.11
830460000F0427,2.35,2.0,0.601,0.458,1.95,702,233,66.81,27.49,48.72
841130000B0168,2.45,1.05,0.331,0.35,30.0,810,21,97.41,92.59,96.67
840450000B0042,2.4,1.4,0.494,0.379,2.28,1501,504,66.42,11.33,56.1
84122000AS0086,2.35,1.35,0.3,0.471,13.92,167,8,95.21,89.82,92.81
83050000BL0200,2.1,2.0,0.587,0.444,1.47,481,217,54.89,0.0,31.81
841500000H0161,2.2,1.4,0.383,0.698,1.37,9241,5588,39.53,13.39,27.06
831000000A1521,2.0,1.9,0.59,0.511,1.25,604,307,49.17,0.5,19.87
830300000A1157,2.2,1.9,0.527,0.35,19.44,4237,119,97.19,91.98,94.85
831540000B0058,2.3,1.8,0.473,0.672,1.59,248,131,47.18,21.37,37.1
840140000A0038,2.45,1.35,0.524,0.473,5.45,3899,526,86.51,71.51,81.64
840290000C0398,2.1,1.35,0.353,0.742,1.46,652,371,43.1,23.31,31.44
07264000AX0009,2.25,1.35,0.434,0.633,8.78,3635,285,92.16,87.62,88.61
84056000AA0007,2.05,1.35,0.3,0.604,111.91,5260,32,99.39,98.99,99.11
841370000D0622,2.25,1.4,0.511,0.524,2.19,1120,377,66.34,35.71,54.29
841160000C0632,2.3,1.4,0.423,0.683,1.53,2700,1433,46.93,22.33,34.63
841330000G0254,2.45,1.35,0.516,0.526,2.21,387,140,63.82,31.27,54.78
841300000A0495,2.05,1.25,0.494,0.512,2.54,585,186,68.21,37.95,60.68
841060000A1125,2.25,1.4,0.557,0.489,1.72,136,65,52.21,2.21,41.91
840750000E0491,2.45,1.6,0.468,0.321,9.85,1832,128,93.01,78.22,89.85
840290000E1152,2.15,1.4,0.544,0.533,2.03,1243,446,64.12,32.66,50.84
840170000C0397,2.25,1.65,0.462,0.62,1.35,371,224,39.62,2.7,26.15
841170000A0092,2.0,1.4,0.543,0.599,1.43,382,211,44.76,7.85,30.1
830350000B0730,2.3,1.95,0.617,0.445,1.39,649,287,55.78,0.62,28.2
26377000AS0021,2.45,1.35,0.476,0.537,4.57,2445,381,84.42,71.0,78.12
830250000H0111,2.4,1.95,0.606,0.452,1.6,672,245,63.54,19.35,37.35
84028000BC0685,1.95,1.4,0.507,0.573,3.93,1601,280,82.51,69.46,74.58
84028000AY0645,2.2,1.4,0.538,0.541,2.69,1584,415,73.8,51.58,62.82
263570000A0079,2.0,1.4,0.506,0.571,3.91,1563,283,81.89,68.27,74.41
841330000B0559,2.2,1.35,0.534,0.483,2.16,3159,1144,63.79,25.04,53.66
07245000AT0052,1.55,1.55,0.452,0.504,1.4,1666,847,49.16,0.0,28.51
84086000AE0270,1.55,1.15,0.173,0.889,40.1,401,8,98.0,97.76,97.51
26377000AS0247,2.55,1.35,0.453,0.584,2.54,851,268,68.51,46.06,60.63
841330000G0035,2.2,1.35,0.526,0.523,2.06,1346,481,64.26,31.72,51.56
131150000D0134,2.0,1.8,0.59,0.506,1.31,414,209,49.52,0.24,23.67
130510000F0404,2.5,2.05,0.487,0.617,1.35,428,254,40.65,3.74,26.17
07168000AI0264,2.25,1.65,0.528,0.64,1.43,1064,582,45.3,14.57,30.17
831000000E0127,2.05,2.1,0.611,0.471,1.22,5607,2607,53.5,1.34,18.12
262750000K0012,2.15,1.4,0.485,0.65,1.82,407,182,55.28,31.2,44.96
840220000A0644,2.4,1.4,0.505,0.378,3.12,1494,350,76.57,38.02,67.94
831430000E0091,2.25,2.0,0.526,0.358,23.02,4627,116,97.49,93.0,95.66
840490000D0758,2.4,1.45,0.494,0.467,3.14,298,78,73.83,43.96,68.12
841500000D0305,2.0,1.4,0.538,0.524,2.04,3522,1267,64.03,31.4,50.94
841380000S0282,2.45,1.4,0.545,0.457,1.75,6630,2700,59.28,10.89,42.84
262750000F0223,,,,,,,,,,
83042000AY0119,2.1,2.0,0.541,0.413,4.24,776,118,84.79,63.14,76.42
830770000A0463,2.1,2.15,0.59,0.429,3.2,1991,353,82.27,58.71,68.76
840290000C0719,2.1,1.4,0.53,0.608,5.24,6416,782,87.81,79.94,80.92
840200000C0912,2.4,1.35,0.517,0.491,3.29,1624,366,77.46,54.06,69.58
840890000C0911,2.35,1.35,0.518,0.42,2.85,1968,563,71.39,31.81,64.89
840170000C0740,2.15,1.65,0.574,0.507,1.88,3742,1245,66.73,34.37,46.79
841270000F0014,2.2,1.4,0.466,0.67,1.35,2912,1767,39.32,9.48,25.89
830490000F0208,2.4,2.0,0.527,0.689,1.56,918,462,49.67,26.91,36.06
840160000A1193,2.5,1.65,0.564,0.447,2.45,983,264,73.14,39.98,59.1
840690000C0308,2.4,1.65,0.558,0.477,3.54,1077,198,81.62,61.47,71.77
83116000AX0088,1.8,1.5,0.51,0.512,1.38,821,417,49.21,0.85,27.53
840220000B0267,2.3,1.35,0.473,0.56,1.88,229,107,53.28,16.59,46.72
841090000A0331,2.25,1.45,0.37,0.816,3.62,181,40,77.9,72.93,72.38
831400000E0451,2.45,2.0,0.573,0.659,2.14,1310,414,68.4,52.06,53.28
13050000CE0112,2.5,2.0,0.509,0.664,2.02,2761,1009,63.46,44.95,50.45
84145000AK0305,2.5,1.65,0.435,0.728,1.54,1209,612,49.38,30.44,34.9
84012000AL0088,2.05,1.05,0.252,0.8,11.03,331,20,93.96,92.45,90.94
07042000BK0044,2.3,1.4,0.535,0.509,2.48,4698,1318,71.95,44.89,59.71
840970000C0410,2.1,1.4,0.509,0.468,3.25,1254,274,78.15,53.27,69.22
830450000H0083,,,,,,,,,,
840020000A0217,2.4,1.35,0.502,0.433,4.42,910,148,83.74,62.42,77.36
83119000AT0096,2.5,1.7,0.511,0.467,1.75,2288,1076,52.97,0.0,42.74
840300000C0122,2.2,1.65,0.421,0.753,4.32,640,131,79.53,72.81,76.88
830260000F0761,2.5,2.1,0.573,0.424,4.42,836,103,87.68,70.93,77.39
83116000BL0070,2.55,1.6,0.418,0.333,12.71,623,35,94.38,83.15,92.13
26377000AK0615,,,,,,,,,,
26377000AI0204,2.15,1.35,0.498,0.543,3.97,1446,280,80.64,64.32,74.83
840450000B0167,2.4,1.4,0.419,0.777,4.02,2418,431,82.18,77.05,75.14
831400000B0744,2.4,1.85,0.374,0.349,37.66,1092,15,98.63,96.06,97.34
07264000AS0207,2.3,1.4,0.412,0.718,1.34,2409,1469,39.02,15.07,25.32
262110000D0091,2.2,1.65,0.547,0.594,2.4,1446,400,72.34,53.46,58.37
830320000D1506,2.2,2.1,0.526,0.355,2.68,169,49,71.01,18.34,62.72
262850000D0468,2.45,1.4,0.539,0.464,1.68,2641,1181,55.28,3.56,40.48
07264000AZ0060,2.3,1.4,0.564,0.578,3.26,349,85,75.64,57.88,69.34
261190000C1115,1.75,1.3,0.407,0.555,1.55,331,187,43.5,0.0,35.65
840170000C1451,2.4,1.65,0.488,0.565,1.98,357,147,58.82,27.17,49.58
83097000AR0059,2.4,1.85,0.536,0.361,2.71,187,53,71.66,21.39,63.1
840940000A0273,2.1,1.4,0.521,0.573,3.94,990,192,80.61,66.16,74.65
84086000AE0185,2.2,1.2,0.367,0.565,62.72,2007,26,98.7,97.71,98.41
073430000D0200,2.0,1.45,0.38,0.681,3.16,117,32,72.65,59.83,68.38
830940000F0417,2.4,1.85,0.562,0.389,1.89,896,333,62.83,4.35,47.21
840370000F0395,2.15,1.45,0.445,0.578,1.85,780,336,56.92,25.51,46.03
261800000B0912,2.5,1.4,0.503,0.381,3.42,3256,708,78.26,42.91,70.73
84106000ZB0025,2.25,1.4,0.429,0.669,1.41,1076,656,39.03,8.83,29.09
830850000C0068,2.5,1.95,0.597,0.494,2.87,1224,213,82.6,64.79,65.2
840610000C0399,2.4,1.4,0.524,0.508,3.77,1370,258,81.17,62.92,73.5
07070000AL0108,1.85,1.85,0.475,0.5,11.96,586,33,94.37,88.74,91.64
84129000AX0065,2.45,1.65,0.54,0.505,2.65,5738,1423,75.2,50.85,62.29
840680000A0290,1.3,1.05,0.253,0.344,106.95,2139,11,99.49,98.5,99.06
13056000DS0348,2.5,2.1,0.526,0.55,2.42,2812,857,69.52,44.59,58.61
830830000C0133,2.0,2.0,0.551,0.677,3.34,247,42,83.0,74.9,70.04
13079000AL0112,2.35,2.1,0.617,0.452,1.61,768,273,64.45,21.35,37.76
84031000BC0035,2.3,1.6,0.546,0.467,5.2,9022,1102,87.79,73.82,80.77
840160000L1267,2.0,1.45,0.506,0.476,2.46,334,109,67.37,31.44,59.28
830910000B0352,2.0,2.1,0.606,0.467,1.25,6495,2990,53.96,1.45,20.23
84086000AP0068,2.2,1.15,0.445,0.69,8.88,2025,169,91.65,87.9,88.74
841380000F0778,2.45,1.4,0.522,0.544,2.97,5593,1279,77.13,57.95,66.33
840530000A0042,2.3,1.4,0.436,0.581,10.62,563,36,93.61,88.99,90.59
07313000AH0390,2.0,1.55,0.543,0.524,1.45,767,394,48.63,1.96,31.16
840870000D0766,2.2,1.45,0.422,0.7,2.87,2531,649,74.36,63.37,65.19
262750000F0202,2.0,1.4,0.541,0.61,2.93,2088,494,76.34,61.21,65.9
831480000D0224,2.55,1.95,0.47,0.277,7.14,814,69,91.52,69.41,86.0
840490000B0172,2.25,1.65,0.565,0.434,1.58,1240,536,56.77,0.4,36.85
262750000C0218,1.05,1.05,0.293,0.62,58.37,16285,116,99.29,98.85,98.29
261880000C0325,2.05,1.2,0.477,0.573,3.16,471,125,73.46,53.72,68.37
84127000AX0088,2.15,1.4,0.546,0.546,1.91,2729,1067,60.9,28.4,47.53
84099000AL0128,2.1,1.35,0.513,0.59,5.7,4562,583,87.22,78.34,82.46
84122000AT0165,2.3,1.35,0.473,0.573,4.76,486,71,85.39,74.49,79.01
841500000B0229,2.65,1.2,0.497,0.473,4.12,1449,283,80.47,58.73,75.71
840960000B0985,1.95,1.4,0.487,0.588,7.47,650,70,89.23,81.69,86.62
84129000BK0137,2.1,1.65,0.525,0.443,2.3,470,163,65.32,21.7,56.6
840290000C0149,2.5,1.4,0.435,0.347,21.41,1092,43,96.06,88.64,95.33
840980000B1124,2.2,1.4,0.356,0.763,5.7,1949,241,87.63,83.79,82.45
840940000F0571,2.2,1.4,0.528,0.505,3.38,2386,534,77.62,55.66,70.45
841330000D0536,2.4,1.35,0.513,0.506,3.38,1689,359,78.74,58.02,70.46
84082000AI0234,2.35,1.65,0.553,0.53,1.79,797,351,55.96,16.94,44.04
070700000B0140,2.15,1.85,0.565,0.416,1.67,696,291,58.19,0.0,39.94
26220000AH0293,2.6,1.4,0.541,0.413,2.03,1994,729,63.44,11.58,50.85
84102000AD0120,,,,,,,,,,
84012000AH0028,2.45,1.25,0.422,0.427,21.7,1020,32,96.86,92.65,95.39
261820000D0055,2.5,1.4,0.463,0.588,3.53,3420,724,78.83,63.98,71.64
263800000D0026,2.0,1.85,0.558,0.442,1.81,1089,454,58.31,5.6,44.9
840710000A0539,2.15,1.35,0.431,0.444,2.18,144,55,61.81,13.89,54.17
26054000AD0170,2.45,1.2,0.43,0.422,5.57,167,27,83.83,61.68,82.04
840160000A2220,2.05,1.65,0.553,0.538,2.01,975,327,66.46,37.64,50.15
84069000AH0278,2.45,1.45,0.393,0.693,9.24,1146,88,92.32,88.92,89.18
840960000E0240,2.05,1.4,0.533,0.531,1.95,1452,560,61.43,27.34,48.62
840200000C0844,2.4,1.35,0.469,0.424,6.59,1424,153,89.26,74.65,84.83
26054000AN0032,2.1,1.4,0.5,0.623,6.87,1065,99,90.7,85.07,85.45
840370000F0096,2.0,1.25,0.457,0.595,1.42,1866,1121,39.92,0.0,29.47
83096000AE0087,2.45,1.3,0.343,0.653,1.35,1409,916,34.99,0.5,26.12
13050000BP0120,2.6,2.0,0.604,0.448,1.43,1718,687,60.01,10.77,30.15
262750000K0151,2.1,1.4,0.369,0.731,2.44,437,144,67.05,54.92,59.04
261790000D0218,2.05,1.95,0.594,0.461,1.35,1845,856,53.6,0.0,25.91
840680000E0010,2.5,1.3,0.512,0.472,2.1,808,303,62.5,20.54,52.48
830260000C0645,2.1,2.15,0.596,0.459,4.3,8506,931,89.05,76.16,76.77
84102000AC0236,2.65,1.5,0.409,0.305,21.61,886,29,96.73,89.28,95.37
840390000F0627,2.0,1.65,0.561,0.6,1.48,2035,982,51.74,19.56,32.38
84050000AN0172,,,,,,,,,,
841370000B0240,2.25,1.4,0.549,0.556,2.84,1197,297,75.19,55.39,64.83
840170000F1205,2.15,1.65,0.532,0.466,5.71,2531,284,88.78,75.94,82.5
830850000D0203,2.45,2.0,0.606,0.664,3.18,1347,289,78.54,67.71,68.52
13085000AP0060,2.3,1.85,0.52,0.541,1.48,2350,1284,45.36,0.0,32.55
840870000K0264,1.95,1.65,0.558,0.644,1.69,1791,736,58.91,36.18,40.82
84028000AB0077,2.4,1.4,0.522,0.665,3.11,1891,539,71.5,57.17,67.79
13112000AK0002,2.0,2.15,0.471,0.415,2.41,7001,2461,64.85,15.23,58.55
26345000BH0044,2.1,1.4,0.523,0.552,1.84,2660,1059,60.19,27.86,45.79
262750000G0060,2.25,1.4,0.519,0.561,1.49,3513,1815,48.33,7.86,32.91
261920000B0236,2.45,1.4,0.51,0.369,2.69,3424,1081,68.43,14.37,62.76
840120000A0375,2.0,1.25,0.507,0.52,2.03,1887,736,61.0,24.96,50.82
84012000AS0083,2.2,1.25,0.332,0.75,1.98,2151,871,59.51,46.03,49.37
830350000C0670,2.35,2.05,0.551,0.403,1.9,188,71,62.23,6.38,47.34
13110000BW0028,1.9,1.7,0.54,0.438,1.54,5267,2282,56.67,1.12,34.97
840700000D0796,2.5,1.45,0.482,0.411,7.98,862,85,90.14,75.99,87.47
072340000A1149,2.0,1.4,0.499,0.415,1.93,925,393,57.51,0.0,48.22
83016000AD0149,2.15,1.9,0.582,0.467,2.93,487,119,75.56,47.64,65.91
073080000F0680,2.05,1.95,0.588,0.548,2.05,548,172,68.61,42.7,51.28
84004000AI0027,2.15,1.25,0.523,0.533,2.31,3043,1013,66.71,37.56,56.75
841380000H0219,2.4,1.4,0.393,0.561,1.63,2804,1401,50.04,10.95,38.48
830920000D0933,2.1,2.1,0.593,0.409,1.56,4573,1836,59.85,1.84,35.84
26377000AK0170,2.4,1.35,0.523,0.624,2.67,1559,442,71.65,54.59,62.54
26377000AE0126,2.45,1.35,0.522,0.49,4.59,4221,642,84.79,68.96,78.2
841360000A0002,,,,,,,,,,
262750000D0204,2.25,1.4,0.412,0.697,1.98,3634,1428,60.7,43.62,49.45
262330000A0003,2.4,1.4,0.421,0.497,2.04,1744,715,59.0,17.43,50.86
840200000C0731,2.3,1.35,0.499,0.568,8.11,1914,172,91.01,84.17,87.67
84028000AT0040,2.45,1.4,0.508,0.497,9.48,2882,186,93.55,87.02,89.45
841360000C0741,2.2,1.35,0.461,0.442,10.68,2157,163,92.44,82.89,90.64
840140000C0565,2.5,1.35,0.54,0.413,1.97,1547,626,59.53,2.13,49.19
840370000A0178,2.35,1.45,0.569,0.571,2.46,2267,619,72.7,52.14,59.37
13056000DR0092,2.5,2.15,0.476,0.503,1.63,2985,1455,51.26,3.02,38.63
262850000D0686,1.8,1.2,0.38,0.556,19.83,1408,55,96.09,92.97,94.96
840590000A0026,2.3,1.25,0.488,0.502,13.66,6064,301,95.04,90.11,92.68
830730000A0947,2.3,2.15,0.567,0.36,3.16,1278,231,81.92,49.84,68.31
840370000A0948,2.4,1.45,0.535,0.536,3.18,543,125,76.98,57.09,68.51
841460000B0896,2.35,1.4,0.386,0.702,1.43,800,463,42.12,17.5,30.0
841330000B1413,2.5,1.35,0.531,0.451,2.66,4925,1362,72.35,38.62,62.42
830180000C0054,2.45,1.85,0.464,0.525,7.67,276,21,92.39,85.51,86.96
07264000AC0280,,,,,,,,,,
830730000A0318,2.1,1.95,0.525,0.567,9.74,672,38,94.35,90.03,89.73
841300000B0197,2.2,1.0,0.342,0.565,33.67,1010,26,97.43,95.45,97.03
830320000E1455,2.15,2.0,0.626,0.547,2.0,459,151,67.1,39.87,49.89
13085000AP0039,2.1,1.35,0.182,0.417,112.86,790,5,99.37,98.48,99.11
13091000CC0138,2.5,2.15,0.504,0.605,1.52,620,323,47.9,13.87,34.35
840020000B0970,2.2,1.35,0.526,0.507,2.91,1541,388,74.82,50.36,65.67
841260000A0129,2.2,1.4,0.515,0.545,1.69,1720,786,54.3,16.16,40.81
830790000A2472,2.35,2.15,0.584,0.36,2.23,4269,1147,73.13,25.46,55.09
840960000A0078,2.35,1.4,0.501,0.448,3.12,1277,294,76.98,48.63,67.97
83023000CD0273,1.65,1.85,0.478,0.363,2.3,1863,667,64.2,1.5,56.58
831080000C0050,2.4,1.15,0.302,0.614,1.44,2355,1445,38.64,0.08,30.7
84039000AM0054,2.0,1.65,0.447,0.67,1.51,1457,771,47.08,21.07,33.7
840830000F0804,2.45,1.4,0.482,0.604,4.2,3905,689,82.36,70.78,76.21
830640000A0900,2.45,1.85,0.302,0.267,35.48,816,8,99.02,96.32,97.18
840370000E0155,1.8,1.25,0.485,0.532,1.52,703,377,46.37,0.0,34.28
073080000F0187,2.3,1.6,0.479,0.549,1.55,368,201,45.38,0.54,35.6
84004000AA0047,2.0,1.25,0.526,0.578,2.35,1691,579,65.76,40.75,57.42
840290000D0791,2.35,1.4,0.538,0.497,1.76,479,215,55.11,9.6,43.22
84073000AC0163,2.05,1.35,0.484,0.58,11.66,2088,123,94.11,89.85,91.43
073120000C0375,2.4,1.85,0.577,0.5,1.51,77,37,51.95,3.9,33.77
840470000D0222,2.3,1.65,0.529,0.433,9.59,3232,188,94.18,86.57,89.57
830970000D0011,2.15,2.05,0.599,0.424,1.59,10206,3677,63.97,15.09,37.27
261560000D0661,,,,,,,,,,
840160000A0736,1.95,1.5,0.441,0.78,4.17,242,46,80.99,75.62,76.03
13043000BL0018,2.5,1.55,0.417,0.608,1.38,11627,6957,40.17,1.58,27.33
26071000ZB0151,2.25,2.05,0.518,0.5,4.02,330,43,86.97,73.94,75.15
83096000AC0326,2.25,2.1,0.619,0.495,1.59,1222,420,65.63,30.61,37.15
84028000AO0181,2.05,1.4,0.539,0.53,1.69,3635,1576,56.64,18.24,40.94
263480000D0656,2.35,1.4,0.506,0.628,2.74,1609,405,74.83,59.91,63.46
841360000B1005,1.65,1.35,0.412,0.586,13.47,2801,116,95.86,92.93,92.57
072790000B0381,2.0,1.65,0.48,0.668,2.65,1549,421,72.82,59.33,62.23
84106000AA0085,2.5,1.4,0.385,0.713,1.39,1872,1122,40.06,15.97,28.1
07279000AP0098,2.15,1.6,0.441,0.706,1.68,786,375,52.29,32.44,40.33
07324000AY0111,1.4,1.2,0.396,0.555,1.28,4095,2321,43.32,0.0,21.59
84028000AL0121,2.2,1.35,0.449,0.541,17.1,992,33,96.67,93.85,94.15
830730000F0951,2.45,2.0,0.621,0.462,3.01,2582,452,82.49,62.08,66.81
840370000D0428,2.0,1.65,0.556,0.651,2.75,1549,351,77.34,65.2,63.65
830120000K0052,2.15,2.15,0.611,0.461,1.6,6385,1961,69.29,33.41,37.62
840700000B0761,1.5,1.2,0.274,0.519,34.28,857,14,98.37,96.85,97.08
830350000A2780,2.35,2.0,0.526,0.462,5.31,1109,127,88.55,75.2,81.15
83097000AS0073,1.95,1.35,0.52,0.491,1.56,7249,3547,51.07,0.32,36.06
841500000D0484,2.35,1.4,0.546,0.489,2.17,895,306,65.81,30.06,53.97
071260000I0073,2.05,1.55,0.49,0.566,19.0,1615,64,96.04,93.0,94.74
84031000AI0076,2.25,1.65,0.418,0.696,1.29,1667,1070,35.81,7.74,22.32
83016000AL0412,2.2,1.95,0.509,0.605,1.53,1285,658,48.79,15.41,34.47
13080000BD0064,2.45,1.8,0.506,0.349,7.08,1373,116,91.55,75.82,85.87
840300000E1219,2.25,1.55,0.426,0.738,3.78,1541,305,80.21,73.2,73.52
841220000B0179,2.2,1.35,0.526,0.625,4.32,1019,173,83.02,72.82,76.84
831250000D0286,2.5,1.95,0.565,0.473,1.89,352,134,61.93,19.6,47.16
26054000AM0262,2.1,1.4,0.342,0.761,1.44,2569,1431,44.3,26.82,30.67
830350000A2703,2.2,1.9,0.553,0.434,6.27,1818,203,88.83,74.26,84.05
840370000F0918,1.95,1.4,0.516,0.48,1.57,5320,2553,52.01,0.0,36.17
072450000A0829,2.0,2.15,0.588,0.423,1.69,811,323,60.17,5.8,40.94
840960000A0271,,,,,,,,,,
840170000G0813,2.65,1.65,0.512,0.471,5.79,567,64,88.71,76.01,82.72
84082000AI0283,2.3,1.45,0.371,0.668,2.03,365,153,58.08,37.26,50.68
830860000B0613,2.3,1.95,0.569,0.407,5.29,1873,209,88.84,72.56,81.1
83071000CB0006,2.2,1.95,0.482,0.228,41.13,5964,99,98.34,92.72,97.57
840170000G0978,2.35,1.65,0.561,0.426,1.62,1423,590,58.54,2.67,38.44
840960000F0361,2.2,1.3,0.412,0.465,14.52,697,33,95.27,89.81,93.11
840960000B0621,2.25,1.35,0.542,0.532,1.74,273,134,50.92,7.69,42.49
07168000AI0125,2.15,1.4,0.467,0.529,38.44,4805,81,98.31,96.82,97.4
263770000B0468,2.55,1.35,0.512,0.481,6.49,8371,868,89.63,78.43,84.59
261190000C0602,1.5,0.95,0.378,0.576,1.46,826,476,42.37,0.0,31.48
840300000A0174,2.35,1.6,0.474,0.5,16.63,1164,41,96.48,92.96,93.99
263570000C0084,2.2,1.4,0.524,0.533,2.7,2388,617,74.16,51.51,63.02
840020000A0031,2.5,1.35,0.429,0.535,2.22,10233,3825,62.62,30.2,54.88
840870000K0363,2.1,1.45,0.531,0.614,4.74,1504,215,85.7,76.73,78.92
84028000AO0192,2.2,1.4,0.462,0.663,3.17,2566,601,76.58,64.65,68.47
840190000D0335,2.25,1.4,0.471,0.649,1.83,5669,2360,58.37,35.84,45.33
13079000AE0040,2.2,1.8,0.579,0.498,1.37,331,158,52.27,4.23,26.89
830310000F0467,2.2,2.05,0.513,0.303,12.04,1613,74,95.41,84.87,91.69
831000000E0787,2.45,2.15,0.587,0.333,2.04,2368,687,70.99,12.92,51.1
840290000D0580,2.05,1.4,0.537,0.52,1.82,3273,1341,59.03,21.2,45.13
841060000A0021,1.1,1.15,0.272,0.575,27.02,1216,23,98.11,96.71,96.3
841480000E0826,1.35,1.45,0.324,0.453,46.37,2875,34,98.82,97.39,97.84
830970000D0494,2.2,2.0,0.577,0.364,1.98,5826,2111,63.77,0.55,49.45
830250000C0208,2.45,1.95,0.573,0.349,2.1,1612,502,68.86,10.67,52.48
840200000D0552,2.5,1.15,0.36,0.712,2.34,1523,501,67.1,53.78,57.19
841160000A0494,2.5,1.4,0.466,0.553,5.38,2267,285,87.43,77.28,81.43
840390000F1687,,,,,,,,,,
83123000AD0790,2.2,2.1,0.514,0.536,1.6,1601,788,50.78,8.18,37.41
263220000B0276,2.4,1.2,0.484,0.582,14.59,1576,85,94.61,90.74,93.15
840170000C0339,2.4,1.65,0.539,0.42,2.1,2349,727,69.05,26.35,52.36
841380000T0037,2.4,1.4,0.541,0.542,3.27,862,188,78.19,59.74,69.37
841500000E1056,2.0,1.4,0.509,0.462,4.64,4345,701,83.87,65.09,78.43
84118000AP0352,2.15,1.45,0.476,0.415,18.4,3551,130,96.34,91.19,94.56
841300000B0935,2.6,1.25,0.493,0.357,3.47,8962,2000,77.68,37.45,71.16
830320000E0401,2.4,2.05,0.604,0.379,1.89,2211,675,69.47,19.54,47.17
840510000B0537,1.75,1.2,0.375,0.452,45.71,4251,61,98.57,96.82,97.81
072910000B0401,2.5,1.6,0.541,0.408,3.13,1617,365,77.43,44.71,68.03
261800000A0907,2.3,1.4,0.498,0.511,4.78,1396,203,85.46,71.56,79.08
840200000B0032,,,,,,,,,,
830940000D0880,2.0,1.25,0.517,0.524,1.69,722,372,48.48,1.66,41.0
84112000AW0193,2.15,1.35,0.519,0.478,2.97,2153,547,74.59,46.86,66.37
840780000E1756,2.05,1.4,0.464,0.656,2.85,3993,1054,73.6,59.75,64.89
840300000D0069,2.25,1.65,0.518,0.516,3.99,934,141,84.9,70.77,74.95
840970000C0199,2.4,1.4,0.533,0.457,2.47,3453,998,71.1,36.78,59.48
26345000AP0351,2.0,1.2,0.32,0.801,2.5,1299,386,70.28,62.89,60.05
841360000C0797,2.15,1.05,0.247,0.875,2.31,173,63,63.58,58.38,56.65
841500000B0058,1.5,1.35,0.401,0.604,18.99,3209,87,97.29,95.51,94.73
840490000A0799,2.3,1.4,0.339,0.684,7.66,314,26,91.72,87.9,86.94
841500000F0104,2.2,1.4,0.545,0.509,1.72,1983,825,58.4,18.2,41.96
830350000C0967,2.1,2.1,0.567,0.441,3.46,783,124,84.16,64.11,71.14
261880000D0710,2.1,1.4,0.509,0.59,10.53,2781,167,93.99,89.82,90.51
840390000F1035,2.0,1.65,0.443,0.775,1.73,1535,639,58.37,46.32,42.08
841370000B0546,1.95,1.15,0.223,0.556,25.25,303,10,96.7,94.06,96.04
840170000G0110,2.2,1.65,0.525,0.557,3.79,3914,708,81.91,67.53,73.58
840370000E1293,2.35,1.65,0.567,0.45,1.6,6817,2751,59.65,10.37,37.32
840490000A1208,2.25,1.65,0.494,0.634,3.24,467,111,76.23,62.53,69.16
841500000B0059,1.85,1.4,0.463,0.66,21.57,3235,93,97.13,95.64,95.36
13110000BI0152,2.5,2.05,0.497,0.451,1.97,4372,1559,64.34,20.86,49.2
831080000D0223,2.3,2.15,0.498,0.577,1.42,1045,584,44.11,3.06,29.67
841480000E0720,,,,,,,,,,
831480000H0458,2.4,1.9,0.57,0.42,13.4,10923,425,96.11,90.74,92.54
840520000A0466,2.15,1.15,0.498,0.544,3.72,789,185,76.55,56.91,73.13
841220000H0534,2.3,1.35,0.531,0.545,2.0,639,242,62.13,30.52,50.08
841500000E0519,2.35,1.4,0.541,0.479,1.87,2799,1064,61.99,20.72,46.48
831160000A0053,2.4,1.95,0.504,0.667,1.77,453,206,54.53,31.79,43.49
07279000AC0065,2.15,1.65,0.47,0.59,1.57,655,360,45.04,6.87,36.18
840300000D0510,2.2,1.65,0.39,0.632,1.52,1742,970,44.32,11.83,34.33
830450000H0053,,,,,,,,,,
07228000AL0030,2.05,1.35,0.535,0.513,1.59,507,260,48.72,0.0,37.28
07317000AC0133,2.0,1.6,0.562,0.53,1.32,347,187,46.11,0.0,24.21
83097000AL0579,2.0,1.75,0.575,0.483,1.34,4217,2082,50.63,0.0,25.25
841400000D0165,2.45,1.35,0.531,0.448,1.95,1056,432,59.09,8.62,48.67
841380000P0435,2.25,1.4,0.453,0.674,1.53,1967,1046,46.82,21.15,34.82
830890000A0049,2.1,2.0,0.604,0.449,1.46,2337,940,59.78,10.4,31.62
830570000E0329,2.4,2.0,0.462,0.375,13.8,842,33,96.08,89.55,92.76
26377000AM0079,2.5,1.35,0.374,0.715,1.47,973,509,47.69,26.82,32.07
84028000AH0095,2.35,1.2,0.477,0.535,7.95,1702,166,90.25,81.79,87.43
84008000AO0076,2.1,1.45,0.505,0.507,6.39,3119,341,89.07,78.42,84.35
84012000AH0062,1.95,1.25,0.308,0.794,1.84,239,104,56.49,45.19,45.61
26250000ZC0064,1.95,1.65,0.56,0.503,1.29,3548,1816,48.82,0.0,22.27
840650000B0365,2.5,1.35,0.502,0.484,1.8,910,396,56.48,10.11,44.4
07042000BC0299,2.4,1.4,0.532,0.528,4.47,3579,527,85.28,72.09,77.62
26345000AD0127,2.0,1.4,0.545,0.525,1.64,1526,746,51.11,6.95,39.19
840020000B0457,2.5,1.35,0.4,0.679,1.88,1573,623,60.39,41.7,46.79
26345000BH0124,2.5,1.4,0.52,0.481,7.53,4756,411,91.36,82.04,86.71
840490000A0327,2.1,1.4,0.511,0.72,1.92,188,77,59.04,43.09,47.87
841340000C0700,1.95,1.4,0.508,0.684,10.34,3153,212,93.28,90.17,90.33
84028000AB0133,2.25,1.4,0.545,0.493,1.6,11830,5544,53.14,5.02,37.32
830510000F0223,1.7,1.7,0.486,0.41,1.79,268,111,58.58,0.0,44.03
840170000D0095,2.3,1.4,0.524,0.444,1.9,459,200,56.43,1.96,47.28
83063000AD0029,2.1,1.75,0.58,0.532,2.49,117,41,64.96,34.19,59.83
841380000L0040,2.4,1.4,0.469,0.518,4.49,839,147,82.48,66.15,77.71
263480000D0588,2.45,1.4,0.493,0.57,4.03,766,139,81.85,68.15,75.2
840720000B0062,2.15,1.65,0.579,0.551,2.23,1640,481,70.67,46.77,55.18
840440000A0884,2.5,1.45,0.51,0.529,3.6,331,64,80.66,63.44,72.21
830500000H0443,2.35,2.0,0.542,0.626,2.93,594,159,73.23,57.24,65.82
840290000D0066,2.0,1.4,0.352,0.78,1.32,628,382,39.17,21.97,24.36
07264000AM0027,2.4,1.4,0.513,0.518,6.45,10615,1156,89.11,78.97,84.48
84141000AT0046,2.5,1.35,0.486,0.46,10.42,1407,99,92.96,84.72,90.41
071690000B0295,1.9,2.0,0.565,0.435,1.52,4600,2053,55.37,0.0,34.17
84056000AN0131,2.3,1.2,0.313,0.768,1.54,1143,612,46.46,30.27,35.08
841340000E0099,2.1,1.4,0.536,0.61,1.75,2033,849,58.24,31.58,42.94
840220000D0508,2.0,1.15,0.518,0.541,1.68,422,230,45.5,0.0,40.52
261100000B0612,2.0,1.7,0.559,0.467,1.53,762,360,52.76,0.0,34.51
840520000A0639,2.5,1.15,0.506,0.444,2.34,1827,685,62.51,15.6,57.2
830270000D0036,2.2,2.1,0.575,0.474,1.39,2381,1112,53.3,1.39,28.14
84050000AN0167,2.5,1.65,0.551,0.513,3.07,2899,582,79.92,60.85,67.4
840290000A1166,2.25,1.35,0.315,0.717,1.21,1486,1082,27.19,0.0,17.09
130910000B0278,2.2,1.9,0.586,0.46,1.58,218,98,55.05,2.29,36.7
831480000I1672,2.25,1.95,0.594,0.497,3.81,1127,162,85.63,71.07,73.74
831250000C0335,2.15,1.95,0.613,0.437,1.46,597,247,58.63,5.36,31.32
841500000F0067,2.45,1.4,0.504,0.514,2.24,563,181,67.85,37.48,55.42
840490000A0183,2.1,1.45,0.478,0.577,19.29,2970,109,96.33,93.64,94.81
841260000B0402,2.25,1.4,0.515,0.431,1.77,6948,2872,58.66,4.16,43.42
840390000D0192,2.05,1.65,0.417,0.842,3.37,118,32,72.88,67.8,70.34
070150000C0997,1.8,1.45,0.501,0.501,1.53,835,422,49.46,0.0,34.73
830730000F0653,2.2,2.15,0.547,0.556,3.7,185,35,81.08,65.95,72.97
840870000K0622,1.8,1.65,0.443,0.599,5.17,1949,202,89.64,82.71,80.66
831410000G0108,1.85,2.1,0.438,0.456,21.19,1102,26,97.64,94.83,95.28
841380000T0434,2.35,1.4,0.406,0.685,1.41,114,74,35.09,5.26,28.95
840960000A0135,2.0,1.4,0.412,0.691,2.33,2881,897,68.86,54.95,57.17
840400000E0128,2.25,1.65,0.521,0.562,2.92,2931,679,76.83,58.75,65.71
841510000A0381,2.45,1.35,0.47,0.541,2.15,1308,489,62.61,30.89,53.52
830850000D0144,2.5,1.95,0.624,0.496,3.01,1140,245,78.51,56.67,66.75
841150000A0374,2.3,1.6,0.512,0.699,3.68,254,51,79.92,71.26,72.83
84036000AZ0131,2.05,1.4,0.314,0.702,2.87,129,40,68.99,55.81,65.12
840510000G0880,,,,,,,,,,
263480000C0363,2.35,1.4,0.526,0.552,3.34,702,155,77.92,59.97,70.09
83097000AB0227,2.05,2.1,0.585,0.416,1.5,1312,520,60.37,4.8,33.38
830630000C0015,2.4,2.0,0.594,0.427,2.64,3483,736,78.87,50.56,62.07
841380000M0096,2.0,1.4,0.498,0.624,3.77,949,171,81.98,71.13,73.45
263570000I0055,2.25,1.4,0.379,0.787,2.36,2168,689,68.22,59.59,57.7
84031000AW0093,2.4,1.65,0.525,0.425,10.5,4314,237,94.51,87.07,90.47
841060000C1347,,,,,,,,,,
83042000AY0095,2.0,1.75,0.566,0.479,1.44,1117,547,51.03,0.0,30.62
830890000B0284,2.5,2.05,0.601,0.375,1.87,9660,2877,70.22,20.55,46.6
840490000A0574,2.05,1.45,0.45,0.496,9.03,948,70,92.62,85.13,88.92
841220000B1276,2.0,1.3,0.502,0.664,7.18,783,83,89.4,84.04,86.08
830830000C0222,2.5,2.0,0.511,0.678,3.11,978,240,75.46,63.8,67.89
261880000A0111,2.35,1.4,0.417,0.681,4.13,805,139,82.73,74.66,75.78
13032000BV0176,2.2,2.0,0.591,0.448,7.34,11324,833,92.64,83.57,86.38
26054000AD0280,2.1,1.4,0.497,0.636,3.34,1668,402,75.9,62.11,70.02
841500000D0109,,,,,,,,,,
26054000AK0025,2.0,1.4,0.525,0.517,1.68,904,434,51.99,7.08,40.49
841340000C0307,2.25,1.4,0.549,0.55,2.55,791,237,70.04,45.51,60.81
07279000AD0122,2.3,1.65,0.426,0.76,2.61,378,111,70.63,61.38,61.64
840680000C0419,2.5,1.3,0.452,0.576,4.22,363,68,81.27,67.49,76.31
840300000C0987,2.25,1.65,0.572,0.497,1.73,5045,1828,63.77,27.12,42.14
07140000ZI0092,2.2,2.0,0.521,0.579,1.42,2857,1670,41.55,0.0,29.4
840170000B0685,2.35,1.65,0.566,0.53,2.36,2702,738,72.69,48.48,57.66
071330000B0502,2.0,1.6,0.568,0.521,1.32,2979,1557,47.73,0.0,24.37
840200000C1747,2.45,1.3,0.513,0.507,20.3,10334,370,96.42,92.94,95.07
83104000BV0273,2.4,1.45,0.546,0.496,1.8,363,172,52.62,4.41,44.35
840090000D0017,2.1,1.35,0.533,0.536,2.3,2093,677,67.65,39.61,56.47
26345000AK0134,2.2,1.4,0.544,0.579,2.24,1376,430,68.75,46.0,55.45
840370000F0455,2.55,1.65,0.579,0.442,2.07,275,92,66.55,24.36,51.64
830910000E2932,2.55,2.0,0.613,0.438,1.5,2588,953,63.18,15.92,33.5
262330000C0036,2.55,1.4,0.503,0.429,1.98,4054,1571,61.25,9.6,49.61
841000000C0075,2.3,1.2,0.509,0.541,2.21,248,93,62.5,30.65,54.84
84118000AE0034,2.3,1.65,0.572,0.53,1.99,684,221,67.69,39.04,49.71
263570000S0118,,,,,,,,,,
83086000AH0102,2.5,1.95,0.49,0.59,4.4,4670,778,83.34,71.76,77.28
840290000D0041,1.8,1.0,0.268,0.204,358.73,5381,11,99.8,99.0,99.72
841000000A0298,2.35,1.25,0.461,0.506,2.48,2614,826,68.4,37.57,59.76
840390000F0568,2.4,1.65,0.548,0.506,1.95,314,120,61.78,24.52,48.73
26377000AY0117,2.4,1.3,0.485,0.59,3.08,709,183,74.19,56.28,67.56
830850000B0073,2.45,1.9,0.574,0.439,3.02,1419,278,80.41,55.39,66.88
830500000H1757,2.15,2.15,0.576,0.344,1.8,8558,2786,67.45,5.46,44.59
83090000CL0136,2.5,2.0,0.557,0.339,3.03,385,79,79.48,39.48,67.01
07324000AW0038,2.25,2.1,0.514,0.662,1.36,277,174,37.18,5.05,26.35
830320000D0709,2.15,2.1,0.607,0.468,4.31,5833,687,88.22,74.83,76.82
840940000E0034,2.05,1.4,0.535,0.533,1.82,586,256,56.31,18.09,45.05
263570000B0033,2.5,1.4,0.538,0.511,2.88,414,112,72.95,47.1,65.22
841380000S0212,2.3,1.2,0.475,0.524,2.5,583,185,68.27,39.45,60.03
831080000D0411,2.6,2.0,0.475,0.534,4.89,963,173,82.04,66.36,79.54
840370000C0159,1.9,1.65,0.487,0.623,2.26,1180,357,69.75,51.44,55.68
830970000D0440,2.4,1.95,0.608,0.443,1.89,2067,627,69.67,31.59,47.22
13082000AW0171,2.05,2.15,0.588,0.405,1.56,2124,825,61.16,4.19,35.88
841500000D0537,2.3,1.35,0.341,0.76,2.24,1881,631,66.45,55.87,55.29
831080000E0204,2.5,2.1,0.476,0.65,1.27,835,534,36.05,1.68,21.44
84028000AK0104,2.55,1.35,0.526,0.463,1.92,1314,526,59.97,13.62,48.02
26377000AM0103,2.45,1.1,0.41,0.435,8.23,469,50,89.34,75.48,87.85
26367000AO0124,2.0,1.4,0.501,0.597,4.01,610,114,81.31,68.69,75.08
84053000ZI0073,1.95,1.4,0.471,0.635,8.55,932,61,93.45,89.7,88.3
841480000A0936,2.25,1.65,0.426,0.78,3.87,468,92,80.34,74.79,74.15
840960000B0282,2.15,1.4,0.534,0.495,2.42,1553,476,69.35,38.12,58.6
84104000AE0164,2.1,1.4,0.38,0.826,5.14,1839,256,86.08,83.14,80.53
83023000BL0039,2.45,1.95,0.545,0.47,9.52,1742,95,94.55,88.4,89.49
841370000A0070,2.3,1.4,0.534,0.526,3.23,3805,816,78.55,59.24,69.01
83042000AB0095,2.55,2.05,0.52,0.435,2.88,311,50,83.92,63.02,65.27
84082000BL0058,2.25,1.55,0.437,0.365,19.01,1426,50,96.49,90.39,94.74
830850000A0139,2.0,2.05,0.559,0.366,1.86,1824,664,63.6,0.44,46.16
840390000C0761,2.4,1.65,0.557,0.418,2.55,3938,1047,73.41,36.47,60.79
840390000F0967,2.5,1.45,0.555,0.635,2.66,186,61,67.2,48.39,62.37
263800000C0724,2.5,1.95,0.596,0.493,1.94,651,210,67.74,34.56,48.54
841300000A0383,,,,,,,,,,
26317000AH0038,2.0,1.25,0.521,0.509,1.66,827,418,49.46,0.6,39.66
830670000C0703,2.4,1.45,0.381,0.593,1.43,1461,889,39.15,0.0,30.25
261820000B0208,2.25,1.4,0.395,0.704,4.33,1121,188,83.23,76.18,76.9
841270000D0896,2.1,1.35,0.363,0.702,1.22,1100,771,29.91,0.18,17.91
841510000A0389,2.5,1.35,0.458,0.482,2.66,2028,575,71.65,41.22,62.43
840200000C0790,2.65,1.35,0.475,0.424,8.48,1831,147,91.97,81.05,88.2
261820000C1227,2.4,1.4,0.532,0.484,3.38,6518,1401,78.51,55.55,70.41
841480000B0563,1.75,1.35,0.205,0.4,215.88,1727,6,99.65,99.13,99.54
262750000F0203,2.35,1.4,0.548,0.529,3.17,4245,909,78.59,59.55,68.43
830920000B0104,1.8,2.0,0.566,0.443,1.52,3558,1565,56.01,0.82,34.12
26367000AO0455,2.45,1.35,0.483,0.705,2.59,1051,297,71.74,59.94,61.37
841300000A0142,2.15,1.25,0.485,0.514,4.83,1048,164,84.35,69.56,79.29
841000000C0593,2.1,1.25,0.493,0.472,3.76,3278,680,79.26,56.01,73.43
840970000C0096,2.2,1.4,0.521,0.526,3.78,2851,522,81.69,65.17,73.55
840960000D0534,2.3,1.4,0.536,0.565,2.57,2990,791,73.55,53.21,61.1
84019000BE0026,2.1,1.2,0.341,0.784,1.32,308,192,37.66,20.45,24.35
840020000A0800,2.5,1.35,0.318,0.656,2.33,658,259,60.64,39.97,57.14
831480000D0237,2.65,2.0,0.575,0.535,3.48,372,69,81.45,65.32,71.24
840910000B0021,2.3,1.4,0.554,0.51,1.75,1281,556,56.6,14.83,43.01
84041000AK0023,2.2,1.65,0.567,0.516,2.73,5044,1208,76.05,53.55,63.38
841380000Q0404,2.5,1.4,0.545,0.468,2.38,571,185,67.6,30.82,57.97
841380000H1112,2.4,1.4,0.36,0.716,1.32,2987,1869,37.43,12.65,24.47
26377000AT0243,2.45,1.15,0.435,0.41,20.16,1411,50,96.46,91.35,95.04
263570000P0364,2.1,1.4,0.547,0.563,1.8,725,301,58.48,26.21,44.55
840170000E1274,2.5,1.25,0.427,0.396,26.4,3036,86,97.17,92.85,96.21
840170000C0671,2.0,1.65,0.572,0.56,1.89,906,305,66.34,39.85,47.02
84041000AI0305,1.2,1.4,0.275,0.615,77.83,2257,16,99.29,98.85,98.72
262750000F0221,2.0,1.4,0.355,0.816,2.8,1021,261,74.44,68.66,64.25
26054000AC0340,2.5,1.3,0.49,0.447,2.7,254,76,70.08,33.07,62.99
841360000C0561,1.5,1.2,0.335,0.542,29.96,2427,39,98.39,97.03,96.66
13050000BP0179,2.5,1.7,0.406,0.662,1.32,3209,2105,34.4,0.97,24.31
83096000AC0471,2.25,1.85,0.563,0.456,1.52,328,150,54.27,0.0,34.15
840390000G0875,2.0,1.65,0.436,0.826,2.0,1497,533,64.4,56.91,50.1
072910000A0793,,,,,,,,,,
07245000AA0042,1.45,1.3,0.363,0.596,1.4,1016,620,38.98,0.0,28.74
263220000B0073,2.3,0.9,0.269,0.387,106.81,1709,12,99.3,98.19,99.06
83107000AL0533,2.2,2.05,0.595,0.465,4.5,2175,275,87.36,72.83,77.79
841330000F0272,2.45,1.35,0.527,0.416,2.0,1793,692,61.41,7.14,50.08
07143000AK0372,1.65,1.3,0.45,0.596,1.37,222,133,40.09,0.0,27.03
841060000B0084,2.05,1.4,0.539,0.578,2.04,977,350,64.18,37.97,50.97
840960000C0375,1.35,1.2,0.312,0.774,21.73,717,24,96.65,95.68,95.4
840490000C0474,2.3,1.25,0.423,0.536,5.55,516,74,85.66,73.26,81.98
830040000B0156,1.9,1.9,0.475,0.371,10.0,1080,62,94.26,84.54,90.0
84118000AV0016,2.5,1.65,0.538,0.455,1.74,319,126,60.5,13.17,42.63
840220000A0170,2.6,1.4,0.512,0.484,2.16,1345,460,65.8,29.29,53.61
83048000AA0137,1.95,1.95,0.569,0.395,1.67,9750,3863,60.38,0.0,40.14
841430000A0349,2.5,1.65,0.553,0.427,1.8,1394,516,62.98,13.27,44.33
840170000B0436,2.4,1.6,0.564,0.465,1.57,211,99,53.08,0.0,36.49
83035000AC0050,2.25,1.9,0.442,0.438,7.38,251,21,91.63,80.88,86.45
841370000B0023,2.4,1.2,0.463,0.444,2.17,141,52,63.12,17.02,53.9
840390000G1146,2.15,1.65,0.579,0.586,1.42,303,157,48.18,11.55,29.37
841460000B0156,2.35,1.3,0.338,0.79,6.15,1009,124,87.71,84.44,83.75
830320000E0134,2.35,2.0,0.579,0.443,1.95,215,77,64.19,19.07,48.84
261820000B0709,2.45,1.4,0.538,0.506,1.88,847,344,59.39,19.72,46.87
840170000F1529,2.05,1.65,0.556,0.577,3.83,2113,315,85.09,74.16,73.92
84104000AK0060,2.1,1.4,0.395,0.661,1.94,1310,549,58.09,36.64,48.47
840720000B0673,2.5,1.65,0.56,0.427,4.7,8973,1184,86.8,69.11,78.71
26054000AE0089,2.15,1.4,0.543,0.494,1.74,589,251,57.39,13.75,42.44
83136000BC0338,2.3,1.95,0.593,0.581,2.0,228,75,67.11,43.42,50.0
841260000F1521,2.4,1.3,0.419,0.379,9.95,756,58,92.33,79.76,89.95
26054000AR0119,2.05,1.3,0.533,0.534,1.53,996,533,46.49,0.0,34.44
840940000F0399,2.35,1.2,0.49,0.537,6.42,841,108,87.16,76.1,84.42
830460000E0825,2.35,2.15,0.542,0.306,10.1,3919,177,95.48,85.25,90.1
830830000C0103,2.35,1.55,0.149,0.333,8.12,65,4,93.85,81.54,87.69
840440000A0692,2.1,1.65,0.537,0.476,1.54,563,263,53.29,1.95,35.17
26054000AD0007,2.1,1.4,0.526,0.468,2.36,1977,664,66.41,28.17,57.56
840190000I1061,2.05,1.4,0.543,0.551,2.16,1061,378,64.37,35.34,53.63
840370000C1175,2.4,1.15,0.375,0.519,19.22,615,27,95.61,91.54,94.8
840190000G0401,2.2,1.4,0.532,0.651,2.31,637,209,67.19,49.61,56.67
070700000B0884,,,,,,,,,,
830370000C0282,1.95,2.1,0.533,0.434,3.74,771,132,82.88,60.57,73.28
840750000F0102,,,,,,,,,,
830270000H0116,2.6,2.15,0.605,0.36,2.28,12279,2930,76.14,33.66,56.08
830590000B0071,2.5,2.0,0.541,0.431,4.37,1039,176,83.06,60.73,77.09
841380000F0743,1.55,0.85,0.201,0.45,58.77,764,9,98.82,97.38,98.3
83047000CB0016,2.5,2.0,0.51,0.669,2.8,1121,295,73.68,60.66,64.23
831340000A0773,2.4,2.05,0.609,0.452,1.77,1114,360,67.68,28.46,43.45
84102000AK0008,2.55,1.65,0.56,0.431,2.19,1747,501,71.32,33.49,54.38
840300000B0192,2.35,1.45,0.39,0.653,1.63,560,282,49.64,22.86,38.57
831000000D0846,2.4,2.0,0.494,0.64,1.29,1144,725,36.63,1.05,22.73
830260000D0326,2.5,1.95,0.473,0.424,11.73,657,36,94.52,87.06,91.48
830180000B0405,2.25,1.85,0.46,0.392,42.62,3154,31,99.02,97.5,97.65
840610000B0016,2.2,1.35,0.52,0.564,4.06,1765,338,80.85,66.06,75.35
070150000A0303,1.85,0.9,0.443,0.555,1.76,2371,1353,42.94,0.0,43.27
830490000D2142,2.45,1.8,0.493,0.593,1.33,1011,613,39.37,0.0,24.83
840290000B0601,1.95,1.35,0.364,0.738,1.59,2162,1101,49.07,30.99,37.0
84024000AM0064,2.55,1.35,0.508,0.664,3.08,308,81,73.7,60.39,67.53
830120000L0098,2.45,2.1,0.6,0.412,1.87,1299,381,70.67,28.79,46.65
830350000E0867,2.2,1.65,0.412,0.665,1.29,1054,680,35.48,3.04,22.2
263570000C0018,2.35,1.4,0.399,0.716,2.18,1951,692,64.53,50.49,54.13
840220000B0409,2.3,1.4,0.531,0.54,1.78,307,141,54.07,14.98,43.97
841220000B0933,2.15,1.35,0.508,0.632,5.16,645,103,84.03,74.73,80.62
26220000AK0002,2.5,1.4,0.484,0.481,8.87,1428,101,92.93,85.29,88.73
84028000AY0280,2.15,1.2,0.344,0.738,3.57,1660,363,78.13,70.36,71.99
840400000E0495,2.4,1.6,0.547,0.446,4.13,6622,999,84.91,66.17,75.76
840490000B0353,2.2,1.65,0.551,0.435,3.39,106308,19516,81.64,57.78,70.54
830560000D0142,2.2,1.3,0.508,0.496,1.67,1264,634,49.84,0.0,40.19
84129000BS0014,2.1,1.65,0.551,0.454,3.42,2245,421,81.25,58.71,70.73
261820000G0197,2.35,1.4,0.514,0.393,1.99,4337,1615,62.76,5.28,49.76
83136000AV0056,2.15,1.85,0.505,0.56,10.49,860,42,95.12,91.28,90.47
840400000D0340,1.6,1.25,0.415,0.505,1.57,533,270,49.34,0.0,36.4
262750000E0194,2.2,1.4,0.375,0.866,6.16,1461,174,88.09,86.24,83.78
841380000B0088,,,,,,,,,,
841170000A0164,,,,,,,,,,
83097000AB0207,2.5,1.0,0.399,0.58,1.5,1114,650,41.65,0.0,33.21
841330000D0564,2.2,1.3,0.472,0.477,4.4,207,42,79.71,57.49,77.29
261560000B0373,2.0,1.95,0.586,0.442,1.56,938,411,56.18,0.96,36.03
263570000R0002,2.0,1.4,0.375,0.749,2.24,754,265,64.85,53.05,55.44
261800000C0634,1.25,1.15,0.307,0.544,33.59,3191,56,98.25,96.77,97.02
073450000A0140,1.55,1.95,0.515,0.443,1.81,289,128,55.71,0.0,44.64
84137000AX0385,2.25,1.4,0.537,0.49,1.61,6943,3139,54.79,7.81,37.95
840490000B0292,2.3,1.65,0.547,0.426,3.0,55801,11797,78.86,50.33,66.69
07264000AX0049,2.35,1.25,0.423,0.657,7.08,680,67,90.15,85.0,85.88
83086000AA0106,2.25,1.35,0.388,0.562,1.58,1215,672,44.69,1.65,36.71
840170000B0538,2.25,1.65,0.509,0.447,6.46,769,72,90.64,79.06,84.53
84102000BI0091,2.25,1.65,0.508,0.646,1.72,1431,662,53.74,28.37,41.93
263220000A0386,2.5,1.4,0.427,0.745,2.68,5246,1411,73.1,63.9,62.68
830460000B0957,2.55,2.0,0.588,0.475,3.88,954,126,86.79,72.22,74.21
84028000AL0076,2.3,1.4,0.543,0.527,2.46,2235,667,70.16,43.36,59.28
841260000C0466,2.35,1.4,0.529,0.483,1.75,840,360,57.14,11.19,42.98
840960000B0332,2.15,1.4,0.507,0.485,6.38,3325,358,89.23,77.8,84.33
840720000E0110,2.2,1.45,0.348,0.769,1.28,767,494,35.59,16.3,22.16
840420000F0619,2.15,1.35,0.502,0.447,3.09,39185,8470,78.38,51.64,67.66
840930000A1088,2.4,1.35,0.515,0.547,6.04,22319,2645,88.15,78.35,83.44
84138000AC0768,,,,,,,,,,
26317000AE0199,2.4,1.4,0.552,0.506,2.0,811,299,63.13,27.13,50.06
830850000C0026,2.5,1.8,0.444,0.541,1.71,8686,4603,47.01,2.04,41.65
840220000D0268,2.3,1.4,0.514,0.423,2.12,1907,662,65.29,17.99,52.91
13079000AE0036,1.35,1.8,0.233,0.421,70.45,775,8,98.97,97.55,98.58
830910000B0047,2.3,2.05,0.596,0.511,1.33,1590,748,52.96,7.99,25.03
84028000AY0137,1.3,1.2,0.309,0.505,42.17,3416,47,98.62,97.28,97.63
07042000BK0135,2.3,1.4,0.462,0.587,20.9,1609,54,96.64,94.28,95.21
830920000B0811,2.4,1.95,0.6,0.484,1.84,2028,690,65.98,29.64,45.76
841150000B0378,2.2,1.4,0.514,0.472,1.68,188,94,50.0,0.0,40.43
840420000C1174,2.3,1.35,0.505,0.396,2.24,1286,482,62.52,5.44,55.29
840300000C1077,2.0,1.65,0.563,0.516,2.3,10062,2761,72.56,46.79,56.5
84050000AN0185,2.45,1.65,0.546,0.573,3.86,845,141,83.31,70.89,74.08
830500000H0321,2.2,1.95,0.57,0.606,5.18,1880,195,89.63,82.87,80.69
841260000F0173,2.25,1.35,0.542,0.527,1.64,273,145,46.89,0.0,39.19
84028000AI0172,2.45,1.4,0.453,0.619,3.46,7962,1652,79.25,66.47,71.11
83096000AC0387,2.0,1.9,0.593,0.483,1.3,934,449,51.93,0.43,23.02
84149000AR0039,2.4,1.4,0.53,0.518,6.33,5771,618,89.29,79.33,84.2
840910000D1046,2.15,1.4,0.494,0.551,3.08,14978,3610,75.9,56.29,67.52
83023000BY0032,2.35,2.05,0.6,0.438,3.99,17066,2024,88.14,72.91,74.93
26367000AH0215,2.4,1.4,0.504,0.537,2.14,1361,481,64.66,34.24,53.34
841500000F0135,2.3,1.1,0.357,0.668,1.28,3398,2242,34.02,1.27,21.66
830720000G0410,2.35,2.15,0.534,0.659,3.62,1294,236,81.76,72.33,72.41
840390000G0219,1.95,1.5,0.409,0.644,3.57,378,85,77.51,65.08,71.96
831250000C0033,2.05,2.0,0.59,0.399,1.65,767,301,60.76,1.69,39.5
263480000E0576,2.45,1.4,0.519,0.431,1.92,410,165,59.76,6.59,47.8
263770000H0389,2.4,1.35,0.527,0.491,2.08,1516,562,62.93,24.47,51.85
83023000AC0054,2.0,1.85,0.448,0.483,53.56,1821,14,99.23,98.41,98.13
073080000A0020,2.3,2.0,0.54,0.56,1.64,247,121,51.01,12.55,38.87
841260000E0347,2.15,1.4,0.405,0.667,1.68,240,118,50.83,26.25,40.42
83112000CV0011,2.35,2.0,0.559,0.366,15.2,2888,96,96.68,90.93,93.42
841000000A0152,2.2,1.15,0.221,0.76,4.46,107,19,82.24,76.64,77.57
830910000A0278,2.4,2.0,0.468,0.527,1.62,1971,1030,47.74,0.76,38.15
07143000AL0110,1.95,1.95,0.562,0.579,1.79,291,103,64.6,38.83,43.99
84104000AN0433,,,,,,,,,,
840960000D0019,2.25,1.4,0.509,0.575,4.07,745,130,82.55,69.66,75.44
840200000A0397,1.15,1.1,0.31,0.579,104.56,17776,88,99.5,99.14,99.04
840390000C0615,2.0,1.35,0.507,0.634,1.19,531,376,29.19,0.0,15.82
840220000A0263,2.5,1.4,0.531,0.447,1.76,431,188,56.38,2.32,43.16
84008000AO0068,2.4,1.65,0.467,0.495,4.18,890,149,83.26,66.18,76.07
840370000E0245,2.0,1.6,0.45,0.73,2.66,1050,289,72.48,62.29,62.48
83096000AC0465,2.0,1.85,0.562,0.487,1.38,316,154,51.27,0.0,27.53
84085000AX0032,2.4,1.65,0.511,0.481,5.25,824,91,88.96,77.06,80.95
84028000AP0013,2.4,1.4,0.518,0.603,2.96,142,38,73.24,55.63,66.2
070970000B1204,2.0,2.0,0.621,0.5,1.29,423,207,51.06,2.13,22.46
83148000AI0013,2.4,1.95,0.595,0.476,7.27,11652,835,92.83,84.94,86.24
072680000B0423,2.05,1.4,0.533,0.57,2.19,3020,960,68.21,44.21,54.44
840370000D0148,2.0,1.65,0.434,0.676,1.75,1826,826,54.76,33.08,42.72
840420000C0286,2.5,1.35,0.417,0.648,2.7,9442,2430,74.26,60.26,63.01
070090000A0673,1.95,1.85,0.552,0.475,1.79,136,58,57.35,10.29,44.12
84016000AW0160,,,,,,,,,,
840390000F0933,1.8,1.65,0.443,0.785,2.91,806,205,74.57,67.62,65.63
84046000AB0093,2.25,1.35,0.512,0.495,1.59,4200,2068,50.76,0.43,37.05
841340000C0677,2.3,1.4,0.528,0.464,1.97,22509,7254,67.77,30.61,49.18
831400000A0848,2.0,2.0,0.528,0.5,8.63,993,54,94.56,89.12,88.42
840390000A0600,2.0,1.65,0.44,0.843,1.73,1471,611,58.46,50.71,42.22
263570000E0008,,,,,,,,,,
840510000E0415,2.45,1.35,0.471,0.389,9.51,3405,264,92.25,80.09,89.49
830180000C0769,2.0,1.5,0.401,0.487,54.14,1570,19,98.79,97.52,98.15
841130000C0302,2.3,1.35,0.532,0.463,1.91,2870,1161,59.55,12.54,47.56
840390000H2013,2.25,1.65,0.542,0.446,1.57,37283,16156,56.67,2.93,36.47
840290000D0401,2.4,1.4,0.544,0.488,2.07,688,240,65.12,28.49,51.6
831480000F0140,2.55,2.1,0.583,0.407,3.32,906,162,82.12,56.07,69.87
261100000A0292,2.0,2.15,0.502,0.409,5.11,654,88,86.54,67.13,80.43
831080000F0284,,,,,,,,,,
263570000O0236,2.4,1.4,0.532,0.466,2.35,634,199,68.61,32.65,57.41
831430000D0392,2.35,1.85,0.519,0.414,6.23,754,70,90.72,77.59,83.95
841480000A1289,1.25,1.35,0.298,0.55,80.59,3304,22,99.33,98.79,98.76
841500000B0312,1.95,1.2,0.438,0.492,14.36,1838,93,94.94,89.72,93.04
830180000E1469,2.35,1.85,0.48,0.479,9.21,691,45,93.49,86.4,89.15
83130000BT0042,1.85,1.65,0.519,0.44,1.51,5384,2397,55.48,0.0,33.66
840510000C0352,2.1,1.35,0.448,0.448,23.32,2728,90,96.7,92.63,95.71
830880000A0775,2.6,2.0,0.608,0.434,1.42,269,121,55.02,0.0,29.37
071260000D0119,2.2,1.65,0.56,0.495,1.37,2493,1236,50.42,0.0,27.08
830480000B1081,2.15,1.3,0.328,0.63,1.34,5125,3303,35.55,0.0,25.37
84028000AX0020,1.9,1.4,0.464,0.609,6.33,968,98,89.88,83.37,84.19
84008000AR0485,,,,,,,,,,
263800000C0659,2.1,1.95,0.582,0.553,3.15,776,135,82.6,68.56,68.3
840440000B0236,2.5,1.65,0.549,0.472,2.26,2134,613,71.27,39.18,55.72
13079000BN0100,2.55,1.9,0.64,0.494,3.33,170,43,74.71,48.82,70.0
261100000A0586,1.9,1.85,0.587,0.679,2.5,125,36,71.2,57.6,60.0
830830000C1012,,,,,,,,,,
840260000B0051,2.4,1.35,0.5,0.407,3.64,13144,2409,81.67,54.95,72.55
072340000A0181,1.8,1.4,0.46,0.466,1.77,639,296,53.68,0.63,43.35
26317000AM0059,2.4,1.4,0.541,0.505,3.08,877,205,76.62,53.71,67.5
07168000AI0095,2.1,1.45,0.438,0.609,4.86,282,39,86.17,77.3,79.43
830590000D0658,2.5,2.0,0.5,0.457,1.68,5510,2512,54.41,0.34,40.51
831250000D0302,2.5,2.15,0.613,0.396,1.53,212,76,64.15,9.43,34.43
841260000E1533,2.3,1.4,0.5,0.514,4.16,828,133,83.94,68.72,75.97
841260000B0533,2.45,1.4,0.484,0.568,1.95,3199,1217,61.96,33.04,48.67
840300000D1993,2.1,1.45,0.374,0.54,9.24,314,27,91.4,84.08,89.17
830320000E0469,2.15,1.95,0.521,0.512,7.09,461,42,90.89,82.21,85.9
261880000D0320,2.4,1.4,0.429,0.337,5.0,165,30,81.82,46.06,80.0
830500000H1424,2.45,2.15,0.602,0.384,1.63,1861,685,63.19,4.25,38.64
83016000AH0058,2.25,2.05,0.563,0.457,2.92,234,58,75.21,45.73,65.81
840220000D0394,2.25,1.4,0.532,0.598,2.22,974,345,64.58,40.76,54.93
83097000AN0193,1.95,1.9,0.568,0.453,1.41,1817,819,54.93,0.61,29.28
13110000BN0129,1.9,1.6,0.537,0.476,1.42,1875,912,51.36,0.0,29.33
84031000AE0098,2.0,1.25,0.524,0.628,2.89,2111,558,73.57,57.93,65.37
830910000E0149,2.0,1.75,0.578,0.499,1.26,1684,872,48.22,0.0,20.67
830210000D0266,,,,,,,,,,
83097000AS0023,2.5,2.0,0.585,0.434,2.72,2087,457,78.1,49.59,63.25
830690000C0085,2.5,1.6,0.456,0.469,1.66,1279,598,53.24,0.31,39.8
13056000DW0116,2.4,2.05,0.607,0.407,1.49,3412,1290,62.19,7.12,32.97
84122000AB0039,2.0,1.35,0.532,0.594,2.53,1366,419,69.33,48.39,60.54
840370000B0514,2.45,1.65,0.58,0.51,2.48,704,186,73.58,48.15,59.66
841330000F1063,2.5,1.35,0.526,0.427,2.57,4845,1384,71.43,33.07,61.05
07143000AK0385,1.3,1.95,0.398,0.546,1.67,144,77,46.53,2.08,40.28
830880000B0166,2.5,2.1,0.476,0.579,1.6,1625,771,52.55,18.03,37.6
840290000E0619,2.25,1.4,0.367,0.807,2.69,3558,989,72.2,65.54,62.82
07143000AL0215,1.6,1.75,0.452,0.429,1.79,451,195,56.76,0.0,44.12
840870000D0386,2.2,1.65,0.571,0.513,1.44,942,454,51.8,6.05,30.79
26377000AT0122,2.45,1.3,0.506,0.474,2.99,527,143,72.87,42.69,66.6
84137000AZ0126,2.3,1.4,0.511,0.502,3.93,1372,246,82.07,64.29,74.56
840220000C0219,2.15,1.2,0.407,0.585,7.06,982,103,89.51,82.08,85.85
840720000C0471,1.95,1.5,0.525,0.507,1.45,1691,871,48.49,0.0,30.93
840890000B0107,2.2,1.35,0.541,0.513,2.5,9949,2924,70.61,42.73,60.06
841330000D0997,2.2,1.35,0.527,0.48,3.34,6452,1425,77.91,53.95,70.04
830670000A0435,2.0,2.0,0.573,0.403,1.74,3054,1217,60.15,1.05,42.57
073450000A0376,1.25,1.6,0.42,0.486,1.53,2134,1052,50.7,0.0,34.68
84127000AL0048,2.05,1.2,0.509,0.671,3.69,701,149,78.74,68.33,72.9
840760000E0007,2.5,1.35,0.471,0.648,2.02,5266,1837,65.12,46.15,50.49
830670000D0400,2.4,2.05,0.566,0.485,3.13,5491,1014,81.53,61.92,68.08
841490000A0383,2.3,1.4,0.527,0.463,3.02,21930,4708,78.53,53.6,66.92
840290000D0324,,,,,,,,,,
840960000B0510,2.0,1.2,0.47,0.454,1.88,1504,680,54.79,0.4,46.74
840390000H0252,2.0,1.4,0.398,0.685,1.29,551,378,31.4,0.0,22.69
262330000C0105,2.35,1.4,0.527,0.529,3.27,2486,546,78.04,58.49,69.43
13079000AV0099,2.05,1.45,0.544,0.529,1.52,577,296,48.7,2.95,34.14
840290000D0916,2.2,1.4,0.535,0.51,3.19,3202,757,76.36,53.65,68.64
83136000AO0323,1.8,1.95,0.551,0.44,1.64,202,95,52.97,0.0,39.11
83116000AX0070,1.8,1.85,0.54,0.477,1.26,896,429,52.12,0.0,20.65
84004000BO0183,2.15,1.25,0.483,0.469,12.37,4008,238,94.06,87.33,91.92
840960000F0276,2.25,1.2,0.41,0.541,24.09,1060,33,96.89,94.25,95.85
840510000C0465,1.2,1.1,0.306,0.547,75.66,4691,35,99.25,98.64,98.68
841340000C0563,2.5,1.4,0.503,0.462,4.61,1950,263,86.51,70.82,78.31
261790000B0832,1.9,1.65,0.534,0.523,1.35,682,350,48.68,1.91,25.66
26377000AB0343,2.25,1.35,0.524,0.505,2.45,3575,1054,70.52,41.59,59.1
841380000O0283,2.4,1.4,0.519,0.437,2.4,1390,441,68.27,27.41,58.27
840940000E0192,2.4,1.4,0.513,0.474,5.58,2177,270,87.6,73.82,82.09
841460000E0288,2.5,1.4,0.514,0.43,2.48,1282,390,69.58,29.17,59.75
26250000ZB0124,2.4,1.6,0.499,0.502,1.57,1450,733,49.45,0.0,36.28
262750000C0520,2.05,1.4,0.54,0.523,1.77,3855,1584,58.91,21.43,43.53
84053000ZM0008,2.15,1.35,0.385,0.724,7.25,203,21,89.66,85.71,86.21
840220000D0364,2.35,1.4,0.511,0.534,16.75,4087,159,96.11,92.71,94.03
84028000BC0127,2.25,1.2,0.327,0.639,1.8,633,292,53.87,27.8,44.39
841380000S0182,2.3,1.35,0.406,0.738,2.2,5448,1828,66.45,54.52,54.59
84034000AA0004,2.2,1.4,0.354,0.632,1.89,1244,525,57.8,33.2,47.03
840170000E1256,2.15,1.45,0.532,0.578,5.23,460,63,86.3,76.3,80.87
07143000AL0187,2.15,2.0,0.497,0.4,4.49,220,26,88.18,70.45,77.73
840910000C0179,2.05,1.4,0.533,0.615,2.66,1094,296,72.94,56.03,62.34
830190000G0536,2.0,1.45,0.547,0.458,1.72,2155,1003,53.46,0.0,41.95
841360000A0607,2.15,1.35,0.468,0.719,11.55,2357,128,94.57,92.45,91.34
07228000AA0129,1.25,1.2,0.361,0.514,1.42,821,411,49.94,2.68,29.35
840520000F0476,2.4,1.35,0.53,0.459,2.07,3700,1363,63.16,19.78,51.59
13050000BX0008,2.5,2.0,0.49,0.753,1.38,1186,689,41.91,22.85,27.57
830970000D0409,1.95,1.55,0.54,0.432,1.74,2425,1044,56.95,0.37,42.6
840190000H0980,2.15,1.4,0.54,0.503,1.81,565,235,58.41,17.35,44.78
840390000G0334,2.35,1.65,0.587,0.559,1.43,846,377,55.44,20.33,30.02
840370000B0044,2.15,1.65,0.52,0.623,1.88,700,294,58.0,32.57,46.86
83096000AC0038,2.5,2.15,0.588,0.403,1.7,524,196,62.6,7.25,41.22
840840000D0320,2.3,1.15,0.452,0.526,3.71,89,20,77.53,57.3,73.03
840160000A2006,2.0,1.65,0.515,0.708,4.77,224,34,84.82,78.57,79.02
830910000A0206,1.9,1.5,0.519,0.471,1.5,1984,925,53.38,1.06,33.47
84104000AD0147,2.15,1.15,0.417,0.613,13.8,883,46,94.79,91.51,92.75
26345000AL0178,2.05,1.35,0.482,0.494,2.47,608,197,67.6,34.38,59.54
831350000F0214,,,,,,,,,,
263570000P0217,2.1,1.4,0.554,0.516,1.58,397,193,51.39,5.79,36.52
26179000ZK0249,1.95,1.65,0.546,0.485,1.36,3309,1605,51.5,0.03,26.23
84137000AH0280,2.35,1.4,0.443,0.382,8.87,665,47,92.93,81.5,88.72
84137000BC0074,2.35,1.2,0.47,0.521,4.43,819,149,81.81,65.08,77.41
841380000A0212,2.0,1.4,0.539,0.547,1.61,1755,838,52.25,12.71,38.06
84028000AT0038,,,,,,,,,,
840960000C0394,2.0,1.4,0.462,0.822,2.44,2012,554,72.47,66.5,59.05
84104000AH0486,2.55,1.4,0.418,0.625,2.73,41,15,63.41,41.46,63.41
840610000B0162,2.2,1.35,0.341,0.833,1.62,26,15,42.31,30.77,38.46
840190000D1111,2.3,1.4,0.542,0.502,2.89,6916,1662,75.97,52.13,65.38
263570000V0137,2.15,1.4,0.364,0.717,1.38,2712,1610,40.63,17.15,27.32
841060000B0169,2.1,1.4,0.548,0.586,2.16,768,268,65.1,40.49,53.65
261880000D0337,2.4,1.4,0.364,0.768,1.99,572,225,60.66,48.78,49.65
830490000F0703,2.4,2.15,0.546,0.653,1.65,1681,676,59.79,38.43,39.38
261790000B0593,2.3,2.1,0.572,0.41,1.49,317,125,60.57,3.79,32.81
841330000G1536,2.2,1.35,0.513,0.445,15.35,26747,1262,95.28,89.41,93.49
840590000A0390,2.5,1.25,0.507,0.461,2.22,401,149,62.84,19.45,54.86
840370000A0242,1.8,1.65,0.446,0.784,1.44,1462,764,47.74,33.38,30.71
07279000AM0141,2.25,1.6,0.499,0.651,4.03,294,54,81.63,71.77,75.17
830450000H0416,2.1,2.15,0.607,0.613,3.36,259,49,81.08,69.11,70.27
840370000B0538,1.8,1.65,0.441,0.818,1.44,850,466,45.18,32.94,30.35
84104000AL0112,2.05,1.4,0.502,0.609,2.23,2221,692,68.84,48.85,55.07
84137000AK0184,2.5,1.35,0.48,0.482,3.13,282,66,76.6,51.42,68.09
830690000D0413,1.9,1.4,0.511,0.48,1.54,14469,7047,51.3,0.0,35.01
84082000AH0118,,,,,,,,,,
830730000A1007,2.35,1.9,0.595,0.583,4.32,1296,169,86.96,77.62,76.85
262260000B0209,2.35,1.4,0.385,0.755,1.99,2311,839,63.7,51.93,49.76
070090000B0572,1.8,1.3,0.463,0.438,1.77,2153,948,55.97,0.0,43.57
830510000E1142,2.3,1.9,0.588,0.526,2.0,186,61,67.2,37.63,50.0
840720000A0456,2.25,1.65,0.583,0.509,1.44,478,228,52.3,6.28,30.54
830310000G0429,2.5,2.0,0.473,0.612,1.57,535,289,45.98,11.78,36.26
83148000BT0242,2.4,1.85,0.533,0.408,42.62,7756,95,98.78,97.0,97.65
071260000G0742,2.2,1.65,0.494,0.602,3.4,4131,843,79.59,66.09,70.61
841260000C0469,2.5,1.4,0.462,0.521,1.83,163,75,53.99,11.66,45.4
84122000AR0056,2.15,1.35,0.536,0.55,2.92,1031,262,74.59,53.83,65.76
263470000B0050,2.15,1.95,0.623,0.567,1.32,145,80,44.83,2.76,24.14
840720000D0491,2.0,1.6,0.561,0.5,1.4,1345,672,50.04,0.0,28.62
840890000A0522,2.55,1.35,0.516,0.476,2.95,2297,611,73.4,44.14,66.13
841160000D0113,1.25,1.2,0.291,0.697,27.78,889,23,97.41,96.29,96.4
830850000A0659,2.3,2.1,0.572,0.345,2.99,3153,801,74.6,26.32,66.6
263570000T0161,2.05,1.4,0.543,0.581,1.61,1755,799,54.47,21.65,38.06
84028000AR0081,2.25,1.4,0.534,0.574,2.28,1133,354,68.76,45.54,56.22
841060000A0820,2.2,1.35,0.426,0.672,9.12,1231,88,92.85,89.36,89.03
830450000G0330,1.95,1.55,0.26,0.304,50.0,600,7,98.83,96.17,98.0
830720000D0287,2.0,2.1,0.551,0.545,11.73,1666,72,95.68,92.08,91.48
840750000G0061,1.85,1.3,0.398,0.536,38.7,2941,52,98.23,96.7,97.42
840170000E1016,2.35,1.35,0.274,0.5,107.75,862,6,99.3,98.61,99.07
830320000B0164,2.45,2.1,0.571,0.516,8.41,1169,64,94.53,89.39,88.11
840980000B0255,2.45,1.2,0.453,0.497,8.51,851,75,91.19,82.26,88.25
13079000AE0196,1.8,1.85,0.549,0.476,1.35,1720,816,52.56,0.29,25.87
841360000B0417,2.5,1.35,0.494,0.405,3.73,1036,217,79.05,48.26,73.17
830490000F0356,2.4,1.55,0.383,0.605,1.38,1735,1050,39.48,0.0,27.38
262850000D0074,2.35,1.4,0.48,0.562,2.25,1088,378,65.26,38.14,55.51
841450000K0134,2.55,1.65,0.566,0.465,1.7,924,362,60.82,15.8,41.13
073430000A0042,2.2,1.6,0.41,0.74,4.26,767,131,82.92,76.92,76.53
841460000D0048,2.3,1.4,0.556,0.504,1.66,621,288,53.62,8.05,39.61
261880000C1677,2.3,1.4,0.361,0.729,1.61,498,250,49.8,31.12,37.95
840370000F0968,2.05,1.65,0.581,0.603,1.18,1551,872,43.78,6.77,15.15
070420000A0081,2.15,1.4,0.465,0.674,2.12,2508,868,65.39,48.68,52.83
840150000A1098,2.45,1.65,0.535,0.419,3.19,1292,268,79.26,50.46,68.65
840970000C0069,2.0,1.4,0.531,0.585,4.27,1567,252,83.92,72.5,76.58
830670000D0229,2.0,1.55,0.56,0.508,1.37,1204,623,48.26,0.0,27.08
84053000ZH0002,2.35,1.4,0.525,0.532,2.72,1632,429,73.71,50.61,63.3
830560000C0481,2.4,2.15,0.598,0.394,1.58,2318,798,65.57,12.55,36.76
830940000F0177,1.85,1.35,0.493,0.491,1.52,1441,706,51.01,0.28,34.28
83112000BB0044,,,,,,,,,,
07168000AL0081,2.15,1.65,0.547,0.561,7.84,3957,291,92.65,86.88,87.24
840490000A0452,2.55,1.55,0.352,0.342,8.25,132,13,90.15,71.21,87.88
841380000D0036,2.6,1.4,0.486,0.522,4.18,414,72,82.61,66.67,76.09
830570000F0574,2.25,1.95,0.544,0.451,5.45,1161,105,90.96,79.93,81.65
840720000I0142,2.25,1.65,0.425,0.736,1.62,456,218,52.19,35.09,38.38
830910000D0783,2.05,1.9,0.584,0.592,3.4,333,71,78.68,63.96,70.57
84137000AX0232,2.25,1.35,0.479,0.41,2.06,448,181,59.6,1.34,51.34
071400000D0531,2.25,2.0,0.458,0.611,1.57,72,44,38.89,0.0,36.11
841460000A0240,2.25,1.35,0.518,0.521,1.7,189,99,47.62,0.0,41.27
841150000C0280,2.25,1.65,0.573,0.543,2.39,2284,600,73.73,51.62,58.1
841500000B0333,2.2,1.2,0.353,0.787,4.98,1071,163,84.78,80.67,79.93
26367000AL0066,2.35,1.35,0.519,0.483,2.61,1894,557,70.59,39.07,61.72
84036000BC0080,2.1,1.4,0.529,0.535,1.65,1360,612,55.0,15.96,39.49
07324000AO0008,1.95,2.1,0.574,0.628,2.66,503,125,75.15,60.44,62.43
263770000B0404,2.5,1.35,0.45,0.545,3.58,7825,1645,78.98,61.41,72.06
840390000G0569,2.35,1.45,0.522,0.54,2.38,93,34,63.44,32.26,58.06
840300000E0536,2.3,1.6,0.398,0.841,7.17,738,74,89.97,88.08,86.04
073170000B0378,2.25,1.05,0.412,0.634,1.38,1027,659,35.83,0.0,27.56
83097000AR0005,2.5,1.9,0.538,0.521,1.42,2756,1454,47.24,0.0,29.35
83097000AO0115,2.25,1.95,0.513,0.5,8.03,723,45,93.78,87.55,87.55
840870000M0866,2.2,1.4,0.356,0.626,1.34,5034,3099,38.44,1.73,25.57
84028000AZ0268,2.05,1.35,0.36,0.816,4.01,729,129,82.3,78.33,75.03
83116000AK0037,2.0,1.9,0.593,0.503,1.29,1023,505,50.64,1.96,22.78
261820000D0162,,,,,,,,,,
841380000I0060,2.45,1.4,0.508,0.398,2.42,1925,593,69.19,22.65,58.7
831250000D0305,2.45,1.8,0.586,0.451,1.57,248,115,53.63,0.0,36.29
840290000C0585,,,,,,,,,,
830730000A0783,1.9,1.8,0.55,0.438,1.47,2316,1006,56.56,0.91,31.78
840370000C0501,1.75,1.65,0.43,0.729,2.35,2467,806,67.33,55.17,57.36
261920000C0808,2.4,1.4,0.497,0.461,5.44,2596,340,86.9,71.57,81.63
831360000C0348,2.55,2.1,0.568,0.363,5.31,1523,164,89.23,70.32,81.16
84137000AT0230,2.65,1.35,0.489,0.458,4.93,266,44,83.46,63.91,79.7
830310000F0370,2.45,1.8,0.507,0.714,7.73,518,45,91.31,87.84,87.07
840290000D0153,1.85,1.35,0.498,0.534,1.38,455,250,45.05,0.0,27.47
830570000B0222,2.35,2.0,0.51,0.487,7.88,528,38,92.8,85.23,87.31
840870000I0469,2.5,1.45,0.524,0.506,4.03,1894,320,83.1,66.58,75.18
841330000F0857,2.4,1.35,0.529,0.46,2.23,1000,374,62.6,18.7,55.1
84102000AY0185,1.35,1.35,0.2,0.667,213.67,3205,8,99.75,99.63,99.53
840170000E1021,2.0,1.5,0.434,0.62,17.63,1199,44,96.33,94.08,94.33
830080000E0410,2.4,1.95,0.602,0.524,1.74,1914,679,64.52,32.34,42.42
841150000C0643,2.05,1.4,0.414,0.447,28.0,1624,42,97.41,94.21,96.43
840610000B0279,2.3,1.4,0.531,0.471,2.19,7424,2400,67.67,31.38,54.42
841090000C0518,2.5,1.65,0.563,0.462,2.59,2982,700,76.53,49.23,61.33
262750000C0103,2.0,1.25,0.529,0.55,1.48,3067,1684,45.09,0.23,32.51
841500000E0290,2.3,1.4,0.543,0.509,2.11,1506,525,65.14,31.47,52.59
84090000AB0044,1.2,1.15,0.346,0.522,72.27,35410,246,99.31,98.67,98.62
13079000AT0059,1.95,2.0,0.599,0.432,1.48,691,301,56.44,0.0,32.56
83071000AC0031,2.65,2.1,0.594,0.342,2.7,8336,1607,80.72,43.61,63.02
26345000AT0226,2.2,1.4,0.544,0.549,2.06,1432,496,65.36,36.87,51.4
830310000C0312,2.4,2.0,0.502,0.614,3.41,249,54,78.31,64.66,70.68
841460000A0539,2.35,1.4,0.391,0.767,1.57,706,362,48.73,33.14,36.4
263570000T0141,2.2,1.4,0.432,0.657,1.65,2273,1093,51.91,26.79,39.24
841300000A0353,2.3,1.25,0.505,0.436,3.34,62873,14250,77.34,48.05,70.05
841340000B0501,2.05,1.4,0.392,0.707,2.29,2079,730,64.89,50.36,56.33
07152000ZB0037,1.45,1.15,0.407,0.577,1.36,632,357,43.51,2.06,26.58
841170000B0436,2.15,1.2,0.435,0.638,4.32,475,90,81.05,70.32,76.84
830450000D0579,1.85,1.85,0.375,0.348,40.21,1528,16,98.95,96.99,97.51
840290000E0623,1.05,1.15,0.143,0.667,269.33,1616,4,99.75,99.63,99.63
840870000D2177,2.25,1.6,0.441,0.844,4.15,1111,211,81.01,77.5,75.88
26377000AM0174,1.5,1.15,0.33,0.474,195.65,9391,27,99.71,99.39,99.49
830920000E0711,2.4,1.85,0.488,0.598,1.32,1063,660,37.91,0.0,24.18
84028000AM0251,2.35,1.4,0.513,0.548,2.99,460,119,74.13,52.83,66.52
840470000D0322,2.4,1.65,0.566,0.464,1.69,2736,996,63.6,21.49,40.86
07143000AK0649,2.0,1.55,0.477,0.629,1.36,515,326,36.7,0.0,26.21
830500000K0091,2.0,2.05,0.598,0.444,1.4,1866,801,57.07,3.22,28.62
840940000F0848,2.4,1.35,0.512,0.497,3.18,382,97,74.61,48.95,68.59
07042000AZ0172,2.3,1.4,0.456,0.543,1.59,5285,2615,50.52,8.89,37.09
841210000C0036,2.55,1.35,0.529,0.439,2.43,5774,1790,69.0,29.37,58.92
840680000D0990,2.25,1.35,0.503,0.456,9.66,5312,389,92.68,83.92,89.65
83097000AN0199,2.5,1.75,0.444,0.575,1.4,2460,1443,41.34,0.0,28.5
070090000C0806,2.3,1.95,0.63,0.455,1.77,78,35,55.13,1.28,43.59
83097000AN0265,2.5,2.15,0.592,0.379,1.82,1294,361,72.1,26.35,45.13
26377000AB0096,2.4,1.35,0.339,0.686,1.39,1048,654,37.6,8.97,27.96
263480000E0560,2.2,1.15,0.42,0.621,5.61,247,36,85.43,76.52,82.19
830910000E0506,2.4,2.0,0.577,0.491,1.48,1628,796,51.11,0.49,32.62
84029000AL0063,1.85,1.4,0.485,0.663,7.13,1291,118,90.86,86.21,85.98
840840000D0075,2.35,1.15,0.502,0.465,2.07,1117,489,56.22,5.91,51.75
830650000B0286,1.75,1.05,0.429,0.517,1.69,768,404,47.4,0.0,40.76
84028000AL0181,2.45,1.2,0.361,0.5,13.59,394,21,94.67,89.34,92.64
840300000C0366,2.0,1.55,0.558,0.533,1.43,817,430,47.37,1.22,29.99
84031000BC0043,1.8,1.15,0.365,0.5,101.09,6773,46,99.32,98.64,99.01
830460000D0845,2.5,2.0,0.524,0.486,5.71,2222,246,88.93,77.23,82.49
83023000AH0053,2.5,1.4,0.341,0.6,20.69,3682,126,96.58,94.3,95.17
070130000C0694,2.5,2.1,0.532,0.382,3.83,517,84,83.75,57.45,73.89
830350000C0506,2.45,2.1,0.602,0.377,1.65,1150,415,63.91,4.17,39.57
840140000J0160,2.5,1.35,0.456,0.624,1.67,10223,4707,53.96,26.26,40.17
07143000AB0119,1.9,1.7,0.541,0.488,1.38,1145,576,49.69,0.0,27.77
841170000C1022,2.35,1.4,0.517,0.494,2.83,486,125,74.28,47.94,64.61
841380000N0227,1.95,1.35,0.457,0.459,2.76,378,111,70.63,35.98,63.76
841460000A0501,2.35,1.4,0.373,0.763,1.35,1860,1116,40.0,21.34,25.86
840570000C0041,,,,,,,,,,
830850000A0674,2.0,1.55,0.544,0.436,1.63,6207,2739,55.87,0.0,38.79
840370000E0425,2.0,1.65,0.557,0.478,1.46,1237,594,51.98,0.0,31.37
07255000ZB0073,2.1,1.4,0.397,0.733,1.68,4179,1897,54.61,38.05,40.46
841380000O0211,2.5,1.4,0.543,0.46,2.23,5068,1622,68.0,30.43,55.21
840390000F0671,2.5,1.65,0.566,0.54,3.47,923,163,82.34,67.28,71.18
84082000AD0310,2.2,1.45,0.535,0.464,1.61,1251,583,53.4,0.0,37.73
073430000B1147,2.35,1.65,0.553,0.524,2.01,1037,310,70.11,42.91,50.14
07168000AO0019,2.4,1.5,0.441,0.383,12.65,1252,70,94.41,85.38,92.09
26367000AR0203,2.45,1.4,0.524,0.502,6.23,2424,266,89.03,78.14,83.95
830870000B0878,2.45,2.05,0.556,0.351,10.23,3528,190,94.61,84.67,90.22
26367000AP0101,2.5,1.4,0.524,0.403,2.41,5493,1665,69.69,24.7,58.58
830630000C0033,2.05,2.15,0.599,0.436,1.5,7536,3002,60.16,8.73,33.33
841260000A0409,2.65,1.35,0.247,0.467,7.57,53,7,86.79,71.7,86.79
840720000E0087,2.3,1.65,0.453,0.711,4.42,1672,246,85.29,79.31,77.39
840300000C0284,2.2,1.65,0.57,0.495,1.52,615,288,53.17,5.37,34.15
840390000D0062,1.75,1.35,0.482,0.481,1.5,2426,1171,51.73,0.0,33.51
840960000B0919,1.6,1.15,0.35,0.556,17.66,1307,50,96.17,93.11,94.34
83136000AI0019,2.1,2.1,0.583,0.525,4.13,1568,179,88.58,78.25,75.77
840960000B0703,2.45,1.4,0.532,0.496,1.96,434,168,61.29,21.89,49.08
840390000G0185,1.9,1.4,0.312,0.731,4.29,335,57,82.99,76.72,76.72
26377000AT0284,2.45,1.35,0.443,0.4,5.57,719,98,86.37,65.92,82.06
840300000D0645,2.2,1.65,0.562,0.503,1.99,5139,1716,66.61,33.66,49.7
840450000A0226,2.15,1.2,0.499,0.578,4.57,1041,186,82.13,69.07,78.1
13026000CK0036,2.5,2.05,0.599,0.459,1.77,1124,384,65.84,25.62,43.59
83096000AC0096,,,,,,,,,,
840390000H2113,1.95,1.45,0.51,0.616,2.39,409,117,71.39,53.55,58.19
841060000A0602,2.5,1.35,0.48,0.528,8.42,1356,113,91.67,84.22,88.13
841500000B0989,2.25,1.4,0.528,0.539,3.35,8398,1684,79.95,62.78,70.17
26377000AS0290,2.45,1.35,0.482,0.452,4.06,1307,239,81.71,59.53,75.36
840020000D0278,2.5,1.35,0.509,0.487,3.53,748,167,77.67,54.14,71.66
84012000AE0746,2.4,1.1,0.439,0.48,3.72,331,84,74.62,47.13,73.11
13087000AL0131,1.95,1.6,0.54,0.457,1.51,964,448,53.53,0.0,33.61
83101000BH0183,2.45,2.15,0.577,0.332,3.07,5382,942,82.5,47.25,67.43
840170000D0471,2.4,1.65,0.556,0.408,1.74,5730,2185,61.87,6.56,42.58
830560000D0222,2.4,1.95,0.58,0.427,6.29,3613,353,90.23,77.14,84.11
830040000A0760,2.0,1.8,0.475,0.437,21.24,1848,45,97.56,94.43,95.29
840590000A0393,2.2,1.25,0.519,0.487,2.19,3283,1182,64.0,26.13,54.25
84088000AV0312,2.3,1.05,0.3,0.642,1.42,601,377,37.27,2.33,29.62
840960000C0080,2.0,1.4,0.368,0.718,1.44,2346,1338,42.97,20.59,30.73
830260000C0253,2.3,1.95,0.566,0.369,3.59,1356,247,81.78,50.59,72.12
83112000CY0026,2.25,1.6,0.503,0.557,1.42,1256,692,44.9,1.11,29.7
840370000A1027,1.9,1.6,0.425,0.571,2.0,84,36,57.14,25.0,50.0
840870000K0054,1.95,1.45,0.482,0.561,18.33,3812,120,96.85,94.39,94.54
830160000A2434,1.6,1.75,0.376,0.312,35.32,1095,15,98.63,95.62,97.17
831400000A0281,2.4,1.95,0.582,0.403,2.67,1821,430,76.39,41.46,62.6
83116000AV0581,2.5,2.15,0.607,0.433,1.56,6052,2083,65.58,20.47,35.74
830940000A0498,2.5,1.95,0.588,0.468,1.68,47,22,53.19,0.0,40.43
830570000C0556,2.5,2.05,0.591,0.387,2.95,5275,963,81.74,52.87,66.05
263570000P0204,2.3,1.4,0.529,0.547,3.08,920,228,75.22,54.67,67.5
070090000A0691,2.3,2.1,0.601,0.434,1.53,661,265,59.91,7.56,34.8
841500000E0112,2.15,1.4,0.483,0.475,4.59,775,114,85.29,69.03,78.19
830040000F0290,2.5,2.15,0.53,0.53,2.03,3548,1164,67.19,38.11,50.65
26054000AE0180,1.95,1.25,0.509,0.517,1.62,1047,546,47.85,0.0,38.2
13079000AT0217,2.5,1.4,0.396,0.619,1.38,1665,1027,38.32,0.36,27.51
841380000Q0082,2.45,1.4,0.533,0.475,2.91,8820,2155,75.57,48.54,65.69
841380000A0112,2.4,1.4,0.474,0.594,2.53,3374,979,70.98,51.19,60.46
840190000D0668,2.5,1.4,0.528,0.479,3.75,678,134,80.24,58.7,73.3
07143000AD0335,2.0,1.55,0.547,0.497,1.6,328,157,52.13,3.66,37.5
13014000BM0174,2.45,2.0,0.607,0.438,1.42,4332,1731,60.04,8.68,29.52
13056000DS0014,2.15,1.9,0.386,0.278,22.33,737,15,97.96,92.67,95.52
262750000G0201,2.2,1.35,0.453,0.692,2.27,922,315,65.84,50.65,55.97
841260000F0363,2.0,1.4,0.53,0.563,4.07,4962,794,84.0,71.58,75.41
840870000C1115,1.95,1.6,0.55,0.485,1.43,1551,756,51.26,0.0,30.24
830920000D0668,1.95,1.9,0.581,0.479,1.36,1336,620,53.59,3.14,26.57
263570000S0026,2.2,1.4,0.483,0.57,6.71,932,85,90.88,84.01,85.09
841170000A0444,2.3,1.4,0.545,0.563,1.77,276,116,57.97,25.36,43.48
840290000F0796,2.3,1.4,0.541,0.463,1.75,4113,1771,56.94,7.0,42.79
840720000E0758,2.2,1.6,0.564,0.531,2.18,654,212,67.58,38.99,54.13
840970000C0298,2.35,1.4,0.534,0.436,1.87,3358,1410,58.01,3.78,46.46
840300000C0532,2.15,1.65,0.505,0.669,1.43,1489,842,43.45,15.45,30.15
263800000D0726,2.55,2.0,0.629,0.443,1.58,257,104,59.53,8.56,36.58
830920000A0593,2.4,1.7,0.526,0.616,1.3,919,558,39.28,1.41,22.96
830180000D0222,1.95,1.7,0.485,0.463,29.32,3108,57,98.17,96.04,96.59
13079000AL0137,2.4,1.8,0.57,0.45,1.48,1767,793,55.12,0.34,32.37
262330000B0017,2.2,1.4,0.503,0.463,5.08,1926,271,85.93,69.63,80.32
841360000C0019,2.4,1.15,0.378,0.535,26.69,2242,68,96.97,94.34,96.25
07070000AC0058,2.5,1.85,0.396,0.362,18.43,553,17,96.93,91.5,94.58
830320000A0259,,,,,,,,,,
840340000F0269,2.2,1.4,0.52,0.427,1.89,2726,1097,59.76,5.65,47.1
840870000K0820,,,,,,,,,,
84050000AP0313,2.25,1.6,0.493,0.484,8.01,865,74,91.45,82.31,87.51
830460000E0476,2.3,2.0,0.595,0.434,4.41,3798,484,87.26,70.67,77.3
841170000B0291,2.35,1.2,0.524,0.552,1.72,510,254,50.2,9.8,41.96
830350000A0621,2.05,1.85,0.568,0.473,1.62,564,264,53.19,1.06,38.3
13050000BR0013,2.65,2.15,0.616,0.379,1.56,3297,1130,65.73,9.55,35.85
073120000B1135,1.6,1.45,0.342,0.644,1.51,89,56,37.08,2.25,33.71
26367000AR0142,1.95,1.4,0.51,0.592,6.52,6863,694,89.89,82.91,84.67
840520000D0255,2.4,1.35,0.491,0.516,2.4,3440,1100,68.02,38.08,58.4
840960000E0272,2.05,1.4,0.525,0.55,3.83,3241,579,82.14,67.54,73.9
84012000AR0199,2.2,1.25,0.372,0.681,2.23,2195,759,65.42,49.2,55.22
26367000AO0257,2.5,1.4,0.389,0.663,1.72,1473,684,53.56,29.94,41.75
840970000C0097,2.3,1.4,0.521,0.476,4.43,2696,422,84.35,67.1,77.45
84018000AI0138,1.65,1.5,0.402,0.431,16.69,1619,53,96.73,92.4,94.01
830950000H0194,,,,,,,,,,
84012000AO0392,2.2,1.25,0.345,0.745,1.38,2948,1766,40.09,19.64,27.71
84118000AI0337,2.3,1.6,0.493,0.719,1.86,288,123,57.29,40.62,46.18
071520000A0628,2.1,1.45,0.514,0.446,1.83,542,245,54.8,0.0,45.39
261800000A0300,2.05,1.4,0.514,0.56,6.18,2738,297,89.15,80.64,83.82
840370000E0716,2.55,1.65,0.568,0.485,1.41,634,293,53.79,4.73,29.02
831480000I2452,2.5,2.0,0.473,0.333,8.38,637,38,94.03,82.1,88.07
830970000D0242,2.5,2.0,0.574,0.416,1.57,985,412,58.17,0.0,36.14
84122000AM0023,2.45,1.35,0.487,0.514,3.56,10642,2397,77.48,56.17,71.92
840290000B0847,2.1,1.25,0.335,0.705,1.22,3791,2622,30.84,1.9,18.07
83116000AB0124,1.95,1.3,0.509,0.482,1.73,921,427,53.64,3.8,42.24
830950000H0231,,,,,,,,,,
263480000E0650,2.35,1.4,0.503,0.555,3.06,991,242,75.58,56.0,67.31
830350000B0586,1.95,2.0,0.6,0.495,1.33,3698,1784,51.76,2.6,24.63
84012000AD0323,2.1,1.05,0.421,0.625,3.52,602,150,75.08,60.13,71.59
263570000C0024,2.05,1.4,0.508,0.511,3.78,1336,258,80.69,62.2,73.58
841150000B0178,2.3,1.65,0.461,0.645,2.28,1687,573,66.03,47.36,56.08
263220000B1097,,,,,,,,,,
84028000AC0164,2.0,1.4,0.514,0.551,2.53,1222,361,70.46,46.4,60.47
13091000AR0008,2.2,2.0,0.602,0.425,1.5,2083,844,59.48,4.56,33.17
13087000AP0175,2.5,2.1,0.581,0.428,1.81,1308,452,65.44,19.19,44.65
263570000S0100,1.35,1.2,0.361,0.675,16.06,3260,112,96.56,94.91,93.77
83035000AH0858,2.25,1.9,0.592,0.602,2.04,653,192,70.6,51.15,51.0
840870000L0603,1.95,1.65,0.563,0.583,1.15,1517,886,41.6,0.0,13.12
83023000BN0035,2.65,2.05,0.563,0.453,6.52,1559,146,90.64,79.35,84.67
840870000M0073,1.7,1.25,0.422,0.487,1.66,191,94,50.79,0.0,39.79
840560000G0295,2.15,1.4,0.512,0.565,1.36,3059,1733,43.35,0.0,26.64
840450000D0200,2.4,1.2,0.353,0.695,1.67,1759,860,51.11,29.68,39.97
840720000A0604,2.25,1.45,0.497,0.653,2.03,791,282,64.35,45.39,50.7
262330000D0493,2.5,1.4,0.399,0.645,2.35,1917,635,66.88,48.67,57.43
83104000BV0112,2.25,2.05,0.564,0.353,2.01,468,159,66.03,3.63,50.21
84036000AI0031,2.35,1.4,0.551,0.504,2.12,380,133,65.0,30.53,52.89
26377000AT0091,2.3,1.35,0.478,0.659,2.4,1486,475,68.03,51.48,58.34
071260000I0100,2.2,1.45,0.399,0.782,7.11,896,86,90.4,87.72,85.94
840470000A0146,2.0,1.2,0.495,0.5,1.96,157,77,50.96,1.91,49.04
070700000B0142,2.2,2.0,0.553,0.359,2.12,255,83,67.45,9.41,52.94
072640000A0317,2.2,1.4,0.442,0.616,1.43,1792,1081,39.68,2.01,30.3
84082000BH0143,2.05,1.65,0.484,0.437,6.17,1074,107,90.04,77.19,83.8
830720000E0339,2.4,1.8,0.491,0.732,5.86,1823,221,87.88,83.43,82.94
830580000C0160,2.5,1.95,0.593,0.44,2.68,1370,298,78.25,50.58,62.63
13082000AT0172,2.0,1.75,0.574,0.464,1.42,3998,1816,54.58,2.2,29.56
841150000C0301,,,,,,,,,,
84028000AV0109,2.3,1.4,0.534,0.539,4.91,13111,1658,87.35,76.55,79.62
07264000AO0170,2.25,1.4,0.423,0.793,2.24,5319,1668,68.64,60.44,55.41
831080000E0101,2.55,2.0,0.577,0.541,1.44,1589,799,49.72,7.05,30.65
841000000B0108,1.55,1.05,0.345,0.558,14.47,1317,53,95.98,92.79,93.09
840560000A0497,2.0,1.4,0.54,0.599,2.5,3286,897,72.7,54.41,59.92
261920000A0249,2.4,1.4,0.547,0.49,2.28,807,260,67.78,34.2,56.13
840390000H2080,2.15,1.45,0.475,0.685,25.47,1834,50,97.27,96.02,96.07
84137000AD0300,2.4,1.4,0.403,0.646,1.77,5383,2400,55.42,30.99,43.6
84008000AI0268,2.3,1.25,0.363,0.485,28.81,749,16,97.86,95.59,96.53
261790000B1153,2.25,1.85,0.563,0.402,1.98,251,101,59.76,0.0,49.4
840370000E0633,2.1,1.65,0.567,0.535,2.46,3076,779,74.67,52.67,59.33
840400000C0947,2.0,1.65,0.54,0.549,5.4,1058,112,89.41,80.72,81.47
830910000D0607,2.4,1.95,0.576,0.476,1.42,2345,1115,52.45,0.13,29.59
840720000C0224,2.45,1.4,0.432,0.515,8.49,433,35,91.92,84.3,88.22
840890000C0858,2.3,1.35,0.535,0.469,2.02,7014,2602,62.9,20.94,50.6
13091000AO0031,2.55,2.15,0.586,0.403,1.95,928,288,68.97,23.06,48.6
261100000A0146,1.9,1.8,0.535,0.47,1.42,1387,664,52.13,0.0,29.34
840490000E1128,2.0,1.6,0.561,0.555,1.36,805,420,47.83,5.96,26.21
840890000A0475,2.45,1.35,0.391,0.625,1.8,3459,1568,54.67,27.52,44.35
26345000BD0191,2.45,1.4,0.538,0.512,3.51,568,132,76.76,54.58,71.48
841360000A0542,1.85,1.35,0.402,0.492,9.39,864,59,93.17,86.11,89.35
261880000C0427,2.45,1.3,0.42,0.422,17.62,1110,46,95.86,90.18,94.32
840490000A0771,2.3,1.65,0.542,0.527,1.69,205,99,51.71,8.29,40.98
263410000A0260,1.9,1.0,0.469,0.522,1.84,886,468,47.18,0.0,45.6
830270000E0127,2.0,2.0,0.607,0.511,1.35,662,340,48.64,0.0,26.13
84036000AY0218,1.9,1.2,0.494,0.528,1.56,565,295,47.79,1.06,35.93
840490000D0631,1.4,1.45,0.406,0.634,20.29,5315,137,97.42,95.94,95.07
840370000D0483,2.0,1.65,0.543,0.474,2.95,1134,293,74.16,45.5,66.14
830450000G0780,2.05,2.15,0.564,0.38,3.99,3513,468,86.68,64.9,74.95
07264000AV0175,2.2,1.1,0.31,0.826,30.37,1731,38,97.8,97.34,96.71
84041000AH0250,2.5,1.45,0.518,0.405,2.39,578,189,67.3,19.2,58.13
130080000F0105,2.4,2.1,0.578,0.434,2.18,1903,503,73.57,39.1,54.18
84104000AO0132,2.35,1.4,0.522,0.416,2.38,653,195,70.14,28.18,58.04
840720000B0554,2.5,1.65,0.415,0.556,10.32,227,15,93.39,88.11,90.31
840960000E0625,2.1,1.25,0.335,0.702,1.19,151,113,25.17,0.0,15.89
84028000AS0015,2.1,1.4,0.541,0.584,2.44,2737,768,71.94,51.92,59.04
84106000ZC0011,2.1,1.4,0.527,0.615,5.08,1240,161,87.02,78.87,80.32
840170000G1033,1.5,1.0,0.243,0.45,49.88,798,9,98.87,97.49,97.99
831250000C0094,1.8,2.1,0.45,0.545,13.89,500,24,95.2,91.2,92.8
830260000B0271,2.4,2.15,0.587,0.384,3.88,3825,487,87.27,66.88,74.25
071260000H0826,2.2,1.65,0.451,0.725,1.64,2532,1205,52.41,34.32,39.1
261560000B0047,1.55,1.75,0.469,0.459,1.63,322,147,54.35,0.62,38.51
831250000E0327,2.4,1.85,0.572,0.42,1.77,624,237,62.02,9.62,43.59
84046000AM0377,2.4,1.45,0.464,0.818,4.93,212,36,83.02,79.25,79.72
830270000B1257,2.15,1.9,0.54,0.553,1.43,2272,1227,45.99,2.33,29.93
263570000L0127,,,,,,,,,,
840560000F0284,2.15,1.4,0.411,0.697,2.77,2425,691,71.51,59.09,63.88
840870000B0545,2.05,1.65,0.547,0.543,1.4,1439,745,48.23,4.59,28.63
13079000AH0276,2.1,2.1,0.6,0.425,1.49,4389,1681,61.7,9.82,33.04
840450000A0198,2.35,1.4,0.439,0.41,4.03,149,25,83.22,59.06,75.17
840890000C0155,2.5,1.3,0.475,0.449,4.38,438,80,81.74,59.36,77.17
07042000BK0222,2.45,1.4,0.518,0.497,8.11,3672,292,92.05,84.01,87.66
84018000AE0054,,,,,,,,,,
13110000CL0041,1.85,2.0,0.496,0.557,35.13,2459,39,98.41,97.15,97.15
84039000AW0036,,,,,,,,,,
841380000P0365,2.35,1.35,0.462,0.487,12.68,1763,94,94.67,89.05,92.12
830180000E1471,2.4,2.05,0.599,0.427,3.26,633,114,81.99,57.82,69.35
840200000D0764,2.45,1.35,0.529,0.488,2.62,1353,382,71.77,42.13,61.86
840960000D0047,2.2,1.4,0.536,0.512,1.76,4415,1884,57.33,16.58,43.22
840950000B0414,2.25,1.35,0.536,0.502,2.88,2179,551,74.71,49.66,65.26
840450000B0287,,,,,,,,,,
840870000K0447,2.45,1.65,0.571,0.512,4.2,3264,462,85.85,72.37,76.16
830310000E0171,2.25,1.95,0.553,0.389,3.6,846,150,82.27,54.37,72.22
840610000C0054,2.5,1.4,0.535,0.511,2.48,1288,380,70.5,42.31,59.7
26345000AK0263,2.3,1.4,0.532,0.495,2.22,429,152,64.57,28.44,55.01
13050000BR0123,2.5,2.15,0.549,0.443,2.95,1373,246,82.08,59.58,66.06
070890000C0066,1.85,1.3,0.505,0.495,1.65,684,345,49.56,0.0,39.33
07345000ZB0307,1.35,1.75,0.469,0.53,1.4,207,115,44.44,0.0,28.5
840870000C0297,2.5,1.55,0.377,0.74,1.31,1429,904,36.74,14.56,23.58
84031000AX0104,2.05,1.65,0.546,0.626,4.04,5054,764,84.88,75.84,75.25
841170000B1310,2.4,1.4,0.349,0.642,1.54,412,233,43.45,11.89,34.95
830880000B0218,2.0,1.85,0.588,0.489,1.31,1319,648,50.87,0.0,23.81
841160000A0086,2.45,1.4,0.531,0.467,2.43,5169,1517,70.65,37.18,58.89
840300000B0539,2.2,1.6,0.573,0.59,3.04,292,69,76.37,59.93,67.12
830460000E0739,,,,,,,,,,
840370000E1448,1.75,1.6,0.525,0.609,1.18,147,95,35.37,0.0,14.97
84122000AH0014,1.75,0.95,0.226,0.5,36.6,366,9,97.54,95.08,97.27
841380000P0313,2.35,1.4,0.478,0.639,1.87,1244,507,59.24,36.17,46.46
830260000F1250,1.65,1.9,0.368,0.607,32.08,770,17,97.79,96.36,96.88
840560000G0405,2.05,1.25,0.441,0.561,25.86,3414,111,96.75,94.2,96.13
840970000C0081,2.4,1.4,0.537,0.478,2.08,1228,437,64.41,25.49,52.04
84149000BB0004,2.1,1.4,0.35,0.842,4.64,2403,374,84.44,81.52,78.44
071520000D0297,1.8,1.45,0.507,0.56,1.43,130,75,42.31,0.0,30.0
84122000AS0103,2.2,1.15,0.349,0.808,3.78,941,185,80.34,75.66,73.54
83136000AT0249,2.35,1.95,0.576,0.408,2.2,612,189,69.12,24.35,54.58
84106000ZB0078,2.05,1.4,0.521,0.527,2.8,5233,1205,76.97,56.28,64.32
830320000D0529,,,,,,,,,,
841170000A0508,,,,,,,,,,
263220000B0739,2.2,1.4,0.485,0.408,9.21,5377,395,92.65,82.02,89.14
26038000ZE0074,2.65,2.0,0.607,0.418,1.49,1685,653,61.25,7.3,32.94
840370000I1119,2.45,1.65,0.559,0.501,2.58,1233,294,76.16,52.39,61.31
841460000A0410,2.45,1.4,0.55,0.458,2.37,777,253,67.44,28.96,57.79
26345000BM0080,2.15,1.4,0.533,0.541,2.3,3207,951,70.35,45.18,56.44
840960000E0001,2.2,1.4,0.552,0.551,1.75,470,201,57.23,22.34,42.77
840720000D0855,2.5,1.45,0.283,0.333,113.14,792,6,99.24,97.73,99.12
073170000B0635,1.85,1.6,0.516,0.453,1.53,1296,590,54.48,0.0,34.8
84082000AS0256,2.5,1.65,0.523,0.495,1.59,387,161,58.4,16.02,37.21
26271000ZD0012,2.4,2.15,0.59,0.503,1.38,666,302,54.65,9.91,27.33
073080000A1237,2.25,2.0,0.56,0.424,2.76,430,103,76.05,43.49,63.72
830950000G0160,2.55,1.65,0.489,0.44,22.17,3215,84,97.39,94.06,95.49
84104000AI0038,2.0,1.4,0.502,0.502,2.94,1964,479,75.61,51.43,65.94
841260000A0078,2.25,1.4,0.547,0.506,1.67,420,196,53.33,7.86,40.24
84090000AH0283,2.35,1.3,0.517,0.454,1.87,1339,573,57.21,5.75,46.53
83130000AD0045,2.2,2.0,0.61,0.542,1.4,2309,945,59.07,24.56,28.8
070700000B0596,2.2,1.95,0.502,0.385,2.32,337,97,71.22,25.22,56.97
841170000A0583,2.5,1.4,0.517,0.393,2.42,3278,992,69.74,23.03,58.69
830670000B0473,,,,,,,,,,
831000000A0418,2.0,2.0,0.598,0.459,1.41,5193,2328,55.17,2.23,29.21
83149000AI0275,2.25,1.95,0.579,0.501,8.34,6363,388,93.9,87.82,88.01
26179000ZA0041,2.0,1.3,0.524,0.454,1.86,1105,503,54.48,0.0,46.33
84018000AB0115,2.05,1.5,0.446,0.413,25.68,2311,57,97.53,94.03,96.11
84086000AD0062,2.65,1.35,0.486,0.458,11.97,2658,159,94.02,86.95,91.65
13056000DM0148,,,,,,,,,,
13050000BI0271,2.4,2.0,0.578,0.45,1.49,625,282,54.88,0.0,32.96
831340000B0156,2.4,2.15,0.612,0.477,2.71,3257,552,83.05,64.48,63.13
261790000A1035,2.05,2.05,0.595,0.489,1.59,939,352,62.51,23.32,37.27
263570000H0169,2.25,1.4,0.542,0.555,3.06,1617,382,76.38,57.45,67.29
840370000C0118,2.35,1.45,0.519,0.532,5.89,3151,345,89.05,79.4,83.02
83149000AK0241,,,,,,,,,,
26377000ZA0104,2.25,1.35,0.536,0.498,1.79,4138,1715,58.55,16.75,44.27
840940000E0341,2.0,1.4,0.543,0.581,2.48,1508,437,71.02,50.13,59.75
840720000E0727,2.3,1.65,0.563,0.585,1.76,2073,726,64.98,40.09,43.03
831250000C0009,2.0,1.75,0.552,0.426,1.66,601,256,57.4,0.0,39.93
830180000E0506,2.0,1.95,0.58,0.414,1.62,1346,550,59.14,1.26,38.34
840170000B0002,,,,,,,,,,
26220000AC0017,2.55,1.4,0.493,0.562,3.26,4455,961,78.43,61.59,69.29
84073000AN0215,2.45,0.9,0.277,0.556,110.47,1878,15,99.2,98.56,99.09
841170000B0064,2.1,1.4,0.428,0.673,1.24,708,471,33.47,1.13,19.07
83116000AI0014,2.5,2.05,0.511,0.698,1.84,783,323,58.75,40.87,45.59
830450000B0582,2.5,1.95,0.432,0.48,6.95,153,12,92.16,83.66,85.62
26345000AW0003,2.15,1.4,0.507,0.43,1.8,7066,2923,58.63,3.82,44.59
84104000AO0010,2.35,1.4,0.541,0.505,2.18,1833,603,67.1,34.92,54.06
830040000G1005,1.9,1.65,0.55,0.522,1.3,1078,563,47.77,0.0,23.28
83042000AB0101,2.45,2.1,0.51,0.691,1.43,1629,847,48.0,24.74,30.2
073120000C0623,1.6,1.45,0.474,0.539,1.31,1090,587,46.15,0.0,23.67
840870000I1923,2.5,1.65,0.553,0.407,4.41,11629,1541,86.75,67.48,77.32
830940000F0160,2.0,1.85,0.582,0.422,1.66,489,212,56.65,0.0,39.67
840390000A0805,1.95,1.5,0.541,0.548,1.33,2178,1195,45.13,0.0,24.93
84012000AD0314,2.5,1.25,0.506,0.483,3.42,1282,294,77.07,52.5,70.75
070130000B0289,2.2,1.5,0.386,0.61,1.41,462,282,38.96,0.0,29.0
84036000AO0128,2.1,1.4,0.534,0.543,1.58,1013,492,51.43,10.56,36.72
841060000C1667,2.0,1.4,0.529,0.588,1.78,2443,1009,58.7,29.76,43.68
840420000C0341,2.5,1.35,0.502,0.588,1.36,5220,3075,41.09,0.0,26.59
830530000D0776,2.0,1.5,0.549,0.496,1.62,1109,548,50.59,0.36,38.41
830350000A1715,,,,,,,,,,
070890000C0143,2.5,1.9,0.595,0.483,2.29,199,58,70.85,39.7,56.28
26054000AM0037,2.45,1.2,0.452,0.569,7.5,953,111,88.35,79.54,86.67
13056000DO0007,2.0,1.9,0.442,0.411,22.06,772,23,97.02,92.75,95.47
84122000CA0074,2.2,1.35,0.529,0.517,2.05,1676,650,61.22,25.0,51.19
840840000B0086,1.55,1.15,0.351,0.489,39.39,2324,43,98.15,96.21,97.46
071130000C0008,1.85,1.55,0.444,0.434,36.08,4943,85,98.28,96.03,97.23
84003000CH0040,2.5,1.35,0.51,0.402,4.32,35104,5515,84.29,60.93,76.85
841060000B0103,2.3,1.35,0.343,0.794,2.72,1975,539,72.71,65.62,63.29
841220000H1291,,,,,,,,,,
07245000AD0044,1.35,1.6,0.433,0.482,1.44,1805,873,51.63,0.0,30.58
841110000C0004,2.45,1.4,0.48,0.465,16.36,1636,67,95.9,91.2,93.89
841460000B0881,2.45,1.4,0.529,0.423,2.79,5289,1379,73.93,38.42,64.21
841460000A0709,2.4,1.4,0.444,0.685,1.7,5571,2619,52.99,31.32,41.12
13087000AI0206,2.3,2.15,0.548,0.543,2.03,636,234,63.21,32.23,50.79
841380000L0159,2.6,1.4,0.508,0.507,4.12,1224,218,82.19,64.87,75.74
840560000A0678,2.35,1.4,0.331,0.703,1.56,2207,1178,46.62,24.11,35.75
26377000AM0422,2.15,1.35,0.505,0.567,6.69,2611,270,89.66,81.77,85.06
840200000A0193,,,,,,,,,,
830180000C0084,2.2,1.85,0.406,0.444,36.75,882,12,98.64,96.94,97.28
831540000B0192,2.45,2.1,0.597,0.42,2.49,3702,789,78.69,49.24,59.83
840290000C0226,2.35,1.4,0.531,0.465,2.2,821,271,66.99,28.99,54.45
840290000C0480,2.0,1.4,0.454,0.683,1.78,5820,2365,59.36,40.48,43.85
261920000C0487,2.4,1.4,0.374,0.654,4.08,4672,906,80.61,70.33,75.49
84028000AK0142,2.25,1.4,0.52,0.513,2.16,4087,1388,66.04,33.79,53.68
84012000AI0035,2.1,1.25,0.524,0.583,2.1,888,345,61.15,33.33,52.48
830430000G0515,2.25,2.05,0.577,0.412,5.21,3377,365,89.19,73.79,80.81
84106000ZA0050,2.3,1.4,0.53,0.53,1.61,3601,1670,53.62,12.44,37.96
262750000I0049,2.1,1.35,0.377,0.631,2.22,275,101,63.27,41.82,54.91
841380000K0423,2.2,1.2,0.323,0.273,12.77,166,9,94.58,80.12,92.17
26345000BI0191,2.1,1.4,0.386,0.583,2.54,663,203,69.38,47.51,60.63
263480000E0857,2.35,1.4,0.492,0.613,2.37,4206,1322,68.57,48.69,57.77
840700000D1660,2.35,1.45,0.53,0.547,2.66,290,87,70.0,45.17,62.41
84036000BA0161,2.05,1.35,0.368,0.664,1.62,188,99,47.34,20.74,38.3
26377000AD0060,2.4,1.35,0.536,0.534,1.57,2713,1278,52.89,11.76,36.45
26345000AM0002,2.5,1.4,0.554,0.473,1.63,1133,520,54.1,2.91,38.66
84024000AH0236,2.5,1.35,0.524,0.406,3.18,2994,726,75.75,40.28,68.57
83086000AH0027,2.4,2.1,0.571,0.395,2.84,739,121,83.63,58.59,64.82
841340000C0472,2.05,1.4,0.546,0.526,1.55,1262,636,49.6,4.12,35.42
830270000E0191,2.1,1.95,0.604,0.493,1.43,671,305,54.55,7.75,29.96
84106000ZA0060,2.45,1.4,0.506,0.542,3.54,528,110,79.17,61.55,71.78
840390000G1632,2.1,1.65,0.563,0.523,1.8,683,254,62.81,28.84,44.36
830920000A1480,2.35,1.9,0.513,0.512,12.03,1191,63,94.71,89.67,91.69
841170000C1101,2.1,1.4,0.475,0.519,2.76,3758,1006,73.23,48.38,63.7
840370000A0153,2.0,1.35,0.521,0.482,1.82,932,436,53.22,2.9,45.06
841060000C0489,2.6,1.4,0.525,0.416,3.19,696,169,75.72,41.67,68.68
830670000B0208,2.3,1.95,0.594,0.492,2.27,591,162,72.59,44.33,56.01
07152000ZB0004,1.2,1.05,0.323,0.577,1.39,182,105,42.31,0.0,28.02
830680000D0254,2.4,2.0,0.57,0.389,1.85,2635,992,62.35,3.26,45.88
840390000F1069,2.35,1.4,0.493,0.512,7.89,1752,146,91.67,83.73,87.33
26345000BI0198,2.2,1.4,0.364,0.763,5.55,522,58,88.89,85.44,81.99
830870000B0019,2.5,2.05,0.595,0.385,6.27,9608,808,91.59,78.13,84.04
83071000DA0153,2.05,2.0,0.572,0.44,2.81,166,44,73.49,39.76,64.46
83097000AN0148,2.0,2.15,0.597,0.433,1.42,2710,1156,57.34,1.4,29.78
840870000K0644,2.45,1.6,0.535,0.462,6.93,4534,390,91.4,81.36,85.58
26377000AY0320,2.25,1.3,0.424,0.523,19.46,1343,46,96.57,93.45,94.86
841380000G0101,2.35,1.35,0.526,0.442,3.33,11410,2488,78.19,50.67,70.01
261820000C0007,2.0,1.4,0.517,0.462,1.95,359,147,59.05,11.42,48.75
830560000C0535,2.35,1.95,0.584,0.531,1.36,1310,660,49.62,5.19,26.72
840020000A1559,2.3,1.35,0.528,0.53,3.0,1695,402,76.28,55.28,66.67
830570000H0057,2.4,2.1,0.611,0.478,1.66,431,144,66.59,30.16,39.91
84135000AK0063,2.5,1.2,0.381,0.58,15.98,2093,94,95.51,92.26,93.74
830490000F0311,2.5,2.05,0.621,0.658,3.44,578,98,83.04,74.22,70.93
13050000BH0015,2.2,2.05,0.602,0.461,1.41,967,415,57.08,6.93,28.96
831540000E0899,2.45,2.05,0.589,0.418,3.59,2868,420,85.36,64.99,72.18
84118000AH0202,2.4,1.6,0.561,0.47,2.06,725,247,65.93,27.45,51.45
841480000A0375,2.1,1.6,0.552,0.461,1.76,1211,512,57.72,8.26,43.27
840720000B0105,2.15,1.65,0.568,0.532,2.07,2608,808,69.02,41.76,51.8
830260000F0173,2.4,1.5,0.411,0.431,71.84,2658,22,99.17,98.08,98.61
840300000E1385,2.2,1.65,0.428,0.658,1.25,588,384,34.69,0.68,20.24
831430000C1477,2.5,2.15,0.578,0.474,1.93,243,74,69.55,35.8,48.15
84118000AP0263,2.35,1.45,0.349,0.343,44.79,1075,12,98.88,96.74,97.77
070890000D0313,2.35,1.95,0.58,0.505,1.86,123,48,60.98,22.76,46.34
26250000ZB0155,2.5,2.1,0.615,0.414,1.59,2454,792,67.73,22.0,37.16
840250000B0136,2.4,1.65,0.567,0.465,1.8,5266,1773,66.33,27.52,44.45
261800000A0909,2.4,1.4,0.491,0.579,1.52,5081,2592,48.99,11.87,34.05
841330000G0129,2.25,1.35,0.412,0.381,7.49,352,37,89.49,72.44,86.65
84031000AM0075,2.0,1.55,0.548,0.536,1.41,660,349,47.12,1.36,29.09
830270000B1429,1.95,1.65,0.527,0.422,1.66,13862,5913,57.34,0.0,39.7
841330000D0210,2.0,1.35,0.527,0.502,1.87,1589,706,55.57,11.52,46.51
841460000B0178,2.35,1.4,0.367,0.716,1.59,1117,606,45.75,24.26,37.15
840960000B0668,1.7,0.8,0.261,0.519,47.06,753,14,98.14,96.41,97.88
830650000A4340,2.3,2.1,0.574,0.356,2.12,6946,2096,69.82,15.13,52.88
26377000AW0130,2.25,1.35,0.498,0.543,4.82,2789,439,84.26,70.99,79.24
13087000AI0108,2.45,2.0,0.599,0.425,1.54,475,197,58.53,2.32,35.16
841170000B0441,2.05,1.4,0.509,0.542,4.35,875,135,84.57,71.54,77.03
840200000B0612,1.75,1.15,0.392,0.5,38.95,2571,48,98.13,96.27,97.43
13091000AE0035,2.3,1.1,0.497,0.589,1.61,452,262,42.04,1.55,38.05
84129000CD0045,1.95,1.65,0.536,0.439,1.72,2252,934,58.53,5.46,42.01
072340000A1471,2.05,1.95,0.59,0.521,1.48,250,122,51.2,6.4,32.4
263570000R0027,1.95,1.4,0.516,0.6,1.51,960,494,48.54,14.17,33.65
841300000A0044,2.2,1.2,0.348,0.676,1.86,660,299,54.7,33.03,46.36
073430000E0068,,,,,,,,,,
841170000A0710,2.3,1.35,0.494,0.447,2.64,230,71,69.13,30.87,62.17
830850000C0686,1.95,1.95,0.562,0.382,1.74,3818,1447,62.1,0.79,42.64
840290000D0737,2.2,1.4,0.543,0.523,1.58,1485,703,52.66,9.49,36.9
26317000AE0115,2.1,1.4,0.516,0.496,1.93,1758,698,60.3,19.91,48.07
830670000D0684,2.0,1.9,0.573,0.462,1.47,1271,585,53.97,0.39,32.02
840290000C0318,2.35,1.4,0.551,0.536,2.83,419,119,71.6,47.02,64.68
841170000C0313,2.4,1.35,0.455,0.518,5.97,866,113,86.95,74.83,83.26
830670000D0761,2.4,2.15,0.547,0.527,1.91,3028,1129,62.71,29.26,47.59
262330000B0006,2.45,1.15,0.342,0.634,1.41,823,505,38.64,3.16,29.28
841360000A0100,2.1,1.35,0.375,0.73,1.81,959,403,57.98,42.44,44.84
261880000B0378,2.3,1.4,0.48,0.424,9.4,1569,111,92.93,83.3,89.36
831080000H0134,2.05,1.9,0.484,0.491,5.12,251,28,88.84,77.29,80.48
840450000C0127,2.1,1.4,0.508,0.451,2.01,1186,450,62.06,15.85,50.25
840510000E0631,2.3,1.35,0.511,0.53,4.82,2764,429,84.48,70.69,79.27
84028000AH0096,2.3,1.4,0.515,0.595,7.72,2957,254,91.41,85.56,87.05
84072000CL0033,,,,,,,,,,
840290000D0142,2.0,1.4,0.352,0.749,2.59,2400,745,68.96,58.54,61.38
841150000B0373,2.35,1.65,0.551,0.471,2.0,755,250,66.89,29.67,50.07
840030000E0261,2.55,1.35,0.52,0.459,2.03,2704,994,63.24,19.97,50.63
840980000A0597,2.3,1.3,0.387,0.462,13.46,700,36,94.86,88.86,92.57
83096000AI0239,2.0,1.15,0.513,0.497,1.84,3105,1560,49.76,0.0,45.57
830850000C0158,2.5,2.15,0.545,0.715,2.02,798,266,66.67,53.38,50.38
83068000BZ0044,2.4,2.0,0.586,0.446,1.53,4256,1673,60.69,11.77,34.59
84137000AB0136,2.2,1.4,0.548,0.5,1.76,1368,589,56.94,13.89,43.13
261820000C0511,2.1,1.2,0.315,0.438,56.44,903,14,98.45,96.46,98.23
130510000E0636,1.95,2.05,0.587,0.45,1.47,845,381,54.91,0.0,31.95
073430000E1644,2.1,1.65,0.553,0.563,2.66,1105,259,76.56,58.37,62.35
840160000L1651,2.2,1.4,0.416,0.551,2.98,131,38,70.99,47.33,66.41
840960000B0322,2.1,1.15,0.403,0.523,26.55,1301,34,97.39,95.0,96.23
830190000G0499,2.4,2.15,0.591,0.367,1.87,5457,1538,71.82,23.11,46.56
840720000D0447,2.3,1.65,0.571,0.508,1.55,1395,582,58.28,17.85,35.63
830350000E0207,2.2,2.15,0.544,0.433,3.6,634,93,85.33,66.09,72.24
840170000D0327,2.3,1.45,0.53,0.533,2.45,1032,320,68.99,41.86,59.11
830910000B1182,2.4,2.0,0.498,0.477,1.82,1952,786,59.73,15.57,45.13
261880000D0301,2.1,1.2,0.452,0.556,10.57,1163,84,92.78,87.02,90.54
84104000AL0299,2.0,1.0,0.34,0.56,52.12,1720,28,98.37,97.09,98.08
840560000B0022,2.25,1.4,0.512,0.56,5.51,1448,163,88.74,79.9,81.84
26054000AR0113,2.35,1.2,0.507,0.538,3.07,924,242,73.81,51.3,67.42
26377000AK0353,,,,,,,,,,
830350000B0900,2.2,1.75,0.499,0.628,1.19,2246,1486,33.84,0.0,16.16
841380000S0290,2.15,1.4,0.543,0.513,1.58,2246,1072,52.27,6.9,36.73
840370000B0114,2.45,1.65,0.572,0.481,1.61,4353,1703,60.88,18.63,37.72
841460000D0126,2.45,1.35,0.507,0.606,3.14,1367,335,75.49,59.55,68.18
13079000AW0069,1.75,1.65,0.509,0.466,1.34,719,350,51.32,0.0,25.59
830270000B0124,2.25,2.05,0.583,0.483,1.73,1905,749,60.68,18.64,42.1
130810000E0093,2.4,2.1,0.577,0.324,2.01,933,276,70.42,8.79,50.16
84104000AN0423,2.25,1.65,0.551,0.46,3.12,8463,1608,81.0,58.67,67.95
84086000AP0528,2.3,1.35,0.398,0.698,1.61,3615,1785,50.62,29.21,37.93
840290000C0410,2.4,1.4,0.512,0.49,2.22,1838,608,66.92,32.54,55.01
840960000C0273,2.05,1.4,0.486,0.683,2.51,2696,769,71.48,58.23,60.13
830460000E0639,,,,,,,,,,
831340000A1653,2.5,1.95,0.561,0.458,3.72,978,149,84.76,66.77,73.11
841360000A0466,2.5,1.35,0.522,0.555,4.02,1005,181,81.99,67.56,75.12
261880000B0367,2.45,1.4,0.528,0.557,4.21,1361,223,83.61,70.61,76.27
840220000D0192,2.35,1.35,0.53,0.504,1.67,362,174,51.93,4.7,40.06
073080000A0129,1.95,1.7,0.547,0.534,1.34,507,275,45.76,0.0,25.44
840720000A0125,2.15,1.65,0.573,0.537,1.66,4688,1789,61.84,28.97,39.8
830040000G1025,2.15,1.95,0.579,0.482,2.03,505,165,67.33,32.28,50.69
84129000AS0018,2.35,1.5,0.485,0.587,8.76,657,54,91.78,86.0,88.58
84018000AB0025,2.3,1.35,0.28,0.818,11.25,405,27,93.33,91.85,91.11
261820000E0254,2.2,1.2,0.434,0.487,11.92,870,55,93.68,87.01,91.61
830910000D0626,,,,,,,,,,
841330000A0835,2.55,1.35,0.534,0.442,1.87,1222,519,57.53,4.01,46.4
07264000AM0069,2.4,1.4,0.543,0.484,2.01,2287,827,63.84,25.36,50.15
83097000AL0131,2.0,2.0,0.615,0.471,1.35,1720,757,55.99,6.57,26.05
841260000F1440,2.45,1.4,0.55,0.492,1.89,752,288,61.7,22.21,47.21
07279000BD0111,2.25,1.65,0.455,0.584,1.47,2373,1241,47.7,10.41,32.03
262260000B0119,2.1,1.4,0.536,0.476,1.69,2445,1121,54.15,3.76,40.7
83047000AN0014,1.95,1.45,0.519,0.513,1.43,1064,545,48.78,0.19,29.98
831450000F0153,2.45,1.9,0.489,0.506,6.37,548,42,92.34,84.85,84.31
840420000E1043,2.5,1.35,0.38,0.68,1.38,3033,1782,41.25,13.62,27.73
263570000X0285,2.15,1.4,0.522,0.539,2.48,688,202,70.64,45.49,59.74
840390000A0728,2.5,1.65,0.56,0.539,2.15,497,144,71.03,46.28,53.52
07228000AK0053,2.3,1.95,0.474,0.615,1.36,197,126,36.04,0.0,26.4
262750000B0400,,,,,,,,,,
83101000AT0256,2.6,2.0,0.582,0.378,3.03,1573,329,79.08,44.63,67.01
830510000F0042,1.75,1.5,0.47,0.455,1.76,1170,519,55.64,2.48,43.25
26345000AN0045,2.5,1.2,0.513,0.443,2.29,1165,435,62.66,15.71,56.31
831400000F0286,1.9,1.85,0.552,0.425,1.49,2624,1120,57.32,0.0,32.74
840390000F0779,2.05,1.35,0.508,0.867,2.93,41,13,68.29,63.41,65.85
840400000C1233,2.25,1.4,0.387,0.429,44.33,1064,15,98.59,96.71,97.74
84028000AR0115,2.3,1.4,0.542,0.492,2.51,8451,2242,73.47,46.12,60.1
830430000G0707,2.2,2.0,0.602,0.44,1.37,3930,1734,55.88,0.0,26.97
841500000H0075,2.25,1.2,0.311,0.745,2.07,708,283,60.03,46.33,51.69
840960000C0809,2.25,1.25,0.339,0.412,104.67,2198,14,99.36,98.45,99.04
830830000A0766,2.35,2.15,0.601,0.388,1.62,257,93,63.81,6.61,38.13
840770000C0392,2.2,1.5,0.355,0.674,1.29,568,405,28.7,0.0,22.18
07070000AL0101,2.4,2.0,0.556,0.61,3.1,180,36,80.0,67.22,67.78
831080000F0078,2.5,1.65,0.464,0.455,1.6,3390,1544,54.45,0.0,37.61
841170000A0586,2.4,1.2,0.531,0.537,2.12,1160,476,58.97,23.62,52.76
84003000BZ0097,2.1,1.35,0.53,0.503,3.32,7392,1650,77.68,55.59,69.85
26054000AB0045,2.0,1.4,0.546,0.614,1.79,1716,696,59.44,33.92,44.23
840960000B0395,2.1,1.1,0.289,0.686,1.32,552,354,35.87,6.52,24.09
840390000G0536,2.2,1.65,0.507,0.544,2.8,98,31,68.37,41.84,64.29
070420000A0119,2.2,1.4,0.393,0.721,1.94,2302,885,61.56,46.7,48.57
840560000B0061,2.2,1.4,0.538,0.518,1.76,2508,1029,58.97,20.81,43.06
840300000E0479,2.3,1.45,0.537,0.596,2.07,566,212,62.54,37.1,51.77
26348000AN0092,2.4,1.4,0.536,0.434,2.73,2376,612,74.24,40.61,63.43
130510000E0108,2.3,2.0,0.48,0.57,1.89,100,45,55.0,21.0,47.0
830490000F0435,2.5,1.95,0.601,0.53,1.82,1276,403,68.42,40.44,45.06
840440000D0979,2.5,1.65,0.557,0.529,1.89,214,83,61.21,26.64,47.2
840510000B0163,2.25,1.1,0.386,0.295,56.06,2018,28,98.61,95.29,98.22
841330000C1038,2.45,1.35,0.505,0.611,5.45,9776,1284,86.87,78.5,81.64
840960000B0480,2.35,1.4,0.508,0.458,2.44,337,109,67.66,29.38,59.05
84008000AO0063,2.35,1.65,0.528,0.564,4.8,2499,353,85.87,74.95,79.15
262330000B0895,1.85,1.4,0.462,0.576,5.46,1862,213,88.56,80.13,81.69
840530000C0878,2.5,1.2,0.276,0.267,17.2,86,4,95.35,82.56,94.19
84050000AT0126,2.2,1.65,0.458,0.689,2.38,667,219,67.17,52.32,58.02
84104000AN0107,2.45,1.2,0.468,0.49,10.65,2450,177,92.78,85.27,90.61
84112000AT0078,2.35,1.35,0.522,0.428,2.4,1530,497,67.52,24.18,58.3
840370000E0804,2.4,1.65,0.572,0.495,1.35,1608,786,51.12,1.24,25.68
841330000G0113,2.3,1.35,0.503,0.506,4.5,1409,223,84.17,68.7,77.79
84082000AN0033,2.0,1.45,0.525,0.487,1.59,247,127,48.58,0.0,37.25
84072000BX0034,2.3,1.65,0.477,0.727,1.44,1085,580,46.54,26.45,30.51
830310000F1314,2.25,1.1,0.289,0.898,19.08,5857,220,96.24,95.82,94.76
840160000F0467,2.0,1.15,0.5,0.582,1.51,1568,916,41.58,0.0,33.74
841380000R0207,2.25,1.4,0.537,0.54,1.87,1020,392,61.57,28.82,46.47
84082000AN0068,2.35,1.65,0.516,0.565,1.49,850,438,48.47,8.82,33.06
84072000BI0133,2.2,1.65,0.512,0.554,2.42,4354,1358,68.81,43.73,58.75
840940000B0177,2.0,1.4,0.525,0.614,4.26,2025,314,84.49,74.77,76.54
13050000CH0081,2.5,2.0,0.595,0.502,4.44,790,110,86.08,72.28,77.47
841220000B1163,2.05,1.35,0.519,0.612,2.84,1759,448,74.53,58.39,64.75
840190000I0836,2.3,1.4,0.516,0.539,2.2,454,159,64.98,35.02,54.63
83068000CP0039,2.5,1.95,0.609,0.469,1.78,659,239,63.73,22.61,43.7
831400000E0913,2.0,1.9,0.585,0.455,1.33,4372,2002,54.21,0.0,24.54
840300000D1990,,,,,,,,,,
841460000B0794,2.35,1.4,0.502,0.447,2.64,690,187,72.9,39.42,62.17
831000000D0340,2.0,1.7,0.567,0.464,1.42,1577,737,53.27,0.0,29.36
831080000D0211,2.4,1.6,0.437,0.658,1.26,2233,1475,33.95,0.0,20.91
840720000A0423,2.15,1.45,0.519,0.628,3.96,1221,219,82.06,71.42,74.77
840020000C0331,2.5,1.3,0.381,0.758,2.59,153,50,67.32,56.86,61.44
84104000AL0164,2.1,1.35,0.351,0.785,2.77,1379,372,73.02,65.63,63.89
840720000I0614,2.25,1.65,0.422,0.64,1.32,1433,914,36.22,0.35,24.35
07056000AC0237,1.95,1.5,0.538,0.505,1.33,678,359,47.05,0.0,24.93
26367000AP0040,2.5,1.4,0.414,0.756,4.48,3696,581,84.28,79.19,77.68
84088000AH0280,2.0,1.65,0.562,0.483,1.41,2723,1322,51.45,0.0,29.27
84122000AH0015,,,,,,,,,,
263570000I0218,2.2,1.15,0.394,0.6,14.57,408,24,94.12,90.2,93.14
83097000AR0024,2.5,1.5,0.385,0.625,1.3,1265,830,34.39,0.0,22.85
840830000B0024,2.15,1.15,0.383,0.769,2.52,164,60,63.41,52.44,60.37
830190000C0287,2.05,2.15,0.6,0.414,1.52,2452,981,59.99,3.38,34.38
841330000C0662,2.45,1.35,0.501,0.388,6.31,10294,1191,88.43,70.19,84.15
841160000D0166,2.35,1.35,0.528,0.5,3.03,1188,288,75.76,51.52,67.0
13050000BL0117,2.45,2.05,0.632,0.478,1.53,492,187,61.99,20.53,34.76
831410000A0131,2.3,2.15,0.496,0.564,2.61,4376,1257,71.28,49.11,61.75
840370000A0590,2.4,1.6,0.527,0.534,4.41,454,63,86.12,74.01,77.31
830670000D0461,2.55,2.15,0.467,0.565,1.62,987,503,49.04,9.83,38.4
841170000B0506,2.4,1.4,0.513,0.576,3.11,744,167,77.55,61.02,67.88
07279000AT0368,2.25,1.65,0.567,0.494,1.39,7684,3568,53.57,6.05,27.94
830450000B0547,2.3,1.9,0.378,0.312,15.38,400,15,96.25,88.0,93.5
840190000G0584,2.4,1.4,0.535,0.482,1.98,982,380,61.3,19.76,49.49
840170000G0909,2.65,1.55,0.459,0.347,4.89,533,87,83.68,52.91,79.55
070700000A0280,1.95,1.4,0.461,0.449,1.89,231,109,52.81,0.0,47.19
840100000C0123,2.05,1.35,0.515,0.472,1.92,2748,1158,57.86,10.77,47.93
840370000E1470,1.95,1.4,0.385,0.344,32.47,974,22,97.74,93.43,96.92
841000000B0058,2.45,1.25,0.496,0.401,2.66,2918,887,69.6,24.23,62.41
840560000A0091,2.0,1.35,0.539,0.532,1.44,1524,838,45.01,0.0,30.31
841060000B0470,2.45,1.4,0.524,0.496,3.52,1450,278,80.83,61.38,71.59
840960000D0143,2.1,1.4,0.551,0.559,3.07,4022,915,77.25,59.27,67.45
262330000B0543,2.05,1.2,0.479,0.632,4.55,441,86,80.5,69.16,78.0
841360000A0696,2.2,1.35,0.374,0.776,1.79,2556,1098,57.04,44.64,44.21
841330000D1106,2.2,1.35,0.524,0.57,3.13,2361,536,77.3,60.14,68.06
840400000C0215,2.4,1.6,0.521,0.609,3.16,534,131,75.47,59.74,68.35
830720000F1084,2.0,2.1,0.592,0.426,3.19,85443,15056,82.38,58.68,68.63
83050000AR0226,,,,,,,,,,
830670000C1659,2.0,2.0,0.596,0.503,1.32,1282,584,54.45,9.36,24.34
84129000BK0075,2.15,1.25,0.382,0.433,52.89,3861,52,98.65,96.89,98.11
072910000B0503,2.35,1.65,0.572,0.492,1.84,1621,557,65.64,30.1,45.65
841220000B0097,1.7,1.1,0.369,0.673,15.19,805,33,95.9,93.91,93.42
263570000V0020,2.35,1.4,0.541,0.49,1.7,1950,818,58.05,14.41,41.03
83047000AY0078,2.0,2.1,0.598,0.431,1.42,15894,6832,57.02,0.26,29.76
841330000B0511,2.15,1.35,0.53,0.515,2.63,3944,1162,70.54,42.8,61.99
840890000B3007,,,,,,,,,,
841260000F0960,2.1,1.4,0.362,0.751,2.21,814,286,64.86,53.19,54.67
841000000C0101,2.3,1.25,0.433,0.513,6.08,292,39,86.64,73.97,83.56
84031000AK0171,2.2,1.65,0.567,0.496,1.52,4706,1964,58.27,15.79,34.21
841330000C0734,2.4,1.35,0.522,0.42,3.1,3140,787,74.94,40.25,67.77
13079000AY0080,2.05,2.05,0.594,0.413,1.44,7931,3264,58.85,0.28,30.75
84082000AN0168,2.25,1.45,0.519,0.543,1.74,181,82,54.7,16.57,42.54
84104000AO0166,2.1,1.4,0.532,0.525,1.82,69,31,55.07,14.49,44.93
84028000AV0018,2.0,1.4,0.535,0.645,1.9,1573,575,63.45,43.36,47.23
84088000AO0313,2.45,1.6,0.549,0.439,1.72,997,406,59.28,7.22,42.03
830850000C0179,2.5,1.8,0.38,0.805,4.18,205,33,83.9,80.0,76.1
841090000A0557,2.4,1.65,0.573,0.528,2.49,1010,253,74.95,52.57,59.9
263770000B0178,2.6,1.35,0.504,0.431,4.36,924,148,83.98,62.88,77.06
07174000AC0226,1.65,1.45,0.454,0.488,1.72,804,383,52.36,2.36,41.92
26345000BD0198,2.05,1.4,0.491,0.576,1.99,710,272,61.69,33.52,49.72
841470000C0679,2.4,1.35,0.518,0.444,2.46,278,95,65.83,23.02,59.35
070130000C0664,2.35,2.1,0.63,0.468,1.41,388,171,55.93,5.93,29.12
831480000I0162,2.4,2.05,0.48,0.58,1.45,1142,640,43.96,3.33,30.82
84053000ZK0069,2.25,1.4,0.534,0.501,1.82,8510,3350,60.63,21.5,45.06
83101000AS0053,2.1,2.15,0.597,0.444,1.5,812,333,58.99,7.64,33.5
830490000E0571,2.0,1.65,0.567,0.498,1.34,3090,1555,49.68,0.0,25.57
841220000A0915,2.35,1.35,0.514,0.534,2.92,843,217,74.26,51.84,65.72
841270000E0606,2.2,1.4,0.534,0.524,1.68,791,355,55.12,14.41,40.58
13050000CE0095,2.2,2.1,0.606,0.457,1.56,4771,1698,64.41,22.11,35.93
83101000AE0035,2.55,2.15,0.608,0.413,2.03,2435,628,74.21,37.54,50.76
840890000C0131,2.5,1.35,0.532,0.426,2.02,1538,597,61.18,8.97,50.46
840960000E0453,,,,,,,,,,
830320000E0871,,,,,,,,,,
841000000A0098,2.4,1.25,0.473,0.517,6.13,846,104,87.71,76.24,83.69
072450000D0563,1.35,1.95,0.483,0.539,1.46,497,278,44.06,0.0,31.59
831000000E0791,2.4,1.95,0.477,0.663,1.33,294,195,33.67,0.0,24.83
263570000E0056,2.45,1.4,0.486,0.409,9.16,898,74,91.76,79.84,89.09
071260000E0087,,,,,,,,,,
841500000C0099,2.1,1.4,0.429,0.699,1.38,2143,1253,41.53,16.38,27.39
840370000F0182,2.25,1.55,0.491,0.51,2.54,150,51,66.0,33.33,60.67
841060000B0130,2.0,1.35,0.549,0.557,1.46,412,228,44.66,0.73,31.55
840890000I1008,2.35,1.35,0.526,0.477,2.99,3402,822,75.84,49.35,66.52
261790000B0541,2.2,2.05,0.589,0.416,2.06,1206,367,69.57,26.78,51.41
830940000E0044,2.1,1.95,0.618,0.525,1.59,362,134,62.98,29.56,37.02
84082000AB0215,2.45,1.6,0.503,0.461,7.73,3803,316,91.69,81.96,87.06
26345000AK0043,1.9,1.35,0.518,0.513,1.5,1387,711,48.74,0.07,33.17
07042000AI0113,2.15,1.4,0.516,0.579,1.66,813,368,54.74,21.77,39.85
830270000G0516,2.25,1.95,0.555,0.584,1.87,844,341,59.6,30.81,46.45
830910000D0335,2.45,1.4,0.323,0.455,85.36,1195,10,99.16,98.16,98.83
841260000F1434,2.35,1.4,0.544,0.568,4.07,1949,325,83.32,70.65,75.42
830920000D1802,2.05,2.0,0.603,0.47,1.32,1158,538,53.54,1.12,24.01
84081000BL0053,2.0,1.4,0.505,0.683,2.71,892,215,75.9,64.69,63.12
84104000AO0117,1.95,1.4,0.494,0.605,6.59,817,89,89.11,82.01,84.82
840960000B0734,2.0,1.2,0.494,0.755,2.37,109,40,63.3,51.38,57.8
830940000F1578,2.35,2.0,0.544,0.589,1.87,1142,488,57.27,27.5,46.41
840560000A0719,2.4,1.1,0.285,0.2,284.71,1993,6,99.7,98.49,99.65
841460000D0505,2.2,1.3,0.439,0.598,8.18,507,49,90.34,83.83,87.77
84104000AM0247,2.15,1.4,0.383,0.683,3.85,2685,497,81.49,72.89,74.0
263480000C0193,2.4,1.4,0.525,0.496,1.77,539,239,55.66,10.58,43.41
130810000E0094,1.7,1.65,0.496,0.462,1.44,2406,1105,54.07,0.67,30.38
840940000E0017,2.35,1.4,0.537,0.469,2.2,7213,2366,67.2,30.11,54.61
831350000G0260,2.2,1.95,0.522,0.383,2.48,513,142,72.32,27.68,59.65
830180000D0719,2.5,2.05,0.512,0.623,2.29,2092,672,67.88,48.47,56.26
840160000A0057,2.2,1.65,0.555,0.592,4.99,544,71,86.95,77.94,79.96
84104000AL0183,2.05,1.4,0.531,0.559,2.46,837,251,70.01,46.36,59.38
84004000AB0007,2.4,1.25,0.521,0.493,2.36,812,277,65.89,30.79,57.64
841500000H0631,2.1,1.4,0.495,0.493,2.77,1759,534,69.64,38.43,63.9
13035000BD0102,1.9,1.5,0.361,0.302,91.77,2386,19,99.2,97.36,98.91
84073000AD0117,,,,,,,,,,
26054000AE0047,2.0,1.4,0.54,0.537,1.55,2944,1414,51.97,10.5,35.6
841380000M0227,2.45,1.4,0.403,0.64,2.3,1908,627,67.14,48.69,56.55
830730000B0104,2.2,1.95,0.505,0.349,11.92,2599,143,94.5,84.22,91.61
83062000AC0149,2.0,1.55,0.549,0.498,1.47,606,305,49.67,0.0,32.18
262750000B0193,2.0,1.4,0.382,0.8,2.16,3483,1123,67.76,59.72,53.6
07042000AE0068,2.05,1.35,0.382,0.609,1.43,885,540,38.98,0.0,30.28
13079000AH0278,2.0,1.7,0.558,0.444,1.57,3784,1678,55.66,0.05,36.28
261800000B0010,2.25,1.4,0.498,0.369,3.46,10305,2257,78.1,40.66,71.07
261100000B0195,2.15,2.1,0.612,0.549,2.94,910,167,81.65,66.59,65.93
841090000C0429,2.15,1.25,0.401,0.616,6.44,2626,307,88.31,81.04,84.46
070090000A0648,2.3,1.35,0.432,0.519,1.62,1252,644,48.56,0.88,38.26
841360000A0418,2.2,1.35,0.462,0.587,2.48,1061,320,69.84,48.63,59.75
841340000C0478,2.25,1.4,0.374,0.812,2.6,865,233,73.06,66.82,61.5
840760000A0076,2.5,1.3,0.384,0.745,1.67,1623,758,53.3,37.34,40.23
071260000A0460,2.05,1.6,0.53,0.601,6.14,1859,172,90.75,84.62,83.7
841160000B0036,2.5,1.4,0.491,0.434,2.6,359,109,69.64,30.08,61.56
840400000C0879,2.35,1.65,0.399,0.823,5.01,707,93,86.85,84.02,80.06
84104000AL0269,2.35,1.35,0.48,0.408,4.86,982,156,84.11,61.1,79.43
830190000G1018,2.5,2.15,0.533,0.382,2.17,1870,594,68.24,16.74,53.9
830910000D1058,2.4,1.95,0.601,0.515,1.44,700,318,54.57,11.86,30.43
841220000B0120,2.2,1.35,0.377,0.754,1.61,1575,771,51.05,35.11,37.9
84028000AT0238,2.2,1.4,0.459,0.66,1.63,3524,1597,54.68,31.36,38.48
83136000AB0004,2.05,2.0,0.571,0.454,4.35,1335,192,85.62,68.31,77.0
26345000AK0311,2.25,1.4,0.368,0.662,1.78,707,325,54.03,30.55,43.85
840960000D0557,2.15,1.2,0.314,0.781,1.47,396,211,46.72,31.82,32.07
841500000B0370,1.05,1.35,0.228,0.625,23.67,426,10,97.65,96.24,95.77
830460000E0698,2.45,1.95,0.42,0.209,20.82,1416,23,98.38,92.23,95.2
830710000B0003,2.05,2.05,0.641,0.433,1.48,217,91,58.06,3.23,32.26
841260000F1738,2.0,1.4,0.5,0.565,3.32,206,52,74.76,55.34,69.9
84028000BC0014,2.35,1.4,0.544,0.503,1.8,469,196,58.21,16.84,44.56
83097000AN0270,2.0,2.0,0.602,0.448,1.37,2545,1138,55.28,0.24,27.03
83097000AO0180,1.95,1.95,0.58,0.441,1.4,591,264,55.33,0.0,28.43
841220000B1153,2.1,1.35,0.502,0.592,1.5,1147,600,47.69,11.6,33.22
83136000AM0041,2.2,2.1,0.617,0.463,1.54,224,93,58.48,10.27,35.27
070090000B0571,1.9,1.0,0.447,0.506,1.87,797,409,48.68,0.0,46.42
840560000F0728,2.05,1.35,0.485,0.649,4.61,512,74,85.55,77.73,78.32
83068000AZ0065,2.35,2.05,0.61,0.43,1.34,1865,777,58.34,3.0,25.25
830350000A0041,,,,,,,,,,
83042000AY0141,2.0,1.45,0.533,0.475,1.6,2011,967,51.91,0.0,37.39
841370000B0074,2.4,1.2,0.438,0.649,5.89,1403,183,86.96,79.9,83.04
841000000A0537,2.4,1.2,0.44,0.44,2.76,127,40,68.5,28.35,63.78
841160000D0783,2.4,1.4,0.536,0.494,3.14,8541,1902,77.73,54.95,68.19
840720000G0039,2.1,1.65,0.568,0.578,2.31,296,96,67.57,43.92,56.76
841330000C0086,2.25,1.35,0.53,0.486,2.47,2113,632,70.09,38.43,59.58
83063000AX0123,2.35,1.95,0.591,0.482,2.05,499,145,70.94,39.68,51.1
84082000AB0190,2.1,1.65,0.507,0.367,6.18,3802,439,88.45,68.54,83.82
830510000E1083,,,,,,,,,,
073430000D0152,2.2,1.45,0.525,0.634,1.98,1988,702,64.69,44.27,49.45
07143000AL0276,2.0,1.0,0.464,0.697,1.56,194,129,33.51,4.64,36.08
261800000B0343,2.45,1.35,0.397,0.7,3.98,1433,257,82.07,74.39,74.88
840910000D0437,2.15,1.2,0.415,0.719,2.32,1012,338,66.6,53.56,56.82
07324000AX0171,2.0,1.1,0.479,0.558,1.78,445,252,43.37,0.0,43.82
83097000AK0047,2.4,2.0,0.627,0.471,1.63,1685,586,65.22,26.11,38.52
831400000A0180,2.45,2.05,0.479,0.462,15.29,841,30,96.43,92.27,93.46
841330000F0328,2.35,1.35,0.509,0.543,1.89,1147,461,59.81,25.98,47.08
072640000B0115,2.3,1.35,0.484,0.547,5.52,635,81,87.24,76.69,81.89
263220000A0059,1.85,1.1,0.345,0.559,49.36,1234,19,98.46,97.24,97.97
840390000C0606,2.0,1.2,0.314,0.753,1.13,977,733,24.97,0.41,11.87
13050000BL0125,2.5,1.9,0.593,0.455,1.89,886,300,66.14,25.62,47.18
840390000G1479,2.25,1.65,0.502,0.601,3.28,4780,944,80.25,67.11,69.5
841380000R0370,2.2,1.4,0.539,0.492,1.5,3635,1813,50.12,0.0,33.48
840200000D0766,2.3,1.3,0.515,0.492,1.91,820,355,56.71,11.95,47.56
830310000C0428,2.45,2.0,0.574,0.401,4.61,2236,273,87.79,69.59,78.31
84106000ZC0022,2.3,1.4,0.529,0.588,4.14,1699,296,82.58,70.39,75.87
840490000E0626,2.2,1.65,0.508,0.627,2.96,201,52,74.13,58.71,66.17
072590000B0239,2.2,1.4,0.504,0.5,7.81,2139,181,91.54,83.08,87.19
840290000F0407,2.35,1.4,0.518,0.568,3.99,663,109,83.56,71.04,74.96
26345000AK0314,2.15,1.2,0.393,0.633,2.1,254,107,57.87,33.46,52.36
26367000AI0150,2.4,1.4,0.377,0.718,1.18,4754,3332,29.91,2.42,15.48
841500000E0838,2.25,1.4,0.531,0.451,1.93,3316,1363,58.9,8.78,48.28
840290000D0594,1.25,1.2,0.345,0.584,39.61,5625,59,98.95,98.2,97.48
840960000B0820,2.1,1.4,0.373,0.655,3.28,744,171,77.02,64.92,69.49
830910000D0016,2.45,2.05,0.608,0.399,1.68,1530,550,64.05,9.87,40.39
840390000H0238,1.85,1.5,0.525,0.529,1.2,2254,1238,45.08,0.0,16.59
840150000B0197,2.0,1.3,0.528,0.544,1.48,1966,1075,45.32,0.0,32.25
840960000C0523,2.0,1.4,0.533,0.597,3.78,1091,209,80.84,67.92,73.51
840760000D0059,2.5,1.35,0.342,0.714,2.79,1091,297,72.78,61.87,64.16
84106000AB0017,2.45,1.15,0.404,0.466,11.21,841,54,93.58,86.21,91.08
84149000AW0032,2.1,1.4,0.532,0.557,1.42,3540,1948,44.97,1.13,29.58
84008000AO0144,2.2,1.4,0.458,0.42,7.49,974,97,90.04,76.28,86.65
840420000F0042,2.45,1.35,0.519,0.426,1.87,1197,512,57.23,0.0,46.62
83116000AW0291,2.0,1.4,0.532,0.494,1.6,2043,985,51.79,2.4,37.69
840720000C0083,2.1,1.65,0.565,0.497,1.74,1320,524,60.3,20.08,42.5
070130000B0812,2.0,1.95,0.588,0.471,1.37,1577,735,53.39,1.08,27.14
84028000AM0082,1.2,0.85,0.101,0.375,856.83,5141,3,99.94,99.84,99.88
84003000CK0276,2.45,1.35,0.496,0.399,2.25,826,298,63.92,9.69,55.57
830460000F0976,2.45,1.7,0.423,0.481,47.4,2038,25,98.77,97.45,97.89
830670000D3374,1.8,1.85,0.511,0.625,1.35,23,15,34.78,0.0,26.09
830350000B0903,2.2,2.0,0.536,0.619,1.82,551,226,58.98,33.76,45.19
840530000A0059,2.3,1.4,0.431,0.779,4.49,2367,367,84.5,80.1,77.74
840940000B0370,2.3,1.4,0.414,0.667,1.96,1221,486,60.2,40.29,49.06
830750000A1185,2.35,1.95,0.533,0.66,2.07,922,328,64.43,46.1,51.74
840160000K0390,,,,,,,,,,
830640000C0145,2.0,1.7,0.558,0.51,1.33,987,499,49.44,0.81,24.92
841460000C0314,2.45,1.4,0.484,0.624,1.77,4827,2052,57.49,31.9,43.51
83097000AS0076,2.0,2.05,0.613,0.496,1.31,4541,1965,56.73,12.82,23.83
830690000D0510,2.5,2.1,0.565,0.394,1.83,3747,1284,65.73,12.94,45.37
131150000E0420,2.1,2.05,0.601,0.449,1.35,6929,2965,57.21,4.68,25.75
840700000A0026,2.45,1.65,0.561,0.418,1.66,634,273,56.94,0.0,39.59
840870000K0101,1.05,1.3,0.299,0.677,48.06,3412,44,98.71,98.09,97.92
840300000A1036,2.45,1.65,0.533,0.372,2.17,2018,627,68.93,16.45,53.96
26377000AS0190,2.5,1.35,0.514,0.554,4.51,1497,237,84.17,71.41,77.82
841380000K0283,2.35,1.4,0.519,0.465,2.55,2121,618,70.86,37.34,60.77
83101000AC0405,2.45,2.15,0.533,0.45,1.93,1624,643,60.41,12.01,48.28
263570000X0039,2.5,1.15,0.453,0.511,7.87,1039,113,89.12,78.73,87.3
84050000AP0020,,,,,,,,,,
840220000D0212,2.25,1.4,0.395,0.735,1.9,948,388,59.07,44.3,47.36
07324000AX0256,1.2,1.3,0.376,0.595,1.26,1084,634,41.51,1.66,20.94
840490000A0882,1.9,1.45,0.506,0.66,4.18,1065,169,84.13,75.96,76.06
830270000G0807,2.25,2.15,0.498,0.647,1.46,762,398,47.77,19.29,31.63
83023000BV0002,,,,,,,,,,
840170000F1984,2.5,1.45,0.465,0.414,24.04,1659,46,97.23,93.31,95.84
840960000C0568,2.2,1.2,0.384,0.637,4.01,293,51,82.59,72.7,75.09
840960000G0170,2.15,1.15,0.419,0.508,8.0,304,31,89.8,79.93,87.5
07042000BC0034,1.95,1.4,0.527,0.527,1.61,184,97,47.28,0.0,38.04
84082000AC0053,2.25,1.65,0.556,0.533,5.31,2499,283,88.68,78.75,81.15
841170000A0548,2.2,1.35,0.401,0.588,2.42,455,147,67.69,45.05,58.68
841500000D0082,2.35,1.2,0.469,0.396,6.99,2350,280,88.09,69.91,85.7
840220000A0127,2.05,1.4,0.503,0.587,6.3,768,81,89.45,82.03,84.11
83116000AX0039,2.35,1.55,0.532,0.447,1.69,638,290,54.55,0.0,40.75
841330000A0515,2.5,1.35,0.523,0.504,3.0,1561,367,76.49,53.36,66.69
073170000B0034,2.2,2.15,0.472,0.567,1.57,395,212,46.33,5.32,36.2
841160000C0325,1.95,1.3,0.413,0.413,26.07,3154,97,96.92,92.55,96.16
84149000AI0034,2.05,1.4,0.537,0.552,2.12,2541,832,67.26,40.73,52.93
84105000AD0033,2.25,1.35,0.533,0.507,2.73,2016,545,72.97,46.63,63.34
841060000A0133,2.1,1.4,0.501,0.663,6.89,1150,114,90.09,85.04,85.48
831000000D1192,2.2,1.9,0.57,0.473,2.17,291,97,66.67,29.55,53.95
84073000AW0423,2.25,1.3,0.467,0.534,26.0,3068,79,97.43,95.18,96.15
263570000V0144,2.25,1.2,0.325,0.873,4.31,2178,370,83.01,80.53,76.81
841260000B0165,2.2,1.4,0.465,0.631,1.57,768,400,47.92,17.45,36.2
840390000E0364,2.0,1.65,0.557,0.483,1.48,674,328,51.34,0.0,32.64
840890000A0031,2.05,1.35,0.53,0.517,1.77,1549,707,54.36,11.75,43.45
84003000CE0151,2.15,1.3,0.499,0.535,2.92,1511,376,75.12,53.47,65.72
830730000F0053,,,,,,,,,,
840960000E0523,2.05,1.4,0.483,0.74,4.44,213,37,82.63,76.53,77.46
841060000E0247,2.05,1.4,0.479,0.648,1.55,5071,2508,50.54,23.68,35.46
830830000C1197,2.5,1.7,0.34,0.323,25.12,603,10,98.34,94.86,96.02
83071000DA0275,2.0,1.7,0.563,0.454,1.49,6421,2910,54.68,0.12,33.09
83042000AW0189,2.3,2.05,0.565,0.468,1.58,382,170,55.5,4.97,36.65
830670000C0196,2.4,2.0,0.619,0.455,1.49,652,260,60.12,12.27,32.98
84122000AT0015,2.25,1.35,0.523,0.577,2.71,1006,282,71.97,51.39,63.12
26367000AE0219,2.2,1.4,0.515,0.468,8.57,3634,307,91.55,81.95,88.33
84091000AM0020,2.3,1.4,0.529,0.479,1.91,1823,698,61.71,20.13,47.56
841370000A1580,2.35,1.4,0.506,0.528,4.59,395,66,83.29,68.35,78.23
07264000AE0232,2.2,1.2,0.471,0.576,5.52,817,110,86.54,76.62,81.88
840960000B0502,2.1,1.4,0.375,0.719,1.85,248,115,53.63,35.48,45.97
83054000BB0021,2.35,1.9,0.528,0.432,2.52,713,199,72.09,35.34,60.31
07070000AL0109,2.15,1.95,0.345,0.222,11.8,236,10,95.76,80.93,91.53
07245000AT0006,2.0,1.9,0.557,0.416,1.77,5833,2407,58.73,0.69,43.58
261820000G0547,2.35,1.4,0.499,0.399,3.55,4708,959,79.63,48.96,71.86
262750000K0016,2.5,1.4,0.534,0.435,2.01,243,101,58.44,4.53,50.21
07264000AL0071,2.2,1.4,0.512,0.701,2.17,2418,807,66.63,52.36,53.85
072910000C0065,2.15,1.6,0.475,0.393,6.46,943,94,90.03,74.66,84.52
830490000F1913,2.4,2.05,0.603,0.529,1.37,672,310,53.87,12.8,26.79
261560000B0019,2.1,1.35,0.508,0.482,1.73,1296,624,51.85,0.08,42.28
130910000G0235,2.5,1.95,0.477,0.618,1.32,719,464,35.47,0.0,24.48
830830000C0710,,,,,,,,,,
841220000H0220,2.1,1.15,0.469,0.596,8.19,1434,140,90.24,83.61,87.8
07279000AL0438,2.1,1.6,0.558,0.464,1.7,897,383,57.3,8.03,41.14
840200000D0166,2.5,1.35,0.529,0.435,2.43,1459,460,68.47,27.48,58.81
84028000AZ0061,2.4,1.4,0.401,0.719,1.65,3107,1484,52.24,33.6,39.56
262750000D0013,2.25,1.4,0.52,0.586,4.86,1362,191,85.98,76.06,79.44
840470000A0129,2.4,1.45,0.531,0.472,1.71,695,330,52.52,0.0,41.58
840290000F0168,,,,,,,,,,
26345000AL0310,2.1,1.2,0.406,0.605,3.23,1242,303,75.6,59.66,69.0
841220000B1237,2.5,1.35,0.416,0.734,1.8,1078,472,56.22,40.35,44.34
84138000BB0039,2.55,1.4,0.516,0.436,5.09,3800,580,84.74,65.03,80.34
840440000C0178,2.05,1.65,0.547,0.599,4.76,880,109,87.61,79.32,78.98
840560000B0429,2.2,1.35,0.395,0.856,5.37,1937,268,86.16,83.84,81.36
072340000A0074,,,,,,,,,,
070130000C0665,2.25,2.05,0.565,0.577,1.37,358,203,43.3,1.68,26.82
841060000B0268,2.05,1.4,0.409,0.727,1.41,2021,1168,42.21,20.53,28.85
84082000AI0039,2.15,1.6,0.548,0.448,2.21,1963,620,68.42,29.55,54.66
840370000G0134,2.25,1.65,0.524,0.498,1.5,1520,749,50.72,0.99,33.36
830210000L0238,2.5,1.95,0.593,0.635,3.71,1456,251,82.76,72.87,73.08
830940000F0712,2.25,2.05,0.605,0.436,1.61,1308,474,63.76,16.97,37.77
263570000N0083,2.15,1.35,0.48,0.506,7.52,962,83,91.37,82.95,86.69
840370000C0044,2.25,1.45,0.549,0.523,1.74,1154,494,57.19,18.2,42.55
84069000BC0033,2.05,1.45,0.437,0.385,82.94,4064,37,99.09,97.64,98.79
830350000E1981,2.1,1.95,0.578,0.447,2.0,338,119,64.79,21.3,50.0
26377000AX0099,2.1,1.35,0.528,0.537,1.95,1007,391,61.17,27.71,48.66
83101000BC0047,1.95,2.1,0.585,0.43,1.68,1092,449,58.88,4.3,40.57
841260000A0211,2.05,1.4,0.538,0.593,2.05,252,105,58.33,29.76,51.19
830270000G0326,2.2,1.9,0.509,0.649,3.94,481,100,79.21,67.98,74.64
840720000B0225,2.5,1.65,0.573,0.535,2.66,449,116,74.16,51.67,62.36
84008000AI0032,2.4,1.65,0.557,0.481,1.76,924,355,61.58,20.13,43.18
840390000F0420,2.5,1.6,0.548,0.511,3.15,1078,224,79.22,59.37,68.27
26054000AL0089,2.5,1.4,0.536,0.466,1.8,1239,509,58.92,11.86,44.55
840710000A0034,2.3,1.35,0.507,0.537,4.12,679,122,82.03,66.57,75.7
841220000B1794,2.2,1.35,0.516,0.523,2.29,1090,371,65.96,34.95,56.24
130910000D0562,2.3,2.0,0.606,0.409,1.55,18919,6721,64.47,13.1,35.3
830730000F0846,2.55,2.1,0.597,0.426,1.94,961,268,72.11,34.55,48.39
840160000A1593,2.5,1.6,0.444,0.65,4.07,61,13,78.69,67.21,75.41
13037000AW0003,2.5,1.2,0.299,0.674,1.3,5460,3583,34.38,2.6,22.91
262850000D0252,2.35,1.2,0.515,0.484,2.12,895,369,58.77,14.75,52.74
830670000D0264,2.05,1.85,0.572,0.458,1.44,1551,694,55.25,2.39,30.5
84012000AS0005,2.15,1.3,0.323,0.779,3.66,742,155,79.11,73.18,72.64
840390000G0058,2.55,1.65,0.575,0.467,2.78,977,255,73.9,44.11,64.07
840300000D0972,2.5,1.65,0.55,0.514,3.13,1365,281,79.41,59.93,68.06
263480000D0135,2.2,1.4,0.531,0.585,3.88,578,113,80.45,66.61,74.22
072640000B0320,2.05,1.4,0.495,0.617,5.42,792,108,86.36,77.9,81.57
830570000A0627,1.95,1.95,0.526,0.379,7.0,1469,131,91.08,76.45,85.7
261820000E0726,1.95,1.4,0.501,0.522,6.74,3499,353,89.91,80.68,85.17
263570000Y0192,2.0,1.4,0.539,0.529,1.44,1396,741,46.92,0.0,30.59
83116000BW0041,2.1,1.9,0.604,0.598,2.55,656,152,76.83,61.28,60.82
830450000H0182,2.55,2.15,0.338,0.333,5.55,111,14,87.39,62.16,81.98
84104000AH0167,2.15,1.2,0.451,0.633,11.45,710,50,92.96,88.87,91.27
841000000C0587,2.2,1.25,0.386,0.767,2.74,859,254,70.43,61.47,63.56
840170000E0715,2.5,1.4,0.458,0.391,10.89,1677,101,93.98,84.62,90.82
26071000ZC0096,2.0,1.3,0.529,0.502,1.67,3417,1755,48.64,0.0,39.95
262330000C0404,2.5,1.35,0.493,0.433,8.1,3004,269,91.05,79.33,87.65
831400000A1132,2.05,1.85,0.462,0.427,26.38,1715,41,97.61,94.4,96.21
840340000F0343,2.35,1.4,0.489,0.38,2.63,134,41,69.4,19.4,61.94
841380000S0462,2.4,1.35,0.464,0.52,11.37,1546,92,94.05,88.55,91.2
840390000H1478,,,,,,,,,,
84026000AA0119,2.5,1.35,0.537,0.46,3.22,3076,719,76.63,49.19,68.95
830670000D1471,2.25,1.95,0.604,0.459,1.39,1276,580,54.55,1.02,28.29
26271000ZB0060,1.95,1.95,0.59,0.473,1.27,900,428,52.44,0.0,21.44
831080000F0171,2.3,1.95,0.621,0.5,1.43,331,141,57.4,14.8,29.91
84137000AL0825,2.2,1.35,0.408,0.469,13.31,559,30,94.63,88.55,92.49
830500000G0260,2.2,1.85,0.455,0.505,3.81,503,94,81.31,63.02,73.76
130030000A0303,2.55,2.0,0.591,0.485,3.12,537,113,78.96,56.61,67.97
26345000AV0118,2.1,1.2,0.271,0.85,1.53,814,463,43.12,33.05,34.64
841260000F0447,2.0,1.4,0.523,0.619,3.18,500,120,76.0,61.2,68.6
830670000D1114,2.6,1.8,0.57,0.496,1.46,243,123,49.38,0.0,31.28
26054000AC0232,2.2,1.4,0.452,0.675,1.9,625,247,60.48,41.44,47.36
84031000AI0109,2.05,1.65,0.562,0.527,1.8,2027,752,62.9,29.6,44.35
831000000E1582,2.05,2.0,0.6,0.448,1.32,40887,18182,55.53,0.64,24.33
13001000PE0004,2.35,2.15,0.593,0.428,2.73,978,197,79.86,52.97,63.39
840370000E1069,2.1,1.45,0.543,0.481,1.62,734,342,53.41,3.13,38.28
84082000AS0139,2.15,1.65,0.569,0.456,1.6,2770,1180,57.4,6.5,37.55
841450000J0330,2.5,1.65,0.395,0.624,2.08,2745,1090,60.29,36.32,51.95
26054000AN0026,1.25,1.05,0.296,0.625,70.73,2900,20,99.31,98.9,98.59
830350000B0630,2.1,2.1,0.612,0.487,1.24,1610,754,53.17,3.91,19.44
841340000C0649,2.45,1.4,0.523,0.487,6.38,6002,618,89.7,78.87,84.32
841330000G0670,2.35,1.35,0.52,0.478,2.32,394,133,66.24,29.44,56.85
841000000C0157,2.2,1.25,0.48,0.49,2.22,1317,480,63.55,25.66,55.05
072910000B0943,2.15,1.45,0.427,0.688,1.86,717,291,59.41,41.0,46.3
830310000H0298,2.35,2.0,0.569,0.413,6.25,3642,311,91.46,79.32,83.99
840510000G0268,2.25,1.35,0.523,0.547,3.27,1576,366,76.78,57.55,69.42
13110000AZ0049,2.5,2.15,0.608,0.364,1.73,32051,9564,70.16,18.11,42.13
841470000A0896,2.35,1.35,0.524,0.441,4.04,9673,1797,81.42,57.86,75.22
831400000F1452,2.5,2.15,0.526,0.536,2.17,3588,1193,66.75,37.96,53.82
84050000AL0307,,,,,,,,,,
13082000AN0077,2.35,2.05,0.57,0.364,2.02,627,196,68.74,14.19,50.56
070890000C0227,2.25,2.15,0.609,0.371,2.07,252,86,65.87,7.94,51.59
841500000D0014,2.3,1.4,0.533,0.509,3.15,2570,567,77.94,56.61,68.29
840120000A0258,2.35,1.25,0.531,0.509,2.81,5399,1463,72.9,46.79,64.36
841220000B0125,2.1,1.35,0.473,0.632,6.38,638,72,88.71,82.13,84.33
84122000CB0106,2.5,1.35,0.455,0.592,2.27,6977,2503,64.12,39.44,55.91
840180000C0422,2.25,1.65,0.503,0.563,7.32,3983,369,90.74,83.56,86.34
13079000AD0184,1.65,1.1,0.231,0.385,421.83,7593,10,99.87,99.66,99.76
83148000AH0239,2.0,1.7,0.573,0.488,1.38,1318,661,49.85,0.0,27.47
84149000BA0035,2.2,1.4,0.348,0.699,1.23,4860,3279,32.53,3.48,18.54
841170000C0068,2.45,1.2,0.508,0.552,3.64,808,175,78.34,60.77,72.52
840390000D0172,1.95,1.65,0.564,0.55,1.4,908,457,49.67,8.48,28.63
83112000AT0093,2.3,1.95,0.526,0.543,2.93,665,158,76.24,56.24,65.86
84028000AY0168,2.0,1.4,0.532,0.631,1.82,481,193,59.88,36.38,44.91
072640000G0175,2.4,1.4,0.532,0.562,3.91,934,163,82.55,68.95,74.41
26377000AP0032,2.5,1.35,0.538,0.567,4.15,635,110,82.68,69.45,75.91
841150000A0061,2.05,1.65,0.516,0.491,4.61,825,113,86.3,72.12,78.3
840490000C0325,2.35,1.65,0.557,0.487,2.51,2962,769,74.04,46.66,60.23
840160000K0372,2.35,1.4,0.475,0.642,7.04,401,43,89.28,83.29,85.79
830910000A0194,1.9,1.3,0.504,0.495,1.59,3765,1905,49.4,0.0,37.08
84118000AK0321,2.45,1.65,0.455,0.552,2.01,409,165,59.66,26.89,50.37
13032000BV0123,2.4,2.0,0.586,0.392,2.92,2442,491,79.89,48.73,65.72
840720000E0411,2.2,1.65,0.425,0.611,1.85,370,168,54.59,25.68,45.95
072590000B1072,2.15,1.4,0.525,0.476,2.39,13821,4021,70.91,38.87,58.19
830040000G1028,2.1,2.0,0.589,0.426,1.52,2621,1081,58.76,3.17,34.03
831000000E0607,2.4,1.95,0.474,0.58,1.39,3670,2141,41.66,0.0,28.12
840420000F0142,2.5,1.35,0.425,0.606,1.46,4185,2435,41.82,4.06,31.64
84029000AD0142,1.85,1.15,0.408,0.447,20.32,2702,102,96.23,91.56,95.08
831000000E1638,2.0,1.95,0.608,0.504,1.21,1922,968,49.64,0.05,17.38
840450000B0112,2.15,1.3,0.341,0.455,41.23,1072,20,98.13,95.9,97.57
830790000A1246,2.4,2.0,0.597,0.396,2.21,34288,9036,73.65,33.39,54.82
83023000BX0229,2.3,2.15,0.569,0.306,2.72,21362,4605,78.44,29.63,63.24
840170000B1261,2.35,1.65,0.525,0.52,2.54,206,53,74.27,50.49,60.68
840090000G0458,2.05,1.35,0.528,0.474,1.86,2810,1210,56.94,9.22,46.23
84031000AD0150,2.3,1.65,0.405,0.646,1.36,505,323,36.04,0.99,26.73
07042000BC0242,2.5,1.4,0.517,0.404,4.45,1920,314,83.65,59.53,77.55
83116000AI0184,2.0,1.25,0.512,0.474,1.78,5765,2738,52.51,0.0,43.78
84135000AE0070,,,,,,,,,,
83097000AE0224,2.4,1.95,0.597,0.423,1.81,2331,768,67.05,22.05,44.66
830580000G2406,,,,,,,,,,
840370000E0295,,,,,,,,,,
83107000AS0190,2.5,2.05,0.611,0.424,1.57,1311,510,61.1,8.16,36.38
840720000E0141,2.25,1.6,0.409,0.829,1.74,2071,890,57.03,48.14,42.59
071520000A0528,1.3,0.95,0.359,0.57,1.38,211,122,42.18,0.0,27.49
841110000B0033,2.35,1.4,0.451,0.726,2.23,1206,414,65.67,52.74,55.22
830460000E0778,2.4,2.05,0.637,0.471,1.56,285,112,60.7,16.49,35.79
07168000AM0246,2.3,1.65,0.517,0.633,1.84,2524,1027,59.31,35.74,45.72
841380000L0136,2.05,1.4,0.507,0.456,3.63,5254,1057,79.88,55.86,72.44
26317000AM0161,1.85,1.4,0.425,0.463,18.64,1995,63,96.84,93.18,94.64
841330000C0367,1.5,1.1,0.25,0.542,26.4,396,13,96.72,93.94,96.21
840420000C1042,2.5,1.35,0.332,0.586,1.48,911,532,41.6,0.33,32.6
840300000B0733,,,,,,,,,,
840700000C1121,2.05,1.3,0.526,0.488,1.66,1146,566,50.61,0.0,39.7
84104000AO0015,,,,,,,,,,
830510000A0475,2.45,2.1,0.582,0.342,3.17,2866,512,82.14,47.73,68.46
84028000AK0102,2.4,1.4,0.537,0.485,2.29,3223,1020,68.35,34.78,56.31
841060000E0005,,,,,,,,,,
840680000A0426,2.5,1.35,0.404,0.616,3.06,4563,1229,73.07,56.28,67.3
130030000B0115,1.5,1.3,0.284,0.541,32.25,903,20,97.79,95.9,96.9
830710000C2593,2.25,2.05,0.598,0.389,1.62,2169,836,61.46,0.97,38.45
841170000A0679,2.15,1.4,0.536,0.513,2.27,1035,325,68.6,38.84,55.94
070130000C0815,2.45,1.95,0.573,0.416,2.25,115,32,72.17,33.04,55.65
840020000C0376,2.15,1.35,0.522,0.459,2.66,5637,1567,72.2,39.45,62.37
840720000D0880,2.3,1.65,0.562,0.514,1.99,2772,837,69.81,41.23,49.75
13110000CM0007,2.45,1.95,0.579,0.414,1.52,11673,4740,59.39,1.83,34.24
841260000F0599,2.25,1.4,0.538,0.554,2.19,927,327,64.72,36.35,54.37
841340000D0015,2.3,1.4,0.534,0.479,6.19,11869,1337,88.74,76.48,83.85
831350000H0376,,,,,,,,,,
263570000I0044,,,,,,,,,,
831080000D0124,2.4,2.15,0.59,0.562,1.53,717,328,54.25,18.55,34.73
83097000AL0175,2.45,1.6,0.416,0.628,1.31,1257,796,36.67,0.0,23.95
26054000AK0232,2.1,1.4,0.345,0.733,1.74,2920,1332,54.38,37.81,42.5
840190000I0586,2.3,1.4,0.55,0.532,2.61,904,250,72.35,48.01,61.73
840300000D1408,2.4,1.65,0.528,0.508,5.24,911,95,89.57,79.47,80.9
841380000Q0533,1.8,1.15,0.215,0.636,7.62,61,7,88.52,81.97,86.89
26345000BK0216,2.15,1.35,0.46,0.639,4.65,2638,404,84.69,76.04,78.51
13082000AN0159,2.45,2.1,0.553,0.62,1.81,1524,597,60.83,36.81,44.75
13050000BX0107,2.3,2.05,0.608,0.488,1.7,1116,364,67.38,33.15,41.22
84050000AT0386,2.5,1.6,0.502,0.368,20.14,4089,128,96.87,91.49,95.04
830830000C0431,,,,,,,,,,
131150000D0102,2.4,1.95,0.596,0.423,1.5,9252,3606,61.02,7.86,33.17
840370000G0489,,,,,,,,,,
841110000A0052,2.4,1.35,0.51,0.566,5.92,1196,141,88.21,79.18,83.11
840300000D0340,2.15,1.65,0.54,0.513,1.85,428,173,59.58,21.26,46.03
840390000G0901,2.05,1.65,0.558,0.615,2.03,598,195,67.39,46.99,50.67
841260000E0519,2.2,1.4,0.533,0.535,2.19,1384,484,65.03,34.61,54.41
263570000S0169,2.4,1.4,0.52,0.503,6.61,3864,369,90.45,81.0,84.86
840370000D0620,1.85,1.3,0.496,0.527,1.51,711,383,46.13,0.0,33.9
841460000D0469,2.2,1.3,0.287,0.734,1.69,503,262,47.91,29.03,40.76
830350000C0451,2.05,2.05,0.606,0.483,1.26,889,434,51.18,0.0,20.92
83123000AE0325,,,,,,,,,,
841150000C0372,2.4,1.65,0.568,0.439,1.68,1093,434,60.29,9.52,40.62
841330000B1507,2.45,1.35,0.468,0.627,1.33,3903,2433,37.66,0.59,24.75
840170000B0873,,,,,,,,,,
07042000AL0203,2.45,1.4,0.495,0.481,1.76,310,148,52.26,0.65,43.23
261920000C0491,2.2,1.4,0.515,0.561,4.91,1086,151,86.1,75.23,79.65
262750000K0248,2.05,1.4,0.529,0.506,1.88,865,358,58.61,18.15,46.94
840020000C0197,2.35,1.35,0.513,0.456,1.73,327,152,53.52,0.0,42.2
840420000F0797,2.5,1.35,0.403,0.68,5.28,3263,432,86.76,80.54,81.06
07143000AK0551,1.8,2.0,0.567,0.505,1.43,1400,715,48.93,0.0,30.0
840770000B0304,2.05,1.65,0.574,0.589,1.89,838,295,64.8,40.21,47.02
83097000AN0003,1.85,1.8,0.542,0.453,1.42,1764,800,54.65,0.0,29.82
13110000BD0054,2.5,2.15,0.614,0.441,2.51,646,137,78.79,51.86,60.22
840300000A0207,2.45,1.45,0.546,0.541,3.13,504,118,76.59,56.75,68.06
84072000BM0013,2.45,1.55,0.508,0.568,9.42,2836,214,92.45,86.71,89.39
07228000AN0008,2.1,1.15,0.461,0.537,1.55,2147,1181,44.99,0.0,35.49
841160000A0223,1.45,1.15,0.329,0.529,17.68,1503,46,96.94,94.21,94.34
840160000A1526,2.0,1.6,0.467,0.652,1.32,74,45,39.19,6.76,24.32
841380000S0152,2.2,1.35,0.491,0.67,3.46,1202,272,77.37,66.22,71.13
84069000AI0105,2.35,1.6,0.551,0.537,1.67,353,152,56.94,19.83,40.23
13079000AO0065,2.55,2.0,0.566,0.403,4.74,15725,2419,84.62,61.8,78.9
84050000CH0007,2.0,1.65,0.552,0.482,3.67,4560,804,82.37,63.4,72.76
830790000A0842,2.5,2.1,0.614,0.425,2.05,3037,768,74.71,40.5,51.1
841330000G1440,2.5,1.2,0.366,0.63,1.36,4874,3132,35.74,0.0,26.45
263570000L0130,,,,,,,,,,
840400000E0471,2.3,1.6,0.538,0.553,2.04,948,324,65.82,38.19,50.95
13079000AK0052,2.35,1.85,0.586,0.423,1.63,664,271,59.19,3.61,38.55
84118000AV0143,2.55,1.65,0.558,0.467,1.83,3603,1272,64.7,24.42,45.46
83101000AS0012,2.45,1.9,0.596,0.468,1.72,1247,431,65.44,26.22,42.02
26377000AO0313,2.25,1.35,0.522,0.54,11.92,11907,665,94.42,89.65,91.61
831540000E0003,2.35,2.0,0.545,0.36,3.05,1057,209,80.23,45.13,67.17
841160000D0042,2.2,1.4,0.405,0.794,6.62,4023,428,89.36,86.6,84.89
840190000I0816,2.0,1.4,0.537,0.59,4.14,488,92,81.15,68.03,75.82
070990000E0594,2.05,1.65,0.522,0.582,4.37,603,96,84.08,72.64,77.11
840390000F0192,2.3,1.65,0.575,0.75,2.56,82,24,70.73,60.98,60.98
840720000E0085,2.35,1.45,0.519,0.492,10.72,4459,264,94.08,87.96,90.67
84056000BA0061,2.3,1.4,0.533,0.507,2.44,2811,791,71.86,44.47,59.05
26345000BL0129,2.55,1.4,0.507,0.391,4.48,2511,396,84.23,59.62,77.7
83016000AD0363,2.1,1.95,0.448,0.612,1.68,990,542,45.25,10.51,40.3
830430000H0169,2.05,1.95,0.6,0.506,1.25,401,211,47.38,0.0,19.95
072590000A0035,2.25,1.4,0.422,0.689,2.1,1511,552,63.47,46.99,52.42
263410000A0177,2.3,1.95,0.585,0.602,3.9,460,74,83.91,73.26,74.35
841000000A0106,2.25,1.25,0.449,0.618,3.98,1685,314,81.36,69.85,74.9
072910000B0685,2.5,1.65,0.569,0.484,2.13,2956,837,71.68,41.47,52.98
840300000D1255,2.1,1.2,0.352,0.404,36.2,1086,21,98.07,95.21,97.24
830350000B0766,2.4,2.05,0.635,0.48,1.58,494,203,58.91,14.37,36.84
840530000A0030,2.35,1.2,0.35,0.484,4.13,227,46,79.74,58.15,75.77
830460000F2038,2.65,1.95,0.574,0.434,8.5,6332,391,93.83,85.77,88.23
830460000A0295,2.5,2.0,0.579,0.384,4.9,2490,302,87.87,68.43,79.6
13011000AR0040,2.45,2.0,0.562,0.401,1.8,8412,3251,61.35,3.73,44.46
073080000A1131,2.1,1.6,0.558,0.516,1.44,210,111,47.14,0.0,30.48
840560000B0139,2.15,1.4,0.339,0.682,1.59,2142,1113,48.04,23.86,36.97
84099000AL0064,1.15,1.35,0.261,0.519,56.13,1291,14,98.92,97.91,98.22
841380000A0226,2.25,1.4,0.514,0.508,5.22,4027,514,87.24,74.87,80.85
841060000C1352,2.2,1.4,0.535,0.574,3.09,1222,264,78.4,62.36,67.59
830450000F0164,2.25,1.95,0.559,0.332,2.48,1016,304,70.08,9.84,59.65
831430000E0328,2.25,2.1,0.558,0.309,4.46,3871,545,85.92,54.51,77.6
84090000AH0190,2.5,1.35,0.523,0.445,2.5,1048,337,67.84,27.67,59.92
841330000A0280,2.1,1.35,0.53,0.555,3.06,2299,572,75.12,55.15,67.33
830370000B0074,2.05,2.1,0.569,0.353,3.32,10791,2137,80.2,43.97,69.86
840370000A0249,1.85,1.65,0.495,0.722,1.54,2189,1003,54.18,36.5,34.95
261820000B0503,2.25,1.4,0.537,0.577,3.72,536,105,80.41,66.04,73.13
841220000B1148,2.1,1.35,0.471,0.744,3.33,2332,494,78.82,71.53,69.98
840870000D2176,2.25,1.45,0.424,0.811,6.92,768,77,89.97,87.63,85.55
830270000B0036,2.2,2.05,0.529,0.562,1.9,1080,412,61.85,32.13,47.41
841220000H0576,1.9,1.15,0.373,0.642,21.45,1287,43,96.66,94.79,95.34
841130000B0191,2.35,1.35,0.522,0.449,1.91,1045,436,58.28,7.08,47.75
831340000A1587,2.4,1.95,0.607,0.529,2.83,1139,217,80.95,64.0,64.62
831540000B0094,2.15,2.0,0.576,0.371,1.81,1339,496,62.96,0.07,44.88
26345000AC0046,2.35,1.4,0.419,0.429,7.54,264,27,89.77,76.14,86.74
263570000M0020,2.1,1.4,0.536,0.547,2.96,2409,564,76.59,57.2,66.21
830270000C0563,2.1,2.1,0.607,0.48,1.76,639,221,65.41,28.01,43.04
840490000A0453,2.35,1.45,0.385,0.357,14.52,479,25,94.78,85.39,93.11
84028000AH0004,2.15,1.4,0.535,0.589,3.17,2677,548,79.53,65.22,68.47
26038000ZB0026,2.5,2.0,0.513,0.61,1.39,3508,2086,40.54,2.48,27.96
840720000A0109,2.25,1.65,0.466,0.68,1.38,1617,948,41.37,13.79,27.64
840950000A0033,2.55,1.2,0.311,0.585,8.18,311,31,90.03,82.96,87.78
841460000C0146,1.85,1.4,0.43,0.5,9.54,944,70,92.58,85.17,89.51
840220000B0320,2.3,1.35,0.502,0.522,8.7,4044,318,92.14,84.94,88.5
262750000F0439,2.35,1.4,0.551,0.513,2.57,488,137,71.93,45.29,61.07
840980000A0484,2.25,1.4,0.464,0.476,4.61,549,88,83.97,66.3,78.32
83104000CE0007,2.2,2.15,0.6,0.372,2.5,12669,2665,78.96,43.38,59.98
84041000AC0035,2.5,1.6,0.52,0.395,6.1,4188,452,89.21,72.71,83.62
841340000C0719,2.5,1.4,0.497,0.561,5.06,319,46,85.58,74.29,80.25
84104000AL0201,2.35,1.4,0.498,0.428,5.19,1220,187,84.67,64.18,80.74
07042000AK0153,2.3,1.4,0.526,0.502,3.34,1056,217,79.45,59.09,70.08
07042000AI0115,2.25,1.35,0.524,0.496,2.72,394,117,70.3,40.1,63.2
840390000F1180,2.0,1.4,0.242,0.809,1.99,726,348,52.07,40.77,49.72
070990000F1289,2.25,1.65,0.492,0.568,1.46,1423,791,44.41,2.18,31.69
840490000E0717,2.2,1.65,0.513,0.553,1.53,2269,1130,50.2,9.92,34.64
841000000A0296,2.6,1.25,0.356,0.382,5.75,138,21,84.78,60.14,82.61
84149000AZ0041,2.1,1.4,0.541,0.571,1.83,1640,667,59.33,28.78,45.49
840490000B0064,2.05,1.65,0.541,0.432,2.02,10252,3491,65.95,21.21,50.41
840390000C1426,2.15,1.65,0.571,0.486,1.46,563,276,50.98,0.0,31.62
830910000D0117,2.2,2.05,0.557,0.356,2.21,674,231,65.73,3.86,54.75
830180000B0163,2.05,1.55,0.399,0.733,14.86,208,11,94.71,92.79,93.27
83149000AK0280,2.5,2.05,0.583,0.543,2.32,132,38,71.21,46.97,56.82
840020000B0638,1.95,1.1,0.473,0.506,1.76,150,80,46.67,0.0,43.33
840370000F0591,2.15,1.6,0.549,0.506,1.43,680,346,49.12,0.0,29.85
841330000F1768,2.4,1.35,0.535,0.525,2.85,2211,565,74.45,51.29,64.95
07228000AL0190,1.5,1.65,0.441,0.458,1.54,1054,496,52.94,0.0,35.1
26377000AM0238,1.65,1.15,0.248,0.444,44.59,758,8,98.94,97.63,97.76
261820000B0302,2.35,1.4,0.529,0.463,4.16,4622,784,83.04,63.35,75.96
841260000F1558,2.4,1.4,0.542,0.519,2.7,1770,476,73.11,48.19,62.99
841260000A0312,1.75,1.2,0.295,0.667,79.82,1357,14,98.97,98.45,98.75
841380000N0377,2.45,1.2,0.52,0.462,2.45,805,297,63.11,20.12,59.13
84007000BS0279,2.2,1.3,0.288,0.542,5.42,168,26,84.52,71.43,81.55
840030000H0263,2.25,1.35,0.516,0.502,7.73,5879,499,91.51,83.09,87.06
26345000AY0086,2.35,1.4,0.53,0.528,3.33,1058,226,78.64,59.55,69.94
830320000E0632,2.45,2.0,0.543,0.676,3.08,1567,348,77.79,67.13,67.58
84104000AI0264,2.4,1.4,0.513,0.52,3.93,822,144,82.48,66.3,74.57
83116000AK0033,1.8,1.45,0.499,0.483,1.48,2327,1111,52.26,1.12,32.32
830830000C0701,2.35,2.05,0.583,0.421,1.67,391,138,64.71,16.11,40.15
83019000BS0035,2.25,1.95,0.452,0.54,1.72,201,95,52.74,12.44,41.79
84028000AY0150,1.7,1.3,0.407,0.649,4.15,718,122,83.01,73.82,75.91
830350000A2652,2.2,2.0,0.612,0.487,1.5,1065,455,57.28,12.3,33.15
262750000C0039,2.6,1.1,0.257,0.375,12.88,103,6,94.17,84.47,92.23
84088000CL0144,2.2,1.65,0.568,0.431,1.62,1144,488,57.34,0.96,38.2
070090000A0239,1.6,2.0,0.536,0.532,1.72,373,190,49.06,4.29,41.82
840980000B0341,2.25,1.4,0.537,0.529,2.35,1377,418,69.64,42.63,57.44
261820000G0319,2.15,1.4,0.543,0.499,1.62,1551,761,50.93,1.74,38.43
840700000C0821,2.3,1.65,0.548,0.451,2.39,1366,384,71.89,37.63,58.2
841330000B0373,2.55,1.35,0.528,0.422,1.91,1999,794,60.28,5.85,47.52
263570000B0377,2.5,1.4,0.518,0.481,4.42,574,91,84.15,67.07,77.35
840200000C0253,1.0,1.0,0.281,0.579,41.42,10356,117,98.87,98.05,97.59
13082000AX0128,2.0,1.9,0.578,0.441,1.44,1981,883,55.43,0.0,30.34
840870000G0335,2.0,1.65,0.451,0.72,1.78,12468,5418,56.54,39.62,43.78
840290000C0240,2.25,1.4,0.527,0.539,1.96,2451,941,61.61,28.8,48.92
841330000F0379,2.5,1.35,0.409,0.717,1.8,1738,744,57.19,40.33,44.3
841380000S0220,2.6,1.35,0.494,0.478,2.0,753,303,59.76,15.8,50.07
84012000AD0285,2.15,1.25,0.499,0.503,3.19,345,85,75.36,51.01,68.7
840450000D0170,2.1,1.4,0.541,0.548,1.62,1065,507,52.39,13.05,38.31
072450000D0069,2.45,2.15,0.563,0.391,1.79,345,113,67.25,16.23,44.06
840160000A0788,2.35,1.35,0.468,0.611,5.23,162,22,86.42,77.78,80.86
840720000C0035,2.3,1.5,0.367,0.685,1.25,1029,717,30.32,0.0,19.83
830510000C0296,2.2,1.9,0.509,0.376,7.89,971,70,92.79,80.84,87.33
26377000AY0302,2.4,1.35,0.505,0.514,4.86,1010,144,85.74,72.28,79.41
830910000B0080,2.2,1.95,0.643,0.392,1.96,94,38,59.57,0.0,48.94
26345000BK0181,2.0,1.35,0.482,0.831,2.93,805,211,73.79,68.45,65.84
830270000B0990,2.2,2.0,0.575,0.509,1.61,2564,1052,58.97,19.38,37.75
831080000D0629,2.0,1.3,0.521,0.491,1.71,3577,1778,50.29,0.0,41.38
840960000D0127,1.95,1.4,0.495,0.661,2.95,3500,809,76.89,65.03,66.06
26165000AS0184,2.3,1.4,0.531,0.46,2.68,17280,4525,73.81,43.03,62.64
840510000C0355,2.15,1.3,0.487,0.547,15.05,3568,170,95.24,91.28,93.36
840300000B0563,2.35,1.65,0.51,0.439,6.85,842,79,90.62,78.62,85.39
841300000B0326,2.25,1.25,0.454,0.554,2.25,812,287,64.66,36.21,55.54
261920000B0271,2.3,1.4,0.531,0.48,1.73,1097,510,53.51,3.1,42.3
13079000AD0094,2.4,2.0,0.599,0.557,2.2,558,156,72.04,49.82,54.48
840390000G1428,2.35,1.6,0.562,0.575,3.74,759,138,81.82,68.38,73.25
841500000C0043,2.5,1.4,0.524,0.488,2.66,1532,407,73.43,45.56,62.34
840490000B0017,2.25,1.4,0.415,0.417,10.31,268,20,92.54,82.09,90.3
830260000F0934,2.4,2.15,0.536,0.301,2.97,978,227,76.79,23.01,66.36
13091000BL0007,2.4,2.15,0.573,0.382,1.75,723,231,68.05,16.32,43.02
840390000F0679,2.4,1.45,0.516,0.487,4.03,661,109,83.51,66.11,75.19
841300000B0039,2.35,1.25,0.443,0.467,5.18,632,91,85.6,69.15,80.7
13050000BK0299,2.5,2.0,0.537,0.533,1.98,10032,3422,65.89,36.0,49.49
840450000B0188,2.4,1.4,0.541,0.546,2.72,430,125,70.93,46.74,63.26
262750000F0408,2.05,1.4,0.413,0.82,1.96,1075,434,59.63,50.79,48.93
831540000E0810,2.0,1.75,0.519,0.365,2.21,1275,461,63.84,0.94,54.82
83096000AI0235,1.95,1.25,0.502,0.484,1.83,923,457,50.49,0.0,45.4
13080000BY0077,2.15,2.0,0.587,0.389,1.67,3684,1341,63.6,6.49,40.26
840170000G1169,2.25,1.65,0.488,0.679,4.1,459,93,79.74,70.15,75.6
840170000G0619,2.15,1.65,0.525,0.409,2.31,643,201,68.74,23.64,56.77
830330000B0038,2.0,2.0,0.605,0.511,3.05,993,193,80.56,61.93,67.17
13087000AL0092,2.5,2.0,0.52,0.58,1.48,1362,761,44.13,3.6,32.45
84072000BE0131,2.05,1.65,0.57,0.548,1.62,2016,766,62.0,30.61,38.34
841330000C0288,2.45,1.35,0.461,0.603,1.51,3818,1996,47.72,13.33,33.87
840150000A0681,1.5,1.5,0.316,0.371,125.68,3519,13,99.63,99.01,99.2
840290000A0543,2.1,1.4,0.563,0.61,1.5,180,105,41.67,4.44,33.33
830260000D0139,,,,,,,,,,
840370000A0402,2.3,1.65,0.477,0.562,4.76,157,27,82.8,69.43,78.98
263480000D0507,2.35,1.4,0.527,0.454,2.33,3493,1112,68.16,29.8,57.06
830320000E0198,2.0,1.95,0.59,0.478,1.31,983,473,51.88,0.0,23.7
072340000A0050,2.25,1.95,0.559,0.467,1.83,328,126,61.59,17.68,45.43
830260000D0385,2.25,1.9,0.522,0.389,6.61,1713,135,92.12,79.74,84.88
26113000AO0063,2.25,1.65,0.528,0.617,1.78,3528,1374,61.05,36.88,43.91
840750000E1035,2.3,1.45,0.449,0.64,4.14,4265,775,81.83,71.63,75.83
830580000I0790,2.35,1.9,0.558,0.382,1.85,2821,1063,62.32,1.38,45.98
830180000D0037,2.3,1.95,0.556,0.405,5.48,1759,214,87.83,69.93,81.75
840160000A0123,2.3,1.65,0.577,0.557,2.71,1625,375,76.92,58.58,63.14
840390000E0786,2.0,1.65,0.565,0.499,1.42,1394,684,50.93,1.58,29.56
840300000C0257,2.0,1.65,0.555,0.475,1.57,874,385,55.95,7.32,36.27
26367000AO0042,2.5,1.2,0.334,0.832,18.48,2458,99,95.97,95.16,94.59
841380000D0115,2.25,1.2,0.513,0.54,2.08,650,269,58.62,23.38,52.0
841220000A0587,2.1,1.35,0.52,0.608,5.85,2377,292,87.72,79.81,82.92
13050000CD0208,2.0,2.0,0.601,0.512,1.24,253,130,48.62,0.0,19.37
840390000F0419,,,,,,,,,,
263570000L0160,,,,,,,,,,
840780000B2068,1.9,1.4,0.488,0.375,2.75,66,21,68.18,15.15,63.64
84028000AN0039,2.3,1.2,0.492,0.5,3.89,1004,199,80.18,60.36,74.3
26345000BD0268,2.3,1.4,0.537,0.515,3.0,4619,1090,76.4,54.15,66.66
841500000E0823,2.3,1.4,0.511,0.491,3.13,3435,782,77.23,53.62,68.06
840720000I0030,2.3,1.45,0.51,0.525,3.39,465,104,77.63,57.42,70.54
831000000A0550,1.55,1.65,0.469,0.44,1.54,47515,20717,56.4,0.95,34.89
84046000AD0071,2.4,1.65,0.535,0.386,2.86,507,128,74.75,34.52,65.09
841500000D0447,2.45,1.4,0.497,0.395,3.75,1615,288,82.17,54.8,73.31
26317000AM0021,2.35,1.05,0.335,0.381,43.66,1790,32,98.21,95.31,97.71
840260000B0172,2.5,1.35,0.424,0.55,1.99,1547,649,58.05,23.79,49.64
840490000A0844,2.0,1.4,0.355,0.81,15.0,705,34,95.18,94.04,93.33
830480000B0567,2.5,2.15,0.602,0.347,2.54,8610,1919,77.71,35.84,60.59
841220000A0297,2.2,1.35,0.478,0.68,16.19,5359,234,95.63,93.58,93.82
831400000B1192,,,,,,,,,,
831000000E0611,2.25,1.95,0.602,0.505,1.3,518,258,50.19,1.35,22.97
26345000AP0443,2.15,1.4,0.539,0.52,1.91,1748,682,60.98,25.0,47.6
841160000C0612,2.05,1.4,0.456,0.492,4.31,634,116,81.7,62.78,76.81
840290000B0571,2.2,1.4,0.532,0.547,2.2,894,298,66.67,39.04,54.47
840100000A0104,2.5,1.3,0.325,0.623,1.4,1487,942,36.65,0.0,28.38
840170000C0751,2.5,1.65,0.569,0.519,1.95,1193,377,68.4,39.06,48.78
841000000A0099,2.2,1.05,0.321,0.816,4.1,689,133,80.7,76.34,75.62
07070000AL0090,2.2,1.2,0.24,0.5,28.57,200,6,97.0,94.0,96.5
840170000F1361,1.85,1.1,0.19,0.5,71.29,499,5,99.0,98.0,98.6
26317000AB0033,2.5,1.4,0.445,0.692,1.48,1922,1073,44.17,19.35,32.26
263480000D0885,2.4,1.2,0.546,0.533,1.98,437,188,56.98,19.22,49.43
840960000A0442,,,,,,,,,,
830250000H0095,,,,,,,,,,
841060000A0568,2.15,1.4,0.406,0.724,1.35,1292,781,39.55,16.49,25.85
830940000F0585,2.4,1.95,0.591,0.63,2.29,181,58,67.96,49.17,56.35
841220000B1124,2.4,1.2,0.29,0.682,9.06,154,15,90.26,85.71,88.96
840670000B0105,2.25,1.4,0.345,0.643,1.45,613,376,38.66,4.57,30.83
841330000G0172,2.05,1.35,0.45,0.55,3.54,237,55,76.79,57.81,71.73
84012000AI0079,2.5,1.25,0.529,0.472,1.96,399,175,56.14,7.02,48.87
841220000B0635,2.45,1.35,0.512,0.516,4.49,1274,212,83.36,67.74,77.71
83101000AT0114,2.0,1.75,0.555,0.46,1.47,1446,656,54.63,1.31,31.81
841370000B0224,1.9,1.2,0.427,0.558,9.23,748,58,92.25,86.1,89.17
84028000BD0079,2.05,1.4,0.423,0.655,2.08,500,199,60.2,39.2,52.0
841500000A0193,2.5,1.4,0.517,0.516,1.65,688,333,51.6,6.25,39.24
840570000B0183,2.05,1.45,0.484,0.496,38.83,11339,179,98.42,96.82,97.42
830750000A0431,2.15,2.05,0.535,0.413,1.85,133,50,62.41,9.02,45.86
261800000C0358,2.4,1.4,0.421,0.67,2.95,2035,503,75.28,63.1,66.04
831000000F0844,1.9,1.5,0.512,0.5,1.43,1088,533,51.01,1.93,29.96
830970000E0031,2.55,2.05,0.548,0.473,1.78,2398,905,62.26,20.18,43.95
830830000B0266,2.25,2.15,0.582,0.512,5.6,1569,132,91.59,83.56,82.15
07042000AI0031,2.15,1.4,0.357,0.639,1.77,475,212,55.37,30.11,43.37
071520000A1484,1.75,1.1,0.444,0.575,1.38,162,96,40.74,0.0,27.78
840870000I0304,2.15,1.6,0.46,0.637,4.86,573,79,86.21,78.36,79.41
26317000AE0057,2.4,1.4,0.51,0.408,1.86,3976,1412,64.49,12.95,46.33
26345000AK0225,2.3,1.4,0.533,0.487,2.6,1127,321,71.52,41.53,61.58
83019000BX0414,2.4,2.0,0.546,0.521,1.72,1437,616,57.13,17.68,41.89
84041000AI0105,2.45,1.55,0.514,0.438,2.63,452,123,72.79,37.83,61.95
840910000D0225,2.35,1.35,0.344,0.654,1.27,305,206,32.46,0.0,20.98
84137000AB0044,2.15,1.4,0.535,0.545,2.23,3201,1026,67.95,41.24,55.2
83097000AN0342,2.0,1.95,0.62,0.487,1.32,470,225,52.13,1.7,24.04
840140000C0241,2.05,1.35,0.435,0.443,3.88,407,86,78.87,52.33,74.2
84091000AI0092,2.0,1.0,0.278,0.731,14.74,1120,49,95.62,94.02,93.21
26054000AE0010,2.5,1.35,0.477,0.443,9.45,1238,93,92.49,83.04,89.42
830940000F1298,2.0,1.5,0.541,0.456,1.61,9771,4438,54.58,0.33,37.93
840390000A0152,2.15,1.65,0.561,0.547,1.66,1357,534,60.65,28.08,39.72
84129000BI0004,2.15,1.6,0.55,0.531,1.78,780,302,61.28,27.05,43.85
840750000F0481,2.3,1.45,0.446,0.531,18.07,2584,94,96.36,93.15,94.47
84106000AC0028,2.1,1.4,0.42,0.76,3.48,4100,879,78.56,71.78,71.24
262110000C0495,2.35,1.65,0.522,0.662,2.54,1126,317,71.85,57.46,60.66
840200000D0013,2.5,1.35,0.401,0.65,1.8,2952,1288,56.37,32.83,44.58
840390000B1292,2.0,1.45,0.542,0.541,1.43,1528,792,48.17,4.19,30.3
840300000E0500,2.15,1.65,0.407,0.689,1.34,343,217,36.73,8.16,25.36
840370000H0452,2.0,1.65,0.565,0.49,1.42,12035,5601,53.46,4.95,29.46
13110000AY0023,2.45,2.05,0.503,0.381,6.18,439,37,91.57,77.9,83.83
841260000A0166,2.15,1.4,0.374,0.693,1.59,2084,1079,48.22,25.34,37.19
830490000F0772,2.55,1.95,0.603,0.49,4.58,1982,226,88.6,76.74,78.15
830570000D0062,2.45,2.0,0.444,0.467,9.62,375,21,94.4,88.0,89.6
840950000B1283,2.5,1.3,0.362,0.636,7.87,7018,700,90.03,84.33,87.29
840300000A0115,2.05,1.65,0.57,0.526,1.57,639,285,55.4,15.18,36.46
840390000D0339,2.25,1.45,0.47,0.476,5.31,441,59,86.62,71.88,81.18
840290000C0321,2.45,1.15,0.446,0.511,10.8,1318,97,92.64,85.58,90.74
263220000B0720,2.4,1.4,0.496,0.606,3.75,214,43,79.91,66.82,73.36
07264000AD0160,1.85,1.4,0.44,0.578,8.18,924,74,91.99,86.15,87.77
830500000H0306,2.25,2.0,0.514,0.416,9.91,1150,67,94.17,86.0,89.91
841500000D0237,2.5,1.4,0.528,0.498,2.35,487,162,66.74,33.26,57.49
840370000E1026,1.95,1.05,0.408,0.719,1.32,159,110,30.82,3.77,24.53
831350000G0723,2.5,1.95,0.54,0.387,5.82,1670,177,89.4,72.63,82.81
841460000E0189,2.35,1.4,0.535,0.484,2.32,2989,974,67.41,32.69,56.81
84031000AH0201,2.15,1.6,0.564,0.506,1.54,1013,466,54.0,9.08,35.24
840870000L0835,2.1,1.65,0.422,0.7,2.86,3045,832,72.68,60.99,65.09
840490000E1129,2.0,1.35,0.367,0.72,1.24,362,250,30.94,4.14,19.34
83123000AD0665,2.0,2.0,0.609,0.498,1.37,768,384,50.0,0.0,27.21
130800000E0180,2.35,2.05,0.514,0.319,16.35,5215,188,96.4,88.69,93.88
830310000F1556,2.15,2.1,0.599,0.477,1.42,811,321,60.42,17.02,29.72
831080000E0234,2.05,1.65,0.564,0.496,1.35,1672,822,50.84,0.84,25.78
07143000AH0008,2.15,1.95,0.547,0.429,2.84,709,154,78.28,49.37,64.74
841460000A0033,2.25,1.35,0.53,0.537,2.33,1436,462,67.83,40.11,57.17
84029000AV0148,2.5,1.4,0.53,0.486,2.88,409,101,75.31,49.14,65.28
841220000B0607,2.2,1.1,0.224,0.817,13.23,1045,58,94.45,93.21,92.44
073450000A0127,1.75,1.25,0.458,0.537,1.48,430,231,46.28,0.0,32.33
26220000AH0352,2.1,1.2,0.515,0.597,2.63,688,234,65.99,43.02,61.92
263480000E0509,2.0,1.4,0.523,0.617,3.31,1561,332,78.73,65.53,69.76
840390000E0611,2.1,1.65,0.548,0.533,3.53,589,97,83.53,69.1,71.65
83136000AY0118,2.05,2.0,0.504,0.611,13.29,505,22,95.64,92.87,92.48
841260000E0554,2.4,1.4,0.534,0.475,1.82,1659,671,59.55,14.77,45.15
840980000B0072,2.3,1.4,0.529,0.525,2.49,346,107,69.08,41.04,59.83
84007000BS0206,2.0,1.4,0.53,0.507,1.54,2504,1255,49.88,1.24,35.14
84081000BM0163,2.05,1.15,0.369,0.759,6.88,165,22,86.67,82.42,85.45
840490000E0177,1.95,1.5,0.505,0.593,3.91,336,67,80.06,66.37,74.4
841260000F0058,2.25,1.4,0.336,0.696,1.37,1403,869,38.06,10.98,26.8
830910000D0115,2.5,1.95,0.56,0.514,2.59,5009,1203,75.98,53.26,61.45
831150000C0515,1.85,1.65,0.515,0.441,1.55,134324,59237,55.9,0.0,35.28
840960000F0628,1.95,1.4,0.472,0.483,9.79,2711,195,92.81,85.1,89.78
13110000AR0071,2.45,2.15,0.589,0.472,1.59,4249,1600,62.34,20.19,36.93
830450000G0232,2.0,2.0,0.577,0.598,4.09,794,104,86.9,78.09,75.57
261820000A0529,2.65,1.4,0.507,0.406,5.6,2145,261,87.83,70.02,82.14
841380000K0296,,,,,,,,,,
84028000BC0149,,,,,,,,,,
840960000C0051,2.3,1.15,0.367,0.567,7.63,351,34,90.31,82.91,86.89
83063000AV0205,2.35,2.05,0.61,0.43,1.5,2519,968,61.57,10.64,33.23
830690000E0058,2.4,1.6,0.492,0.6,1.36,8519,5056,40.65,1.08,26.34
263220000A0898,2.5,1.4,0.541,0.475,2.45,2670,791,70.37,37.6,59.25
84072000CL0047,2.45,1.65,0.57,0.461,1.61,382,165,56.81,6.28,37.7
830350000E1581,2.45,1.8,0.467,0.441,5.05,222,30,86.49,69.37,80.18
831250000D0817,1.95,1.85,0.573,0.482,1.33,1413,666,52.87,2.12,24.56
261880000D0428,2.3,1.4,0.345,0.629,1.48,860,479,44.3,11.51,32.33
261800000C0071,2.3,1.4,0.389,0.759,2.2,896,303,66.18,55.47,54.58
07279000AR0018,2.0,1.65,0.566,0.514,1.37,2900,1425,50.86,4.45,26.9
26345000BH0026,2.4,1.4,0.424,0.682,1.99,1093,441,59.65,40.81,49.86
26317000AE0286,2.35,1.4,0.46,0.692,2.34,2835,865,69.49,55.91,57.21
26234000AC0285,2.15,1.65,0.537,0.473,9.13,6029,401,93.35,85.93,89.05
840300000D0834,2.15,1.45,0.416,0.735,1.53,242,133,45.04,25.21,34.71
840870000B0036,2.0,1.65,0.456,0.804,4.37,10555,1673,84.15,80.28,77.13
841260000A0292,2.25,1.4,0.382,0.754,1.6,1638,824,49.69,33.27,37.67
073450000D0816,2.1,1.45,0.509,0.601,1.31,233,155,33.48,0.0,23.61
830670000D1398,2.0,1.85,0.595,0.484,1.31,924,465,49.68,0.0,23.81
262330000A0110,2.35,1.35,0.377,0.525,6.79,265,32,87.92,76.98,85.28
840960000B0770,2.1,1.35,0.36,0.866,2.16,341,123,63.93,58.36,53.67
840420000E1066,2.6,1.35,0.52,0.47,7.45,3466,329,90.51,79.8,86.58
830570000B0091,2.45,2.0,0.624,0.514,2.73,1001,220,78.02,57.24,63.34
840370000C1099,2.0,1.6,0.431,0.796,2.28,1538,508,66.97,58.52,56.11
840370000D0856,2.6,1.65,0.577,0.459,1.36,4657,2108,54.73,1.48,26.67
83047000BL0023,1.85,1.95,0.582,0.477,1.46,521,246,52.78,0.96,31.67
83096000AC0020,2.4,1.8,0.417,0.615,1.43,536,322,39.93,2.24,30.04
840560000A0132,2.1,1.4,0.552,0.568,2.37,2541,747,70.6,48.21,57.81
83023000AD0302,2.5,2.0,0.552,0.457,13.11,2661,107,95.98,91.21,92.37
830570000E0432,2.25,2.15,0.571,0.327,2.09,8848,2584,70.8,10.56,52.11
13050000AT0094,2.25,2.0,0.605,0.496,4.07,7255,896,87.65,75.08,75.44
830310000H0590,2.4,2.0,0.587,0.39,1.98,1421,452,68.19,18.37,49.61
840610000B0265,2.3,1.35,0.497,0.569,5.59,626,78,87.54,78.12,82.11
841060000C1179,2.35,1.4,0.545,0.48,1.82,1706,696,59.2,15.06,45.08
26377000AO0118,1.9,1.2,0.405,0.581,21.02,1198,36,96.99,94.82,95.24
840170000F1847,2.55,1.6,0.557,0.504,2.7,224,58,74.11,48.66,62.95
26220000AK0005,2.35,1.2,0.457,0.498,8.79,5020,422,91.59,83.13,88.63
840840000C0857,2.4,1.35,0.481,0.502,2.81,446,132,70.4,41.03,64.35
840940000E0149,2.4,1.4,0.518,0.528,2.49,908,283,68.83,40.97,59.8
830730000E0071,2.5,2.0,0.462,0.624,1.46,655,386,41.07,5.5,31.3
840200000D0006,2.2,1.35,0.531,0.444,1.94,1630,664,59.26,8.28,48.34
26038000ZB0185,2.0,1.6,0.555,0.532,1.36,810,435,46.3,0.0,26.42
83097000AR0037,2.6,2.05,0.615,0.468,1.85,806,241,70.1,36.1,45.91
830670000C0712,2.6,2.0,0.575,0.414,2.02,1750,627,64.17,13.54,50.51
070700000B0249,1.6,1.45,0.233,0.312,21.55,237,5,97.89,93.25,95.36
830560000C0577,1.95,1.5,0.542,0.501,1.48,1162,593,48.97,0.0,32.53
83107000AR0041,2.3,2.1,0.554,0.606,3.27,1587,322,79.71,66.54,69.38
841380000I0132,2.25,1.4,0.512,0.55,2.51,1430,433,69.72,44.97,60.21
840490000E0677,1.8,1.45,0.409,0.583,13.22,1533,56,96.35,93.74,92.43
260990000A0632,2.3,1.65,0.432,0.611,1.63,2397,1301,45.72,11.1,38.63
830350000B0631,2.65,2.15,0.616,0.394,1.89,328,99,69.82,23.48,46.95
840370000B0434,1.8,1.65,0.486,0.697,2.57,594,145,75.59,64.98,61.11
830450000B0137,2.3,2.0,0.598,0.517,1.83,1031,316,69.35,40.74,45.39
13035000BD0099,2.5,1.95,0.532,0.289,11.98,5548,301,94.57,81.25,91.65
830640000A0372,2.35,1.95,0.575,0.377,1.72,2582,974,62.28,0.0,41.83
26345000AY0137,2.1,1.4,0.536,0.472,1.64,1166,527,54.8,4.2,39.11
830310000E0102,2.35,1.7,0.372,0.317,14.21,554,19,96.57,89.17,92.96
83148000BR0035,2.25,2.0,0.516,0.382,8.4,1218,73,94.01,84.32,88.1
841360000B0188,2.0,1.35,0.524,0.547,1.72,488,226,53.69,15.37,42.01
26054000AL0091,2.3,1.4,0.385,0.691,1.25,5221,3420,34.5,5.23,19.75
830430000H0179,2.1,1.9,0.576,0.561,1.62,512,212,58.59,26.17,38.28
830420000A0810,2.4,2.05,0.509,0.545,1.77,2040,828,59.41,25.54,43.58
070150000A0097,1.65,2.0,0.525,0.445,1.77,335,153,54.33,0.0,43.58
84118000BC0224,2.5,1.65,0.557,0.422,2.33,1760,463,73.69,37.73,57.16
840960000E0070,2.3,1.35,0.419,0.5,8.65,346,23,93.35,86.71,88.44
13050000BX0172,2.5,2.05,0.574,0.431,4.22,1560,190,87.82,71.73,76.28
840960000B1155,2.3,1.4,0.463,0.607,4.76,2069,313,84.87,75.06,78.98
840870000G0847,,,,,,,,,,
841500000G0339,1.2,1.05,0.284,0.598,22.93,2614,73,97.21,95.33,95.64
830460000F1235,2.4,2.1,0.589,0.448,5.12,2679,268,90.0,77.68,80.48
841220000A0493,2.0,1.35,0.51,0.589,4.37,2388,364,84.76,74.12,77.14
840610000B0164,2.25,1.4,0.532,0.535,1.73,2900,1242,57.17,20.0,42.07
831340000A0386,2.25,2.05,0.562,0.565,1.47,1746,881,49.54,10.71,31.96
841160000A0275,1.9,1.15,0.417,0.679,10.64,809,55,93.2,89.99,90.61
840220000D0159,2.25,1.4,0.426,0.63,2.37,884,279,68.44,49.89,57.81
830750000A0031,2.4,2.0,0.516,0.708,2.27,1460,512,64.93,50.48,55.89
830860000E1262,,,,,,,,,,
841380000F0232,1.35,1.25,0.307,0.596,72.91,3208,31,99.03,98.38,98.63
84028000AH0254,2.1,1.4,0.469,0.429,7.0,1511,156,89.68,75.91,85.7
262330000B0248,2.0,1.4,0.539,0.578,2.26,554,192,65.34,40.07,55.78
07279000AL0338,2.35,1.5,0.466,0.311,11.1,2031,129,93.65,79.57,90.99
830180000D0485,2.35,2.1,0.61,0.424,1.66,647,238,63.21,13.29,39.72
841500000E0384,2.15,1.4,0.526,0.511,3.34,7027,1402,80.05,60.96,70.04
26367000AN0075,2.25,1.4,0.511,0.498,4.77,1547,244,84.23,68.33,79.06
840290000D0579,1.4,0.8,0.138,0.667,974.56,8771,8,99.91,99.86,99.9
830920000D1052,2.55,2.1,0.521,0.439,1.66,832,364,56.25,0.36,39.66
840160000A0664,,,,,,,,,,
830320000B0834,2.35,2.0,0.616,0.485,2.05,1686,438,74.02,46.38,51.19
830250000L0155,2.45,2.0,0.597,0.454,3.84,6156,784,87.26,71.96,73.98
840490000B0178,2.25,1.65,0.541,0.424,2.45,4005,1089,72.81,35.88,59.18
840960000C0736,,,,,,,,,,
830530000A2773,2.2,2.0,0.583,0.428,2.08,4057,1307,67.78,24.72,51.84
263570000T0106,2.4,1.4,0.533,0.494,1.72,1052,458,56.46,11.79,41.73
840960000B0401,2.3,1.4,0.398,0.763,2.84,1617,426,73.65,65.49,64.81
841380000K0378,2.45,1.4,0.54,0.463,1.73,7493,3182,57.53,8.3,42.12
840200000B0444,2.45,1.3,0.387,0.66,9.76,1767,138,92.19,88.17,89.76
840290000A1124,,,,,,,,,,
13087000AH0086,2.15,1.95,0.587,0.471,1.39,463,221,52.27,0.0,28.08
841160000A1000,2.55,1.4,0.517,0.502,3.71,886,165,81.38,62.87,73.02
840170000D0081,2.15,1.65,0.568,0.499,1.44,1104,551,50.09,0.0,30.53
840440000D0613,2.35,1.45,0.496,0.478,10.79,1781,107,93.99,87.42,90.74
071260000I0079,2.15,1.45,0.411,0.633,13.67,1545,76,95.08,92.23,92.69
841500000H1068,2.3,1.4,0.379,0.774,2.32,2634,839,68.15,58.85,56.95
831340000D0299,2.4,1.6,0.537,0.473,1.62,420,198,52.86,0.24,38.33
26348000AR0005,2.45,1.35,0.451,0.455,14.39,1180,51,95.68,90.51,93.05
830330000C1820,2.3,2.15,0.578,0.531,1.52,311,128,58.84,22.51,34.41
84024000AL0123,2.2,1.35,0.523,0.526,2.81,2656,679,74.44,51.43,64.38
841220000A0204,2.4,1.35,0.489,0.573,23.59,4601,130,97.17,95.07,95.76
070130000B0284,2.0,2.0,0.587,0.545,2.46,852,247,71.01,46.83,59.39
130800000A0037,2.2,2.0,0.437,0.372,13.21,370,16,95.68,88.38,92.43
84028000AO0110,2.2,1.1,0.301,0.813,13.21,2232,148,93.37,91.85,92.43
830580000F1076,2.2,1.85,0.416,0.457,19.71,473,16,96.62,92.6,94.93
261820000D0039,2.5,1.4,0.443,0.652,1.87,6286,2713,56.84,33.85,46.48
841260000F0253,2.4,1.4,0.447,0.432,11.07,897,54,93.98,86.06,90.97
841170000C1024,2.15,1.4,0.36,0.75,1.46,593,339,42.83,23.78,31.53
840570000D0163,1.95,1.5,0.517,0.462,1.6,698,321,54.01,0.43,37.39
840170000D1859,2.25,1.65,0.441,0.803,1.6,444,212,52.25,40.54,37.39
840960000C0427,2.1,1.3,0.321,0.6,9.6,288,21,92.71,87.85,89.58
831000000D1200,1.6,1.85,0.377,0.667,6.0,78,10,87.18,80.77,83.33
83130000CA0021,1.95,1.75,0.539,0.492,1.41,357,178,50.14,0.0,28.85
840300000C0384,2.5,1.65,0.565,0.433,1.74,4756,1730,63.62,16.08,42.51
841380000S0083,2.45,1.2,0.431,0.419,16.62,2410,106,95.6,89.5,93.98
830350000C1280,2.05,2.0,0.614,0.521,1.45,618,271,56.15,15.86,31.07
840960000G0121,2.05,1.4,0.537,0.541,1.85,4682,1801,61.53,28.94,46.07
07056000AE0396,2.45,2.1,0.592,0.354,1.84,2685,920,65.74,3.2,45.66
840390000G0542,2.15,1.65,0.561,0.624,3.02,674,156,76.85,62.91,66.91
830320000C0484,2.5,0.9,0.21,1.0,77.63,2329,26,98.88,98.88,98.71
841380000K0021,2.45,1.35,0.509,0.398,2.94,3837,962,74.93,37.01,66.04
261800000C0325,2.1,1.4,0.508,0.453,1.99,690,262,62.03,16.09,49.86
841360000A0040,,,,,,,,,,
840390000D0723,2.1,1.65,0.45,0.662,2.54,2448,795,67.52,50.94,60.7
073170000B0067,2.35,1.9,0.441,0.661,1.25,488,327,32.99,0.0,20.29
83112000DS0025,2.3,2.1,0.602,0.429,1.53,629,273,56.6,0.0,34.66
830850000C0071,2.5,1.95,0.52,0.761,5.52,1358,159,88.29,84.61,81.89
26345000AN0109,2.2,1.4,0.378,0.706,1.48,1190,642,46.05,23.61,32.52
831080000E0263,1.95,1.45,0.524,0.471,1.54,3611,1700,52.92,0.03,34.87
13050000BW0201,2.5,2.05,0.538,0.712,8.37,2001,158,92.1,88.91,88.06
13095000AM0298,2.1,0.8,0.253,0.355,355.25,4263,11,99.74,99.27,99.72
840870000L0692,2.0,1.65,0.443,0.687,1.64,2296,1110,51.66,29.62,39.16
83097000AL0091,2.5,2.0,0.587,0.42,1.48,2632,1121,57.41,0.0,32.33
840770000C0582,2.2,1.65,0.558,0.507,1.78,2559,923,63.93,28.88,43.88
84137000AY0087,2.5,1.4,0.5,0.57,1.56,131,69,47.33,7.63,35.88
840490000E0036,1.7,1.4,0.239,0.636,57.0,627,7,98.88,98.25,98.25
263570000H0430,2.15,1.4,0.548,0.524,1.66,1665,743,55.38,14.77,39.7
841260000F0974,2.0,1.35,0.437,0.597,8.49,518,43,91.7,86.1,88.22
83149000AK0661,2.25,2.15,0.61,0.508,2.35,519,134,74.18,49.13,57.42
840680000A0262,2.4,1.35,0.488,0.444,4.51,1852,300,83.8,63.5,77.81
26377000AM0172,2.0,1.15,0.467,0.66,7.3,1211,140,88.44,82.49,86.29
84102000AB0115,1.3,1.15,0.299,0.6,73.03,7376,57,99.23,98.71,98.63
26220000AH0116,2.25,1.4,0.53,0.558,1.7,709,318,55.15,19.61,41.04
26377000AY0244,2.5,1.35,0.426,0.619,2.42,3210,972,69.72,51.06,58.66
840370000E0247,2.15,1.45,0.448,0.534,7.4,1184,111,90.62,82.43,86.49
84031000AE0236,2.2,1.25,0.493,0.577,2.35,3036,1020,66.4,41.8,57.51
830950000E0039,,,,,,,,,,
830390000D0145,2.3,2.05,0.549,0.313,4.29,1230,225,81.71,41.63,76.67
26324000ZB0081,2.0,1.65,0.573,0.55,1.23,3027,1611,46.78,3.2,18.73
13050000BC0244,2.25,1.85,0.58,0.509,1.48,124,59,52.42,6.45,32.26
830510000C0229,1.8,1.55,0.492,0.457,1.55,7294,3285,54.96,1.45,35.37
262750000F0346,2.15,1.4,0.521,0.496,2.01,1517,557,63.28,26.04,50.36
07143000AK0392,2.1,0.95,0.269,0.623,1.45,387,236,39.02,2.07,31.27
830940000A0207,2.1,2.05,0.539,0.474,2.74,285,63,77.89,53.33,63.51
84137000AN0014,2.45,1.4,0.519,0.478,3.42,2285,508,77.77,53.52,70.77
831340000B0546,2.55,2.15,0.601,0.403,1.83,1624,497,69.4,24.14,45.38
840870000K0809,,,,,,,,,,
263570000X0023,2.1,1.4,0.387,0.729,4.51,2009,314,84.37,78.55,77.85
841470000C0925,2.4,1.35,0.519,0.501,4.68,1638,249,84.8,69.66,78.63
840960000B0533,2.05,1.4,0.392,0.841,3.81,1360,254,81.32,77.79,73.75
26367000AE0065,2.25,1.35,0.46,0.569,3.97,532,111,79.14,63.35,74.81
840840000C0828,2.15,1.35,0.493,0.448,8.51,3241,282,91.3,80.56,88.24
83097000AB0024,1.95,1.7,0.559,0.469,1.42,1390,667,52.01,0.0,29.78
262750000C0589,2.5,1.4,0.538,0.468,2.19,1238,412,66.72,28.92,54.28
26377000AO0069,1.55,1.05,0.323,0.547,45.23,3799,58,98.47,97.21,97.79
841360000B0975,2.05,1.35,0.499,0.749,3.6,1172,230,80.38,73.81,72.18
840390000G1706,2.25,1.6,0.436,0.738,5.07,949,121,87.25,82.72,80.3
830680000D0483,2.4,1.55,0.436,0.583,1.35,2280,1343,41.1,0.0,25.88
070890000C0986,2.05,1.95,0.518,0.389,7.94,659,56,91.5,78.15,87.41
830320000A0428,2.0,2.1,0.578,0.546,6.76,2807,215,92.34,85.96,85.22
073430000E1739,2.3,1.65,0.556,0.491,1.82,289,109,62.28,23.18,44.98
261820000E0206,2.35,1.4,0.515,0.451,3.93,4109,815,80.17,56.02,74.54
263570000H0410,2.25,1.4,0.506,0.468,3.1,1244,278,77.65,52.25,67.77
841090000B0139,,,,,,,,,,
830310000F0271,2.1,2.1,0.591,0.432,2.47,2654,663,75.02,42.13,59.5
840950000B1528,2.5,1.35,0.378,0.645,2.08,2831,1074,62.06,41.15,51.96
840570000D0169,2.4,1.6,0.448,0.707,1.79,463,212,54.21,35.21,44.06
263570000I0282,2.25,1.4,0.521,0.558,2.86,517,135,73.89,53.19,64.99
840840000D0314,2.25,1.35,0.527,0.503,2.99,6547,1547,76.37,53.03,66.5
830490000A0712,2.2,2.0,0.609,0.482,1.39,1728,761,55.96,8.68,27.89
840370000E0222,1.25,1.2,0.283,0.52,43.53,2046,26,98.73,97.56,97.7
84012000AI0011,2.1,1.25,0.529,0.556,1.87,2180,949,56.47,21.74,46.61
072590000A0215,,,,,,,,,,
841260000A0393,2.3,1.4,0.48,0.571,5.81,273,32,88.28,79.49,82.78
831540000E1656,,,,,,,,,,
830910000A0720,1.95,1.2,0.515,0.538,1.63,962,520,45.95,0.0,38.67
830430000H0569,2.3,1.9,0.574,0.41,1.64,1293,514,60.25,3.09,38.9
840450000D0207,2.55,1.4,0.47,0.468,2.54,1300,400,69.23,34.23,60.69
13110000AW0052,2.0,2.1,0.603,0.493,1.43,1337,582,56.47,11.67,30.14
83119000BK0071,2.5,2.1,0.595,0.354,2.59,1608,378,76.49,33.64,61.44
831410000A0157,2.3,2.0,0.565,0.58,7.87,1858,123,93.38,88.59,87.3
830920000A0481,1.95,1.9,0.58,0.46,1.34,1653,767,53.6,0.0,25.41
261790000B0374,2.5,2.1,0.44,0.267,5.14,144,23,84.03,40.28,80.56
83042000AA0013,2.4,1.7,0.485,0.512,1.52,1723,894,48.11,0.0,34.18
830640000C0762,2.0,1.6,0.551,0.502,1.42,1683,834,50.45,1.19,29.41
830330000C1911,2.0,2.0,0.597,0.478,1.31,972,462,52.47,0.62,23.46
840450000C0282,2.5,1.35,0.359,0.789,2.65,908,270,70.26,62.33,62.22
841360000C0830,2.2,1.05,0.313,0.68,6.88,289,34,88.24,82.7,85.47
830300000A0779,2.1,1.7,0.434,0.373,48.26,1689,22,98.7,96.51,97.93
841360000A0101,2.5,1.15,0.359,0.654,4.78,277,51,81.59,71.84,79.06
261820000G0307,2.4,1.15,0.311,0.693,1.62,358,194,45.81,21.79,38.27
84149000AZ0015,2.0,1.4,0.455,0.688,1.34,2857,1693,40.74,13.83,25.48
26250000ZC0172,1.95,1.9,0.575,0.462,1.32,1293,620,52.05,0.0,24.44
840390000H1191,2.3,1.65,0.595,0.488,1.37,288,140,51.39,0.35,27.08
072680000B0099,2.35,1.35,0.522,0.451,2.32,723,250,65.42,23.37,56.85
84090000AI0020,2.1,1.35,0.53,0.468,1.83,1391,640,53.99,1.73,45.22
261100000B0957,1.9,1.35,0.481,0.504,1.51,110,60,45.45,0.0,33.64
840390000G0322,2.35,1.65,0.575,0.472,2.3,801,240,70.04,36.45,56.43
841260000F1201,2.3,1.35,0.486,0.583,17.26,1588,63,96.03,93.2,94.21
07059000ZA0020,2.0,1.7,0.571,0.524,1.27,176,97,44.89,0.0,21.02
841300000A0374,2.65,1.25,0.469,0.387,5.56,1484,214,85.58,62.74,82.01
26345000AZ0194,2.4,1.4,0.551,0.484,1.7,3828,1578,58.78,14.81,41.33
830500000G2743,2.35,2.05,0.566,0.421,6.23,1930,154,92.02,81.04,83.94
840960000B0132,2.25,1.2,0.346,0.828,6.3,208,24,88.46,86.06,84.13
830320000B1733,2.45,1.95,0.562,0.335,7.9,6941,466,93.29,79.96,87.34
840170000E0979,1.9,1.55,0.42,0.451,27.71,1884,37,98.04,95.65,96.39
83068000BI0018,2.05,2.05,0.596,0.45,2.26,4640,1185,74.46,43.25,55.67
831080000E0338,2.5,2.0,0.553,0.584,1.49,4712,2175,53.84,20.99,33.06
841150000C0265,2.25,1.65,0.482,0.609,1.62,362,193,46.69,12.43,38.4
841480000E0907,,,,,,,,,,
841090000C0313,2.1,1.45,0.514,0.534,4.0,2194,386,82.41,67.05,75.02
07264000AC0086,2.25,1.35,0.497,0.608,1.32,1221,756,38.08,0.0,24.0
830570000F0095,2.45,2.15,0.549,0.599,4.69,845,112,86.75,77.87,78.7
841500000E0829,2.3,1.4,0.526,0.499,2.62,2409,665,72.4,44.62,61.77
841130000B0861,1.15,1.05,0.253,0.529,45.86,1651,18,98.91,97.94,97.82
072450000D0566,1.4,1.7,0.462,0.531,1.49,869,452,47.99,2.07,32.68
84118000AH0093,1.95,1.65,0.551,0.482,1.65,435,189,56.55,9.89,39.54
840140000B0187,2.35,1.35,0.537,0.461,2.43,1077,353,67.22,28.88,58.77
830320000A0321,2.5,2.15,0.545,0.497,3.3,575,87,84.87,69.57,69.74
840160000C0204,2.2,1.6,0.427,0.712,1.69,2913,1295,55.54,37.56,40.92
13037000AP0092,2.5,2.15,0.611,0.405,1.44,1286,492,61.74,5.44,30.4
07264000AB0048,2.05,1.4,0.539,0.549,2.08,2122,720,66.07,38.22,52.03
840770000B0659,2.05,1.45,0.483,0.483,5.64,1364,170,87.54,74.19,82.26
830490000C0598,2.4,2.0,0.599,0.475,1.38,1825,804,55.95,7.34,27.67
072340000A0766,2.0,1.3,0.535,0.515,1.61,505,265,47.52,0.0,37.82
13050000BO0074,2.45,2.05,0.6,0.388,1.95,7821,2256,71.15,25.75,48.73
26377000AL0668,1.45,1.3,0.387,0.614,20.06,3912,108,97.24,95.5,95.02
83112000CV0014,1.85,1.55,0.453,0.441,40.13,7866,113,98.56,96.75,97.51
84102000BZ0039,2.55,1.65,0.542,0.392,3.05,2396,520,78.3,44.66,67.2
84127000AD0043,2.25,1.4,0.511,0.538,5.49,2541,301,88.15,78.0,81.78
840780000D0773,2.5,1.4,0.51,0.375,2.72,11287,2985,73.55,29.47,63.25
84028000BC0235,1.9,1.4,0.497,0.567,9.75,3852,221,94.26,89.88,89.75
070700000A0163,1.7,1.55,0.473,0.493,1.46,539,264,51.02,0.74,31.73
831080000E0057,2.45,2.1,0.609,0.418,1.38,1192,485,59.31,2.6,27.43
84028000AS0112,2.3,1.4,0.526,0.567,7.5,4673,401,91.42,84.87,86.67
830040000F0335,2.5,1.65,0.419,0.278,23.15,787,20,97.46,90.85,95.68
841060000A0496,2.4,1.35,0.502,0.537,3.84,1239,233,81.19,64.97,73.93
830910000A0329,2.1,1.95,0.599,0.517,1.32,2382,1058,55.58,14.15,24.1
830720000F0775,2.35,2.1,0.607,0.468,2.04,1063,285,73.19,42.71,50.99
130910000A0234,2.05,1.95,0.588,0.48,3.7,6047,921,84.77,68.25,72.99
841380000D0320,2.35,1.4,0.436,0.778,3.22,5249,1172,77.67,71.31,68.95
261880000C1806,2.25,1.4,0.341,0.708,1.36,328,206,37.2,11.28,26.52
84036000AX0197,2.0,1.4,0.528,0.522,1.83,2092,898,57.07,17.73,45.32
263570000I0012,2.15,1.4,0.491,0.602,1.57,2394,1198,49.96,16.88,36.34
84012000AS0396,2.25,1.35,0.523,0.604,4.68,1231,183,85.13,75.39,78.64
26377000AS0191,2.45,1.1,0.419,0.493,30.37,2521,66,97.38,94.68,96.71
830850000B0254,2.4,2.05,0.58,0.432,2.27,484,124,74.38,40.7,55.99
841220000A0462,2.25,1.15,0.451,0.568,9.39,789,67,91.51,85.04,89.35
071690000B0474,2.5,1.9,0.564,0.464,2.93,471,108,77.07,50.53,65.82
840370000F0173,2.4,1.6,0.566,0.489,2.01,312,115,63.14,24.68,50.32
840170000D0251,2.4,1.65,0.578,0.532,2.09,822,234,71.53,46.47,52.07
831250000C0138,2.1,2.0,0.618,0.52,1.19,537,267,50.28,4.47,16.2
071260000B0271,2.5,1.65,0.549,0.411,2.67,3138,760,75.78,41.05,62.52
84127000AX0102,2.3,1.4,0.54,0.542,1.68,3614,1583,56.2,19.12,40.56
840100000B0007,1.7,1.15,0.394,0.616,17.8,1673,69,95.88,93.31,94.38
841060000B1063,2.2,1.4,0.533,0.505,2.65,1793,496,72.34,45.23,62.3
841220000H0178,2.25,1.3,0.341,0.764,1.72,362,181,50.0,34.53,41.71
840370000E0276,2.65,1.65,0.581,0.473,1.63,2031,794,60.91,17.33,38.7
841210000B0060,2.0,1.35,0.529,0.516,2.06,1248,476,61.86,26.12,51.36
840170000G0599,2.5,1.55,0.53,0.477,2.47,920,267,70.98,39.13,59.46
070130000B0927,2.2,1.15,0.379,0.619,1.34,1007,617,38.73,1.09,25.22
840470000D1471,2.2,1.65,0.569,0.583,2.37,657,176,73.21,54.03,57.84
840140000C0624,2.5,1.3,0.355,0.594,2.64,256,82,67.97,46.09,62.11
840940000E0286,2.45,1.4,0.537,0.439,1.73,3494,1532,56.15,0.11,42.07
840390000G0092,2.55,1.6,0.574,0.53,1.86,371,141,61.99,28.3,46.36
840970000C0192,2.45,1.4,0.52,0.449,3.77,946,177,81.29,58.35,73.47
831400000A0372,2.4,2.0,0.574,0.515,3.71,8376,1392,83.38,67.71,73.04
841330000G0235,,,,,,,,,,
830720000H0454,2.05,2.1,0.607,0.493,1.38,986,413,58.11,15.01,27.69
840370000D0100,2.25,1.65,0.562,0.542,1.73,1246,505,59.47,25.2,42.22
840190000D0849,2.25,1.2,0.274,0.86,7.5,375,37,90.13,88.53,86.67
841500000G0051,2.2,1.4,0.359,0.753,1.62,554,277,50.0,33.57,38.27
840200000B1303,,,,,,,,,,
840390000F0608,,,,,,,,,,
26377000AI0278,2.35,1.3,0.409,0.571,13.63,3217,165,94.87,91.02,92.66
07228000AH0093,2.45,1.8,0.54,0.508,1.43,314,159,49.36,0.32,30.25
84007000BS0196,2.05,1.4,0.535,0.501,1.54,2053,1000,51.29,2.68,35.27
13087000AL0186,2.25,2.1,0.591,0.386,1.54,2669,1014,62.01,1.46,35.26
13082000AK0041,2.0,1.45,0.53,0.426,1.87,2418,1026,57.57,0.41,46.61
830650000B0022,2.5,1.15,0.335,0.542,1.67,489,263,46.22,0.82,40.08
13079000AD0199,2.0,2.0,0.607,0.442,1.45,762,336,55.91,0.26,31.23
830670000D1557,2.45,1.5,0.447,0.61,1.3,4682,2925,37.53,0.0,22.98
840510000E0697,2.55,1.35,0.501,0.421,7.49,5488,513,90.65,77.79,86.64
840960000B1124,2.25,1.4,0.452,0.828,3.54,99,24,75.76,70.71,71.72
830450000B0140,2.15,1.75,0.4,0.469,34.94,1118,15,98.66,97.14,97.14
84028000AC0139,1.9,1.35,0.416,0.455,15.62,1015,50,95.07,89.16,93.6
840390000G0060,2.1,1.45,0.534,0.576,1.86,954,368,61.43,33.02,46.23
840290000F0338,2.5,1.4,0.533,0.446,4.62,1322,224,83.06,62.03,78.37
84050000AK0149,1.05,1.1,0.254,0.543,309.45,14544,19,99.87,99.76,99.68
840300000B0469,1.85,0.9,0.275,0.591,102.06,1735,13,99.25,98.73,99.02
831400000B2104,2.4,1.95,0.54,0.308,19.03,4909,143,97.09,90.55,94.74
073120000C0507,2.0,1.5,0.548,0.508,1.47,296,157,46.96,0.0,32.09
261100000A0574,2.05,2.0,0.593,0.549,1.65,99,45,54.55,17.17,39.39
07042000AD0162,2.35,1.4,0.553,0.54,2.83,1067,274,74.32,52.48,64.67
13079000AE0217,1.3,1.4,0.27,0.393,212.32,8068,24,99.7,99.24,99.53
841460000D0585,2.15,0.9,0.195,0.357,30.17,181,5,97.24,92.27,96.69
840370000D0266,2.5,1.65,0.548,0.457,2.88,1055,232,78.01,51.85,65.31
840890000A0704,2.5,1.3,0.311,0.658,1.4,1258,800,36.41,3.34,28.7
840370000D0091,2.3,1.65,0.57,0.515,1.64,9305,3376,63.72,29.56,38.98
840960000D0118,2.0,1.4,0.538,0.585,2.15,2795,948,66.08,42.0,53.38
84028000AZ0082,2.4,1.4,0.523,0.581,4.16,2268,412,81.83,68.74,75.97
26054000AL0027,2.1,1.4,0.392,0.787,2.6,3204,867,72.94,65.64,61.58
841260000F0015,2.2,1.4,0.503,0.585,3.41,1260,257,79.6,65.16,70.71
261790000B0900,2.0,2.1,0.608,0.441,1.42,1914,822,57.05,2.61,29.68
261100000A0798,1.45,1.35,0.413,0.475,1.37,8479,4067,52.03,0.0,26.85
841160000D0144,,,,,,,,,,
84081000BM0141,2.25,1.4,0.519,0.485,2.27,357,128,64.15,26.05,56.02
84036000BB0033,2.4,1.4,0.547,0.552,2.44,976,287,70.59,46.72,59.02
84029000AS0058,2.4,1.4,0.53,0.462,2.44,8216,2459,70.07,35.27,59.02
261790000B0279,,,,,,,,,,
840780000C0026,2.25,1.4,0.458,0.667,2.78,2066,542,73.77,60.7,63.99
071520000A0481,1.65,1.1,0.409,0.546,1.46,2608,1441,44.75,0.0,31.37
13079000AV0044,2.0,2.0,0.597,0.452,1.39,409,185,54.77,0.0,28.12
840390000A0993,2.35,1.65,0.55,0.556,7.88,2617,185,92.93,87.28,87.31
841500000B0238,2.25,1.4,0.527,0.537,3.14,3288,702,78.65,60.25,68.16
84135000AB0100,2.1,1.4,0.478,0.66,4.63,24855,4266,82.84,73.98,78.41
13035000BD0101,2.45,2.05,0.596,0.36,1.6,3649,1247,65.83,4.96,37.35
840560000F0199,2.3,1.4,0.543,0.584,2.89,1651,414,74.92,57.06,65.41
840870000D0763,2.5,1.35,0.32,0.696,1.21,1572,1100,30.03,0.0,17.68
840590000A0274,2.25,1.25,0.466,0.524,3.85,1700,333,80.41,62.59,74.0
84028000AD0220,2.0,1.4,0.415,0.713,1.78,739,328,55.62,37.75,43.84
83042000AW0066,2.05,2.15,0.609,0.512,1.5,1244,460,63.02,27.73,33.52
263570000O0148,2.3,1.4,0.525,0.535,2.96,553,137,75.23,53.71,66.18
84082000AS0121,2.45,1.4,0.374,0.617,1.99,783,334,57.34,30.91,49.81
830910000A0121,,,,,,,,,,
840870000K0614,2.05,1.6,0.515,0.542,1.3,57,32,43.86,0.0,22.81
830450000B0287,2.45,2.15,0.544,0.657,1.58,300,151,49.67,23.33,36.67
83023000AD0382,2.35,2.0,0.636,0.547,2.25,1406,354,74.82,53.98,55.48
841360000B0006,2.4,1.25,0.438,0.463,5.91,390,50,87.18,72.31,83.08
830530000D0100,2.3,1.95,0.564,0.443,3.83,763,124,83.75,63.3,73.92
840960000F0029,1.95,1.4,0.509,0.631,1.93,303,123,59.41,35.64,48.18
841330000C1063,2.35,1.35,0.523,0.463,3.33,7559,1618,78.6,53.75,69.97
261880000A0064,2.4,1.4,0.38,0.614,1.67,565,280,50.44,19.29,40.18
263570000O0088,2.0,1.4,0.501,0.69,3.09,173,40,76.88,66.47,67.63
830910000E0159,2.05,2.05,0.605,0.463,1.27,7536,3441,54.34,1.29,21.18
840170000D0880,2.25,1.65,0.548,0.482,2.43,1571,415,73.58,45.19,58.88
830560000D0777,,,,,,,,,,
840490000E0128,2.4,1.45,0.52,0.551,6.05,793,87,89.03,80.08,83.48
84138000AN0012,2.35,1.4,0.508,0.541,5.94,3117,330,89.41,80.43,83.16
070090000A0234,2.3,2.05,0.558,0.534,1.54,503,265,47.32,1.39,34.99
83097000AH0005,2.5,2.15,0.465,0.55,1.98,323,137,57.59,22.91,49.54
841330000F1427,2.15,1.35,0.512,0.429,1.97,13261,5209,60.72,8.44,49.21
841220000A0274,2.15,1.35,0.511,0.554,1.93,4623,1737,62.43,32.21,48.24
830670000C0813,2.4,2.1,0.602,0.419,1.6,1245,470,62.25,9.96,37.43
130510000E0208,2.25,2.1,0.603,0.408,1.77,1591,559,64.86,13.89,43.43
841220000B0099,1.25,0.9,0.199,0.529,26.06,834,18,97.84,95.92,96.16
830490000E1384,2.35,1.9,0.529,0.578,1.38,2277,1302,42.82,1.14,27.45
26377000AB0011,2.45,1.35,0.444,0.562,3.27,1391,320,76.99,59.09,69.45
831110000A0125,2.0,2.15,0.581,0.466,3.49,1555,242,84.44,66.62,71.32
840390000F1116,2.4,1.45,0.557,0.462,1.8,202,85,57.92,8.91,44.55
840290000D0512,2.25,1.4,0.541,0.511,1.6,1240,579,53.31,8.55,37.5
830210000C0100,2.45,1.9,0.491,0.284,20.44,1574,40,97.46,91.04,95.11
261880000D0233,2.45,1.4,0.474,0.601,1.57,542,276,49.08,15.31,36.35
071690000C0840,2.25,2.0,0.592,0.412,1.59,3496,1438,58.87,0.14,36.96
841260000F0964,2.0,1.4,0.383,0.743,1.56,2767,1402,49.33,31.84,35.74
840720000I0080,2.25,1.65,0.578,0.542,1.57,1667,675,59.51,25.31,36.17
84028000AP0014,2.3,1.35,0.484,0.594,2.43,525,174,66.86,44.19,58.86
830460000E1477,2.4,1.85,0.432,0.389,20.59,1050,37,96.48,90.95,95.14
830650000A0075,2.4,1.6,0.423,0.585,1.5,2769,1638,40.85,0.0,33.12
83047000BV0026,2.15,1.95,0.55,0.405,10.49,1835,107,94.17,85.61,90.46
84012000AR0001,2.15,1.25,0.325,0.676,3.37,670,146,78.21,67.76,70.3
84081000BL0024,2.5,1.4,0.509,0.381,2.12,4521,1461,67.68,15.2,52.75
84082000AL0110,2.25,1.65,0.589,0.585,2.11,708,207,70.76,50.0,52.68
26377000AK0231,2.55,1.35,0.366,0.743,1.35,594,350,41.08,20.71,26.09
262850000D0224,2.4,1.4,0.383,0.715,2.06,1121,396,64.67,50.58,51.38
841360000B0626,2.2,1.15,0.434,0.645,2.93,2264,608,73.14,58.35,65.81
26345000AP0260,2.0,1.4,0.518,0.625,4.14,1187,198,83.32,73.29,75.82
84102000AB0210,2.45,1.65,0.561,0.504,4.38,3322,455,86.3,72.85,77.15
830910000B1205,1.95,1.1,0.492,0.513,1.82,1515,782,48.38,0.0,45.02
840870000N1192,2.25,1.45,0.453,0.539,15.57,1448,55,96.2,92.96,93.58
261220000C0079,2.0,1.4,0.529,0.517,1.48,1636,862,47.31,0.0,32.64
263480000D0056,2.45,1.4,0.519,0.556,4.56,534,85,84.08,71.35,78.09
840960000B0278,1.9,1.4,0.417,0.615,17.49,647,24,96.29,93.97,94.28
84012000AP0211,2.15,1.25,0.488,0.71,2.2,1827,623,65.9,51.94,54.57
841220000B1258,1.5,1.1,0.347,0.571,17.05,1961,72,96.33,93.57,94.14
07143000AD0022,2.0,1.65,0.516,0.567,1.45,376,223,40.69,0.0,31.12
261820000B0234,2.45,1.2,0.362,0.75,2.49,2336,728,68.84,58.43,59.85
841170000B0687,2.15,1.35,0.347,0.695,1.22,208,139,33.17,3.85,17.79
26377000AI0262,2.25,1.35,0.541,0.517,2.95,5438,1363,74.94,51.53,66.09
841380000I0264,2.4,1.4,0.522,0.431,3.69,3693,693,81.23,56.46,72.87
841340000D0093,2.3,1.4,0.524,0.463,2.85,33058,7268,78.01,52.48,64.97
840560000A0197,2.25,1.2,0.337,0.848,4.54,1239,196,84.18,81.36,77.97
83097000AC0026,2.55,2.15,0.562,0.673,1.69,76,37,51.32,27.63,40.79
831540000E0287,2.4,1.6,0.54,0.532,1.52,213,116,45.54,0.0,34.27
07279000AY0018,2.4,1.45,0.469,0.383,19.53,2031,72,96.45,90.74,94.88
07264000AZ0151,2.3,1.4,0.523,0.58,6.08,2512,275,89.05,81.13,83.56
84149000AE0046,1.9,1.4,0.441,0.447,40.79,4201,68,98.38,96.38,97.55
840290000F0398,2.15,1.4,0.524,0.556,3.88,3988,687,82.77,69.01,74.22
07070000AH0107,2.5,1.95,0.539,0.403,11.56,1225,58,95.27,88.24,91.35
13079000AL0190,2.2,1.95,0.53,0.327,7.8,1014,69,93.2,79.19,87.18
84012000AP0188,2.1,1.1,0.272,0.827,6.98,2575,277,89.24,86.99,85.67
830320000E1400,,,,,,,,,,
840160000A1378,1.95,1.45,0.459,0.685,1.52,122,61,50.0,27.05,34.43
84134000ZA0011,,,,,,,,,,
83097000AD0707,,,,,,,,,,
830320000E0437,2.0,1.95,0.538,0.644,8.01,889,58,93.48,89.88,87.51
840390000H0700,1.95,1.35,0.525,0.546,1.46,547,303,44.61,0.0,31.44
84129000CD0178,2.25,1.65,0.501,0.394,2.69,207,61,70.53,25.12,62.8
26071000ZA0230,2.5,2.0,0.455,0.55,1.6,3392,1794,47.11,3.92,37.62
841500000E0010,2.35,1.4,0.354,0.765,1.47,1528,835,45.35,28.6,31.74
840090000G0054,2.4,1.35,0.529,0.484,2.45,2742,801,70.79,39.68,59.15
13087000AP0153,2.5,2.0,0.479,0.605,1.35,4134,2564,37.98,0.0,25.76
26220000AH0297,2.3,1.4,0.498,0.401,4.45,1708,296,82.67,56.79,77.52
830910000E0003,2.5,1.95,0.464,0.564,1.55,1700,966,43.18,0.0,35.29
840560000B0081,2.25,1.4,0.516,0.593,1.95,7772,2958,61.94,35.86,48.76
841150000A0394,2.35,1.65,0.432,0.7,1.79,195,91,53.33,33.33,44.1
830910000D0779,2.45,2.1,0.6,0.413,2.46,1161,281,75.8,41.34,59.43
261820000B0119,2.05,1.4,0.54,0.616,2.35,319,101,68.34,48.59,57.37
26377000AD0084,2.05,1.35,0.504,0.587,6.06,2898,318,89.03,81.3,83.51
263570000Y0303,2.1,1.4,0.334,0.712,1.61,1969,997,49.37,28.9,37.79
830270000B0074,1.85,1.95,0.517,0.448,3.39,468,74,84.19,64.74,70.51
840560000A0068,2.0,1.2,0.393,0.655,6.08,2443,293,88.01,81.7,83.54
840980000B0142,2.05,1.4,0.541,0.506,1.65,547,255,53.38,7.86,39.49
841360000B0090,2.4,1.35,0.512,0.448,1.85,1354,576,57.46,5.1,45.94
841330000B0851,2.5,1.35,0.431,0.548,2.12,6685,2456,63.26,33.01,52.85
840870000I2122,2.3,1.65,0.542,0.508,4.2,1558,234,84.98,70.41,76.19
841060000E0264,2.05,1.4,0.551,0.551,1.67,1128,511,54.7,17.82,40.16
13087000AI0159,2.6,2.05,0.5,0.315,26.63,1944,46,97.63,92.49,96.24
831000000A1478,2.4,1.8,0.481,0.6,1.28,6799,4226,37.84,0.0,21.86
840250000D1364,2.2,1.65,0.515,0.65,2.83,3610,842,76.68,64.1,64.65
841220000A0441,2.3,1.35,0.506,0.562,5.16,1511,207,86.3,75.65,80.61
261790000B0551,2.0,2.1,0.587,0.421,1.6,5184,1970,62.0,9.84,37.5
261820000G0087,2.45,1.35,0.493,0.477,2.76,2191,592,72.98,43.4,63.81
841370000B0258,2.15,1.4,0.538,0.551,2.66,1785,462,74.12,53.05,62.46
26345000AC0037,2.25,1.4,0.534,0.496,3.71,12675,2281,82.0,63.72,73.02
840180000C0240,2.1,1.5,0.495,0.476,31.37,7372,156,97.88,95.55,96.81
841360000A0060,2.45,1.35,0.535,0.452,1.92,4941,1916,61.22,14.27,47.95
840490000A0569,2.45,1.45,0.515,0.511,5.51,1555,184,88.17,76.85,81.86
840960000E0596,2.0,1.4,0.532,0.574,1.83,2938,1211,58.78,28.22,45.27
84012000AR0320,2.0,1.0,0.422,0.56,8.73,541,51,90.57,83.18,88.54
841340000B0039,2.45,1.3,0.399,0.486,8.27,397,35,91.18,81.86,87.91
84088000BK0033,2.35,1.6,0.537,0.619,3.36,605,122,79.83,67.44,70.25
84050000AL0103,,,,,,,,,,
26345000AY0019,2.25,1.4,0.548,0.553,2.63,3234,859,73.44,51.98,61.97
840220000A0417,2.5,1.4,0.541,0.433,2.52,2702,785,70.95,32.94,60.25
840470000C0132,2.1,1.65,0.547,0.514,4.95,7735,942,87.82,76.32,79.79
831250000C0276,2.35,2.05,0.486,0.242,23.41,2833,57,97.99,91.67,95.73
84024000AL0076,2.5,1.35,0.459,0.582,1.72,1100,488,55.64,23.82,41.91
263770000H0460,1.85,1.15,0.412,0.706,6.39,179,24,86.59,81.01,84.36
840160000L0220,2.25,1.4,0.374,0.686,1.21,593,406,31.53,0.17,17.2
07264000AO0095,1.5,1.1,0.328,0.552,63.12,3282,32,99.02,98.23,98.42
841460000C0425,2.45,1.15,0.384,0.753,8.11,584,55,90.58,87.5,87.67
840490000B0116,2.25,1.6,0.512,0.571,3.79,841,177,78.95,63.14,73.6
26377000AO0111,2.55,1.35,0.526,0.518,3.82,2916,537,81.58,64.44,73.8
830570000H0200,2.55,1.85,0.47,0.254,4.27,282,43,84.75,40.07,76.6
840720000E0024,2.35,1.65,0.563,0.509,1.95,487,171,64.89,31.01,48.67
84028000AN0076,2.2,1.4,0.537,0.596,2.51,2608,703,73.04,54.79,60.12
840870000I2242,2.0,1.35,0.504,0.591,1.36,1624,956,41.13,0.43,26.48
26345000BI0156,2.5,1.4,0.474,0.652,1.64,1130,547,51.59,25.75,39.2
130080000F0095,2.1,2.0,0.595,0.419,1.52,6089,2486,59.17,2.61,34.23
840450000A0201,2.45,1.4,0.431,0.715,2.3,629,216,65.66,51.99,56.6
841500000E0420,2.5,1.4,0.391,0.674,2.36,5754,1849,67.87,52.29,57.59
263570000C0049,2.0,1.4,0.505,0.53,5.24,1793,244,86.39,74.34,80.93
261793660A0295,2.25,2.0,0.562,0.435,2.51,226,60,73.45,38.94,60.18
830970000D0405,1.9,1.75,0.541,0.436,1.52,1352,572,57.69,3.03,34.1
83035000AH0861,2.05,2.0,0.596,0.603,1.93,489,146,70.14,50.51,48.06
13079000BN0051,2.5,1.9,0.45,0.515,1.7,563,284,49.56,2.13,41.21
840720000I0119,2.3,1.65,0.547,0.476,2.0,1476,476,67.75,32.32,50.07
841220000A0219,2.25,0.85,0.325,0.643,73.3,1686,18,98.93,98.34,98.64
13050000CH0082,,,,,,,,,,
841260000A0071,1.9,1.25,0.331,0.621,50.71,1420,18,98.73,97.96,98.03
84082000AN0034,2.5,1.35,0.322,0.674,1.29,2244,1479,34.09,2.18,22.68
840190000D1296,2.3,1.4,0.534,0.535,5.94,10888,1251,88.51,78.53,83.17
13082000BZ0011,2.3,2.05,0.594,0.372,2.18,30499,8241,72.98,27.31,54.03
830850000C0333,2.4,1.95,0.547,0.484,4.48,233,31,86.7,72.53,77.68
841300000B1061,2.45,1.25,0.487,0.461,3.94,768,155,79.82,56.25,74.61
840020000B0825,2.3,1.35,0.529,0.486,2.73,4294,1181,72.5,43.46,63.37
841480000A0469,2.35,1.45,0.351,0.642,1.6,490,274,44.08,12.86,37.35
831250000E0260,2.25,1.9,0.616,0.571,1.49,451,185,58.98,28.16,32.82
840780000C0092,2.3,1.4,0.519,0.531,4.68,1792,264,85.27,72.27,78.63
263220000C0097,2.35,1.4,0.497,0.387,2.36,1182,380,67.85,17.01,57.61
840560000A0679,2.35,1.4,0.346,0.718,1.29,1961,1258,35.85,10.71,22.49
84046000AE0030,1.5,0.85,0.196,0.263,146.5,1172,5,99.57,98.38,99.32
070090000B0727,2.45,2.0,0.651,0.68,2.46,101,34,66.34,50.5,59.41
84082000AZ0193,,,,,,,,,,
840720000H0107,2.3,1.45,0.542,0.606,1.9,738,295,60.03,34.01,47.29
841500000B0445,2.45,1.4,0.539,0.5,2.64,1837,504,72.56,45.07,62.17
840300000E0877,2.2,1.6,0.445,0.702,2.25,268,99,63.06,47.39,55.6
830160000C0423,2.15,2.1,0.527,0.644,2.29,732,224,69.4,52.46,56.42
830940000G0124,2.4,1.75,0.487,0.43,1.8,819,359,56.17,0.0,44.57
26054000AO0186,2.2,1.2,0.337,0.738,11.25,1969,138,92.99,90.5,91.11
841380000L0220,2.25,1.4,0.531,0.497,3.13,6162,1358,77.96,55.62,68.03
841000000A0267,2.05,1.25,0.479,0.639,3.27,5958,1393,76.62,63.41,69.39
840530000A0060,2.4,1.4,0.512,0.596,3.79,2362,436,81.54,69.01,73.62
07228000AN0011,1.0,1.45,0.351,0.609,1.26,613,384,37.36,0.0,20.88
841470000A0471,2.15,1.35,0.51,0.537,3.69,1609,312,80.61,63.89,72.9
841500000E0307,2.35,1.4,0.457,0.703,2.18,3584,1226,65.79,51.37,54.16
830310000F0406,2.15,2.05,0.461,0.339,5.7,507,40,92.11,76.73,82.45
261820000A0091,2.25,1.4,0.42,0.746,2.23,1313,444,66.18,54.68,55.14
830270000B1671,2.1,2.15,0.606,0.495,1.88,546,191,65.02,29.3,46.89
84053000ZM0071,2.0,1.4,0.539,0.546,1.47,3426,1798,47.52,3.91,31.82
841370000B0451,2.45,1.4,0.449,0.665,1.93,852,353,58.57,37.68,48.24
13080000BP0041,2.3,1.9,0.536,0.365,22.28,7954,236,97.03,91.87,95.51
841380000D0158,2.4,1.2,0.399,0.585,8.38,2229,199,91.07,84.75,88.07
07042000AK0009,2.3,1.35,0.427,0.763,3.05,2458,620,74.78,66.92,67.17
83063000AC0083,2.05,1.8,0.579,0.469,1.54,409,190,53.55,0.98,35.21
830250000F0103,2.15,2.1,0.62,0.504,3.47,14758,1994,86.49,73.17,71.22
83101000AT0338,2.3,1.65,0.398,0.392,26.52,822,20,97.57,93.8,96.23
26377000AS0061,2.35,1.35,0.512,0.492,4.34,5133,865,83.15,65.73,76.97
84118000AW0173,2.4,1.55,0.411,0.598,1.41,2557,1494,41.57,2.27,29.25
13079000AM0022,1.95,1.6,0.537,0.498,1.41,1490,745,50.0,0.0,28.93
840170000D1954,2.3,1.65,0.556,0.445,1.53,5673,2530,55.4,0.0,34.85
840200000C1168,2.15,1.35,0.487,0.473,5.62,1569,186,88.15,74.95,82.22
26054000AB0066,2.2,1.25,0.318,0.691,1.26,3776,2571,31.91,1.4,20.58
840700000A0030,2.3,1.55,0.417,0.748,2.64,952,276,71.01,61.24,62.18
840840000B1346,2.4,1.35,0.524,0.455,2.84,3594,961,73.26,41.21,64.83
830640000C0417,2.5,1.4,0.413,0.686,1.17,1216,839,31.0,0.0,14.31
072590000B0102,2.25,1.25,0.303,0.698,1.23,2510,1757,30.0,0.0,18.65
261820000A0464,1.75,1.35,0.244,0.533,19.08,229,8,96.51,93.45,94.76
840490000E0408,2.1,1.65,0.556,0.522,2.23,651,200,69.28,41.17,55.15
84028000AL0081,2.25,1.4,0.431,0.681,1.69,4671,2065,55.79,35.09,40.87
830910000A0483,2.2,2.05,0.56,0.359,3.88,4752,734,84.55,56.97,74.22
840560000A0227,2.35,1.4,0.416,0.4,4.09,131,28,78.63,46.56,75.57
840960000B0373,2.1,1.4,0.495,0.534,9.86,1420,93,93.45,87.75,89.86
07264000AL0045,2.0,1.4,0.538,0.507,1.58,871,437,49.83,1.03,36.74
831430000D1183,2.0,2.0,0.554,0.384,2.01,638,231,63.79,5.8,50.16
262750000F0182,1.95,1.4,0.386,0.711,1.83,1164,462,60.31,44.16,45.45
840390000H1970,,,,,,,,,,
262750000C0295,2.15,1.2,0.458,0.686,2.29,448,162,63.84,47.32,56.25
84028000AZ0240,2.2,1.4,0.508,0.506,3.37,875,176,79.89,60.23,70.29
841060000A0494,2.0,1.4,0.378,0.731,1.58,7416,3733,49.66,31.12,36.56
263570000B0293,2.1,1.4,0.376,0.689,1.72,534,253,52.62,31.27,41.76
263570000Y0484,2.05,1.4,0.457,0.685,2.53,1041,324,68.88,54.56,60.52
84008000AP0025,2.1,1.65,0.452,0.41,13.11,826,43,94.79,87.29,92.37
841260000F0390,,,,,,,,,,
841260000F0779,2.2,1.25,0.33,0.742,12.09,399,23,94.24,92.23,91.73
83034000BV0101,1.8,1.4,0.491,0.456,1.6,3879,1771,54.34,0.0,37.59
840220000C0232,2.5,1.4,0.498,0.39,4.54,1729,270,84.38,59.92,77.96
26345000BC0098,2.15,1.4,0.524,0.564,5.61,3576,409,88.56,79.73,82.16
07143000AI0292,2.0,2.15,0.632,0.541,2.47,407,105,74.2,52.33,59.46
840370000E0874,2.0,1.6,0.552,0.466,1.42,19647,9316,52.58,0.0,29.67
263800000C0980,1.85,1.3,0.476,0.581,1.51,216,125,42.13,0.46,33.8
83119000AW0228,,,,,,,,,,
840750000G0005,,,,,,,,,,
840390000A0124,,,,,,,,,,
830040000G1380,2.5,2.15,0.569,0.384,2.49,530,116,78.11,43.02,59.81
830940000B0495,2.45,2.0,0.617,0.424,1.37,2874,1213,57.79,0.49,27.24
840370000D0440,2.4,1.65,0.562,0.467,1.45,442,212,52.04,0.0,31.22
840960000B0896,1.75,1.35,0.454,0.596,11.57,4187,208,95.03,91.66,91.35
841360000A0151,2.45,1.35,0.515,0.517,6.23,1289,135,89.53,79.75,83.94
84036000AM0121,2.0,1.4,0.544,0.507,1.64,1026,480,53.22,7.7,38.89
840870000C0160,2.1,1.65,0.406,0.765,2.45,1567,478,69.5,60.11,59.22
07345000ZD0158,2.05,1.15,0.506,0.559,1.65,824,462,43.93,0.0,39.56
13028000BS0112,2.15,1.95,0.484,0.587,1.78,1640,762,53.54,20.85,43.84
263410000A0589,2.3,2.1,0.591,0.542,1.8,209,78,62.68,31.1,44.5
83112000DN0007,2.25,2.05,0.584,0.48,2.29,1071,305,71.52,40.71,56.4
13056000DS0113,1.85,1.8,0.445,0.36,27.29,1992,36,98.19,94.98,96.34
84129000AH0013,2.05,1.35,0.527,0.497,1.63,1999,984,50.78,0.9,38.72
263570000P0268,2.35,1.35,0.474,0.547,8.81,1013,76,92.5,86.28,88.65
84122000AT0013,2.15,1.15,0.514,0.555,2.14,2107,884,58.04,24.39,53.35
840370000F0018,2.0,0.9,0.191,0.855,1.27,690,494,28.41,16.23,21.3
84018000AC0178,,,,,,,,,,
26054000AC0235,2.2,1.4,0.376,0.769,1.38,3346,1881,43.78,26.87,27.41
26220000AB0024,2.4,1.4,0.343,0.712,1.44,269,161,40.15,15.99,30.48
13072000AV0337,2.6,1.8,0.445,0.262,25.45,1909,48,97.49,90.41,96.07
26179000ZK0593,2.1,2.0,0.539,0.478,4.03,726,119,83.61,65.7,75.21
26317000AD0003,2.3,1.35,0.353,0.643,1.37,2269,1416,37.59,2.95,27.15
840190000C0175,,,,,,,,,,
840780000C0621,2.45,1.4,0.501,0.524,7.3,1139,99,91.31,83.41,86.3
26377000AT0226,2.5,1.35,0.485,0.499,2.29,2292,779,66.01,31.85,56.41
83097000AP0292,2.45,1.35,0.416,0.551,1.61,1322,703,46.82,3.48,37.97
26054000AD0186,2.2,1.2,0.302,0.871,2.97,89,27,69.66,65.17,66.29
841260000E0530,2.45,1.4,0.452,0.492,7.29,299,31,89.63,78.93,86.29
071690000C1883,1.95,1.95,0.561,0.533,1.93,1112,394,64.57,33.54,48.11
840620000D0308,,,,,,,,,,
13118000AN0085,2.1,2.0,0.624,0.543,1.75,1017,338,66.76,38.84,42.77
84012000AD0407,2.1,1.25,0.399,0.5,6.28,408,54,86.76,73.53,84.07
830190000D0101,2.15,2.1,0.598,0.417,1.98,13443,3866,71.24,31.06,49.41
840220000A0863,2.2,1.4,0.531,0.536,2.47,3186,926,70.94,45.79,59.54
841380000F0047,2.5,1.4,0.351,0.775,2.51,445,134,69.89,61.12,60.22
07279000AC0015,,,,,,,,,,
830910000A0203,2.4,0.95,0.246,0.738,1.17,451,333,26.16,0.0,14.86
840200000B1413,,,,,,,,,,
840090000E0329,2.5,1.35,0.427,0.601,1.91,1457,596,59.09,31.98,47.7
830260000D0210,2.5,2.0,0.519,0.329,29.07,5116,103,97.99,93.88,96.56
263570000N0117,2.0,1.4,0.511,0.608,2.25,894,290,67.56,46.64,55.48
83101000AC0441,2.3,2.05,0.597,0.414,1.6,981,359,63.4,11.52,37.61
830350000C1149,2.15,1.9,0.51,0.573,1.38,755,445,41.06,0.0,27.68
84149000AI0010,2.1,1.4,0.532,0.575,1.66,3508,1581,54.93,21.66,39.77
13079000AX0014,2.5,1.9,0.585,0.549,2.18,723,208,71.23,47.58,54.08
840440000C1191,2.35,1.65,0.446,0.556,2.44,966,316,67.29,41.2,59.01
830180000D0370,1.7,1.7,0.491,0.431,1.54,4589,1963,57.22,0.81,35.15
13091000AL0029,,,,,,,,,,
830950000H0296,2.45,2.1,0.508,0.316,3.97,389,56,85.6,54.5,74.81
84028000AZ0042,2.3,1.4,0.343,0.718,1.19,902,641,28.94,1.0,16.3
26345000AI0019,2.1,1.25,0.518,0.592,1.46,366,218,40.44,0.0,31.69
13014000BV0088,2.15,2.0,0.597,0.453,3.45,10368,1684,83.76,64.17,70.98
84099000AM0121,2.5,1.35,0.522,0.455,2.64,939,265,71.78,37.91,62.09
84072000CC0126,,,,,,,,,,
840960000A0106,2.25,1.35,0.519,0.538,3.52,1456,305,79.05,61.06,71.57
26380000ZA0003,2.2,1.8,0.58,0.575,1.38,278,153,44.96,4.32,27.34
830320000E0093,2.4,1.95,0.535,0.505,4.5,351,46,86.89,74.07,77.78
071690000D0253,1.95,0.9,0.453,0.564,1.83,1035,585,43.48,0.0,45.22
84118000AX0101,2.3,1.65,0.567,0.432,1.63,249,98,60.64,8.84,38.55
830460000C0093,2.35,1.95,0.553,0.47,4.21,442,62,85.97,70.14,76.24
840290000C0680,2.3,1.4,0.372,0.705,1.31,514,340,33.85,6.23,23.93
830260000D0324,,,,,,,,,,
840160000C0071,2.3,1.65,0.568,0.529,7.39,11638,913,92.16,85.18,86.48
263570000D0169,2.2,1.2,0.404,0.718,1.95,1086,418,61.51,46.41,48.71
830940000F0181,2.35,2.1,0.535,0.607,1.43,758,418,44.85,9.1,30.08
84082000AM0242,1.95,1.65,0.555,0.542,1.44,479,232,51.57,10.65,30.69
840370000G0496,1.8,1.65,0.433,0.778,1.67,1171,537,54.14,41.08,40.14
13082000AM0032,2.6,2.0,0.608,0.429,1.56,586,225,61.6,10.58,35.84
840160000K0605,1.9,1.45,0.389,0.643,6.23,268,27,89.93,84.33,83.96
26367000AP0002,2.45,1.4,0.521,0.634,4.01,2873,506,82.39,72.22,75.04
84046000AC0309,2.0,1.15,0.512,0.516,1.77,1421,733,48.42,0.0,43.35
26220000AB0008,2.5,1.4,0.464,0.617,20.85,2440,79,96.76,94.75,95.2
07143000AK0547,2.05,2.0,0.608,0.504,1.42,458,230,49.78,0.44,29.48
071520000A0463,1.5,1.05,0.351,0.552,1.43,379,216,43.01,0.0,30.08
841270000D0639,2.25,1.4,0.532,0.544,2.31,988,304,69.23,43.42,56.78
84082000BE0156,2.15,1.65,0.53,0.579,3.48,431,88,79.58,64.73,71.23
840160000A0370,2.2,1.45,0.498,0.617,6.27,445,50,88.76,81.8,84.04
07059000ZB0079,2.3,2.0,0.489,0.586,1.49,1340,769,42.61,2.01,32.69
841460000D0036,2.4,1.4,0.488,0.441,3.3,208,49,76.44,46.63,69.71
13014000CL0100,2.45,2.0,0.616,0.441,2.08,3066,812,73.52,39.92,51.83
07228000AL0153,1.8,1.2,0.449,0.495,1.58,1138,570,49.91,0.0,36.73
840870000B0498,2.25,1.65,0.57,0.526,1.89,624,204,67.31,37.82,47.12
830350000B0920,,,,,,,,,,
84118000BC0152,1.9,1.6,0.547,0.463,1.48,2022,931,53.96,0.64,32.25
83047000AW0201,2.2,1.95,0.493,0.352,11.27,924,44,95.24,86.47,91.13
261820000F0759,2.4,1.4,0.533,0.425,2.15,2364,853,63.92,15.19,53.43
84031000AE0182,2.4,1.6,0.545,0.452,1.73,1347,551,59.09,9.58,42.24
841090000A0569,2.4,1.25,0.489,0.508,4.31,1258,232,81.56,63.67,76.79
26367000AO0178,2.4,1.2,0.392,0.728,7.15,9622,988,89.73,85.89,86.01
841220000A0136,2.35,1.35,0.494,0.439,3.34,2301,512,77.75,49.33,70.1
830940000G1344,2.0,1.35,0.514,0.476,1.69,5104,2432,52.35,0.0,40.79
840390000F1061,2.15,1.45,0.533,0.511,1.84,479,205,57.2,16.28,45.72
840490000D0318,1.95,1.6,0.392,0.719,2.85,592,161,72.8,62.16,64.86
84122000AD0048,2.1,1.15,0.327,0.768,4.34,2819,461,83.65,78.72,76.94
26377000AK0382,2.5,1.35,0.481,0.707,1.31,94,65,30.85,2.13,23.4
840490000A1178,2.25,1.45,0.495,0.478,9.22,913,76,91.68,82.58,89.16
830920000E0806,2.4,1.95,0.53,0.574,1.48,638,343,46.24,6.27,32.6
840390000H0249,2.0,1.65,0.468,0.699,1.48,976,513,47.44,24.8,32.48
26345000AN0171,2.1,1.4,0.37,0.711,1.56,2608,1319,49.42,28.87,35.85
840190000C0273,2.4,1.4,0.531,0.424,2.82,23625,5822,75.36,41.95,64.51
840220000A0154,1.9,1.2,0.398,0.442,7.82,532,50,90.6,78.76,87.22
830720000G1095,2.5,1.95,0.599,0.454,1.84,414,152,63.29,19.08,45.65
840720000B0266,2.25,1.65,0.474,0.623,1.84,7553,2722,63.96,42.2,45.64
840530000C0811,2.4,1.4,0.539,0.503,2.79,1678,440,73.78,47.85,64.18
840720000F1163,2.45,1.65,0.565,0.426,1.82,874,320,63.39,14.07,44.97
26377000AY0176,2.35,1.3,0.425,0.548,6.2,1079,125,88.42,78.87,83.87
83050000AP0200,2.2,2.15,0.6,0.454,3.34,3241,560,82.72,61.93,70.1
830460000E1420,,,,,,,,,,
263570000E0130,2.3,1.4,0.393,0.743,1.95,2049,757,63.06,50.27,48.71
83149000AL0084,2.3,2.15,0.516,0.63,4.42,3324,487,85.35,76.74,77.38
831080000D0615,2.0,1.75,0.576,0.487,1.41,580,289,50.17,0.0,28.97
84082000AE0307,2.35,1.65,0.569,0.529,5.0,3253,380,88.32,77.9,79.99
13079000AD0191,2.4,1.95,0.587,0.372,1.91,363,131,63.91,3.03,47.66
261100000A0502,1.95,1.35,0.449,0.512,1.7,925,471,49.08,0.54,41.3
840160000A1780,2.45,1.65,0.576,0.49,1.37,5780,2682,53.6,5.38,27.09
841360000A0654,2.0,1.35,0.496,0.633,7.44,1644,145,91.18,86.07,86.56
840870000K0403,2.35,1.65,0.566,0.475,1.45,4585,2160,52.89,0.72,30.91
84129000CD0035,2.25,1.65,0.408,0.634,1.44,4109,2326,43.39,10.78,30.54
841130000C0183,2.35,1.35,0.506,0.412,2.28,624,226,63.78,12.18,56.09
841490000A0340,2.55,1.25,0.458,0.473,9.59,719,53,92.63,84.42,89.57
07264000AS0209,2.45,1.4,0.546,0.493,1.92,1944,734,62.24,23.41,47.99
830270000B1348,2.1,1.9,0.563,0.472,2.8,1452,359,75.28,47.59,64.26
830180000D0631,2.45,1.8,0.519,0.518,4.19,201,29,85.57,72.14,76.12
840400000B0272,2.3,1.45,0.495,0.477,5.82,1077,132,87.74,74.28,82.82
831000000E0339,2.4,1.7,0.48,0.626,1.3,732,471,35.66,0.0,22.81
840520000A1036,2.4,1.35,0.505,0.468,5.21,2298,340,85.2,68.41,80.81
840160000A1727,,,,,,,,,,
840220000A0126,1.95,1.4,0.508,0.652,5.27,996,131,86.85,79.82,81.02
84028000AZ0165,2.4,1.25,0.295,0.4,24.47,465,16,96.56,91.4,95.91
841340000C0017,2.25,1.4,0.497,0.607,2.12,3592,1244,65.37,42.98,52.84
831080000G0111,2.0,1.55,0.543,0.462,1.59,1799,831,53.81,0.0,37.3
841260000F0998,2.4,1.4,0.543,0.546,3.21,885,197,77.74,59.21,68.81
13079000AH0207,1.85,1.8,0.549,0.493,1.32,433,216,50.12,0.0,24.02
261100000A0438,1.85,1.6,0.476,0.495,1.57,91,46,49.45,0.0,36.26
830460000E0898,1.75,1.55,0.361,0.389,95.6,4302,28,99.35,98.33,98.95
840900000D0392,2.4,1.35,0.532,0.462,2.33,855,280,67.25,29.12,57.08
830040000C1061,1.95,1.6,0.551,0.482,1.46,1309,625,52.25,0.99,31.47
841500000B0605,2.35,1.35,0.511,0.484,3.85,1794,353,80.32,59.31,74.02
830710000E0081,2.0,1.5,0.502,0.413,1.88,936,394,57.91,0.0,46.79
841260000F0374,,,,,,,,,,
830920000E1335,2.0,1.95,0.586,0.502,1.4,774,343,55.68,11.76,28.81
840870000C0847,2.0,1.65,0.442,0.678,4.14,977,166,83.01,74.92,75.84
84012000AO0210,,,,,,,,,,
13034000AX0141,2.4,1.25,0.379,0.58,1.54,9411,5447,42.12,0.28,35.24
830590000D0653,2.5,2.1,0.5,0.442,2.93,3722,1002,73.08,39.07,65.85
83096000AB0180,2.0,1.8,0.58,0.461,1.34,3091,1470,52.44,0.0,25.49
26377000AM0008,2.35,1.35,0.422,0.756,3.79,1812,359,80.19,73.79,73.62
13050000BL0181,2.5,2.1,0.553,0.555,1.75,1566,633,59.58,27.14,42.72
261800000A0252,2.3,1.4,0.533,0.551,2.9,1115,279,74.98,54.62,65.47
840440000C1109,2.05,1.65,0.558,0.47,1.57,1073,492,54.15,2.42,36.44
830450000H0571,2.5,1.1,0.35,0.567,67.43,1551,17,98.9,98.07,98.52
84046000AC0111,2.35,1.45,0.397,0.703,1.39,444,244,45.05,21.85,27.93
830260000E0572,1.6,1.9,0.406,0.587,57.66,2710,27,99.0,98.3,98.27
262750000E0245,1.85,1.15,0.167,0.667,54.33,326,6,98.16,97.24,98.16
84024000AH0255,1.8,1.0,0.348,0.404,40.32,2258,40,98.23,95.62,97.52
830580000G1077,2.3,1.85,0.495,0.394,3.67,235,39,83.4,57.87,72.77
830510000C0241,2.45,2.1,0.599,0.386,2.4,759,201,73.52,31.36,58.37
840190000D0595,2.25,1.4,0.426,0.711,3.12,743,172,76.85,67.43,67.97
26377000AS0099,2.25,1.35,0.537,0.501,2.1,4648,1681,63.83,27.88,52.3
830720000B1486,,,,,,,,,,
13087000AI0192,2.25,2.0,0.542,0.495,2.22,1005,323,67.86,35.02,54.93
841500000E0129,2.15,1.4,0.485,0.492,5.43,978,127,87.01,73.62,81.6
840220000C0291,2.4,1.2,0.457,0.755,2.44,105,40,61.9,49.52,59.05
830530000D0227,2.25,2.1,0.601,0.465,1.51,1734,667,61.53,17.24,33.79
073450000D0817,2.15,1.25,0.537,0.57,1.53,235,134,42.98,0.0,34.47
840390000H0734,2.25,1.4,0.438,0.511,7.74,263,23,91.25,82.89,87.07
84032000AP0026,2.35,1.65,0.456,0.665,2.35,768,244,68.23,52.21,57.42
07345000ZD0275,2.6,2.1,0.601,0.416,1.62,375,146,61.07,6.4,38.13
840300000E1279,2.25,1.65,0.387,0.658,1.51,605,344,43.14,13.55,33.72
830910000C0351,2.0,2.15,0.608,0.457,1.46,829,356,57.06,6.03,31.36
84012000AS0089,2.35,1.25,0.436,0.538,12.1,714,50,93.0,86.97,91.74
830040000C1057,2.0,1.9,0.579,0.471,1.35,1491,694,53.45,1.07,25.96
840370000F0646,2.1,1.6,0.562,0.603,2.37,128,38,70.31,50.78,57.81
26220000AB0054,,,,,,,,,,
841380000K0253,2.55,1.4,0.528,0.522,2.6,1439,396,72.48,47.26,61.5
830320000B0278,2.3,2.0,0.581,0.438,4.5,5223,646,87.63,71.74,77.79
830460000E1272,2.2,2.1,0.567,0.473,3.56,1509,190,87.41,73.36,71.9
84039000AI0122,2.4,1.65,0.565,0.488,1.39,243,119,51.03,0.0,27.98
830790000A2088,2.35,2.1,0.592,0.39,1.85,2148,706,67.13,15.64,46.0
84003000BZ0100,2.3,1.35,0.522,0.441,2.01,2187,830,62.05,13.9,50.25
830590000A0150,2.2,2.0,0.575,0.452,5.2,1556,194,87.53,72.43,80.78
830730000A0784,2.0,1.75,0.568,0.478,1.3,1383,686,50.4,0.0,23.36
830910000D0307,2.4,2.05,0.459,0.513,2.16,1389,553,60.19,22.46,53.64
830720000C0206,2.4,1.7,0.431,0.475,36.42,1894,29,98.47,96.78,97.25
841150000C0180,2.25,1.65,0.557,0.469,1.76,1605,581,63.8,22.8,43.18
840290000E0541,2.35,1.3,0.424,0.627,8.0,320,32,90.0,84.06,87.5
830430000B0453,2.2,1.5,0.468,0.498,1.66,439,220,49.89,0.0,39.86
261820000G1408,2.4,1.4,0.486,0.603,1.53,4953,2551,48.5,14.58,34.71
841380000P0434,2.3,1.4,0.536,0.496,1.98,2012,782,61.13,21.57,49.4
840170000G0938,2.45,1.65,0.554,0.428,2.74,721,174,75.87,43.55,63.52
073130000B0673,2.25,1.6,0.407,0.601,1.61,405,233,42.47,4.2,37.78
07168000AL0047,2.2,1.65,0.513,0.442,4.98,1624,203,87.5,71.74,79.93
84012000AR0183,2.4,1.25,0.509,0.491,2.86,1501,420,72.02,42.97,65.09
262750000F0073,2.2,1.2,0.287,0.767,1.11,333,260,21.92,0.0,9.61
13030000AZ0082,2.5,2.15,0.606,0.424,1.96,989,266,73.1,36.5,48.94
831540000B0043,2.35,1.95,0.592,0.523,2.58,456,102,77.63,57.24,61.18
830680000D0229,2.0,2.0,0.59,0.448,1.46,1862,805,56.77,3.44,31.69
840370000D0779,1.45,1.45,0.418,0.536,1.4,28,15,46.43,0.0,28.57
84018000AD0236,,,,,,,,,,
841260000F0147,2.45,1.4,0.528,0.485,2.81,1055,285,72.99,44.27,64.36
840530000A0061,2.4,1.4,0.406,0.721,2.32,4168,1349,67.63,55.11,56.91
84129000BS0054,2.0,1.6,0.576,0.489,1.75,201,88,56.22,10.45,42.79
840140000B0018,2.4,1.35,0.525,0.477,2.74,2603,710,72.72,42.84,63.54
26367000AT0066,2.5,1.4,0.543,0.487,2.66,1534,397,74.12,46.87,62.39
830570000C0943,2.4,2.05,0.574,0.489,4.77,1730,160,90.75,81.1,79.02
84072000BE0015,2.3,1.65,0.571,0.503,1.5,1445,649,55.09,10.8,33.36
262330000D0063,2.3,1.4,0.533,0.461,3.32,1367,300,78.05,52.38,69.86
84073000AV0269,2.25,1.25,0.383,0.466,60.27,4400,55,98.75,97.32,98.34
26317000AI0105,2.35,1.4,0.53,0.58,2.61,230,65,71.74,51.3,61.74
841500000D0246,2.2,1.4,0.513,0.465,5.62,3330,425,87.24,72.58,82.19
84118000AH0201,2.15,1.65,0.567,0.494,1.86,3821,1310,65.72,30.62,46.35
070990000F0830,2.2,1.65,0.543,0.447,3.76,6229,1047,83.19,62.37,73.43
26071000AC0224,2.2,2.0,0.597,0.441,1.52,460,192,58.26,5.43,34.13
841080000B0676,2.3,1.65,0.413,0.553,1.63,456,228,50.0,9.65,38.82
26345000AT0273,2.25,1.4,0.427,0.703,1.2,7514,5205,30.73,1.42,16.76
841150000A0005,2.05,1.4,0.446,0.452,6.77,210,28,86.67,70.48,85.24
070890000D1252,1.95,1.3,0.491,0.544,1.48,971,528,45.62,0.0,32.54
841340000D0007,2.25,1.4,0.51,0.618,2.94,34734,8304,76.09,61.32,65.98
84082000AR0325,2.2,1.4,0.471,0.593,10.24,819,64,92.19,86.81,90.23
263770000H0634,2.45,1.35,0.541,0.459,2.38,1594,501,68.57,31.56,57.97
84008000AE0128,2.35,1.65,0.532,0.415,5.08,1853,241,86.99,68.65,80.3
83097000AK0091,2.45,2.15,0.631,0.511,1.63,393,135,65.65,32.82,38.68
84050000AR0264,2.0,1.4,0.54,0.488,1.59,1011,508,49.75,0.0,37.29
841130000C0292,2.45,1.35,0.532,0.433,3.35,6716,1509,77.53,48.08,70.16
84028000AC0162,2.0,1.2,0.397,0.705,3.47,596,124,79.19,70.47,71.14
263410000C0192,2.15,1.2,0.475,0.536,1.61,1005,576,42.69,0.0,37.71
830940000D0142,2.1,1.3,0.486,0.582,1.51,470,265,43.62,3.19,33.83
841260000F1021,1.25,1.05,0.243,0.667,71.0,1136,10,99.12,98.68,98.59
84138000AR0035,2.5,1.35,0.517,0.522,3.64,1009,203,79.88,61.45,72.55
840200000C1848,1.3,1.15,0.33,0.564,43.12,8710,115,98.68,97.66,97.68
831270000D0024,1.75,1.55,0.476,0.417,1.65,59643,24939,58.19,0.0,39.58
841330000B0005,2.05,1.35,0.529,0.581,2.8,1472,396,73.1,53.74,64.33
261820000B0253,2.4,1.4,0.327,0.76,1.4,264,149,43.56,25.76,28.41
830320000E1278,2.45,2.05,0.594,0.429,1.47,582,243,58.25,2.58,31.96
26054000AE0220,2.2,1.4,0.533,0.539,1.69,261,131,49.81,6.9,41.0
13030000AX0182,2.0,1.9,0.444,0.397,13.84,692,27,96.1,90.17,92.77
84050000AC0153,,,,,,,,,,
830210000C0255,2.0,1.3,0.289,0.333,129.17,2971,15,99.5,98.49,99.23
831000000D1582,2.15,2.0,0.565,0.489,1.42,567,253,55.38,8.82,29.81
840490000C0320,2.15,1.6,0.441,0.686,4.67,850,127,85.06,78.24,78.59
840170000C1285,2.1,1.65,0.575,0.558,1.45,503,232,53.88,17.3,30.82
840370000C0072,2.5,1.6,0.552,0.482,3.21,1362,274,79.88,58.3,68.87
840870000L0573,1.9,1.65,0.425,0.682,2.44,513,161,68.62,54.0,59.06
26377000AM0361,2.45,1.35,0.371,0.815,1.33,32,22,31.25,15.62,25.0
840370000C0533,2.2,1.5,0.385,0.59,1.51,151,85,43.71,4.64,33.77
840870000M0737,1.95,1.65,0.549,0.63,2.75,99,29,70.71,53.54,63.64
841380000B0112,2.5,1.4,0.347,0.719,2.08,1140,423,62.89,48.42,51.93
83097000AO0174,2.5,1.7,0.441,0.627,1.27,1556,998,35.86,0.0,21.02
07279000AC0124,2.05,1.65,0.568,0.51,1.58,1598,687,57.01,15.77,36.8
830320000E1432,2.5,2.15,0.484,0.546,2.35,3284,1045,68.18,41.75,57.49
830960000A0048,2.4,1.2,0.343,0.612,1.38,4733,2934,38.01,0.0,27.38
07140000ZK0019,2.35,1.95,0.566,0.396,4.76,3962,506,87.23,67.74,78.98
830310000C0224,2.05,1.8,0.573,0.462,1.42,1995,917,54.04,0.5,29.42
830180000D0078,2.45,2.1,0.589,0.484,3.07,862,156,81.9,62.65,67.4
830720000F0320,2.0,2.0,0.564,0.6,10.88,1883,72,96.18,93.63,90.81
13079000AY0064,2.35,2.05,0.618,0.46,1.43,1286,513,60.11,13.3,30.09
072010000C0417,2.4,1.6,0.537,0.419,1.72,503,210,58.25,0.4,41.75
07345000ZB0212,2.35,0.9,0.272,0.692,1.25,166,117,29.52,0.0,19.88
84036000AX0116,2.4,1.4,0.547,0.484,2.02,474,181,61.81,21.1,50.42
261920000B0291,2.35,1.2,0.362,0.706,3.08,1906,471,75.29,65.01,67.52
830460000F0446,2.4,2.15,0.569,0.424,5.66,1756,163,90.72,78.13,82.35
83071000CC0197,1.95,1.95,0.568,0.427,1.54,2672,1149,57.0,0.0,35.18
83097000AO0120,2.0,1.75,0.576,0.482,1.47,1747,841,51.86,0.11,32.11
841500000G0047,2.3,1.4,0.535,0.538,1.61,668,320,52.1,10.93,38.02
840290000C0688,2.25,1.1,0.318,0.662,1.29,143,94,34.27,0.7,22.38
26345000AW0025,2.5,1.4,0.511,0.485,10.92,2447,131,94.65,88.97,90.85
07228000AM0065,2.3,2.0,0.474,0.406,2.15,658,262,60.18,1.98,53.5
83071000DB0006,2.0,2.0,0.603,0.485,2.19,6128,1573,74.33,47.1,54.42
840160000A0214,1.95,1.55,0.365,0.537,1.52,76,43,43.42,0.0,34.21
841360000C0349,2.45,1.35,0.487,0.378,3.41,1164,263,77.41,40.29,70.7
84137000AT0229,2.2,1.4,0.474,0.706,2.29,1525,481,68.46,55.34,56.33
840490000E0530,2.1,1.45,0.448,0.746,4.27,329,53,83.89,78.42,76.6
831540000E0570,2.05,2.0,0.586,0.431,1.86,8641,2791,67.7,25.1,46.33
26377000AT0247,1.95,1.15,0.425,0.498,8.7,1053,100,90.5,80.91,88.51
84149000AR0027,2.2,1.4,0.518,0.51,3.68,2758,554,79.91,60.62,72.84
841260000B0221,2.0,1.4,0.533,0.574,1.4,680,386,43.24,1.03,28.38
83097000AH0033,2.5,2.0,0.493,0.7,1.58,1057,534,49.48,27.81,36.52
830630000C0121,2.05,2.1,0.623,0.59,2.52,408,98,75.98,59.31,60.29
841000000B0149,2.15,1.25,0.464,0.537,1.79,1182,524,55.67,17.43,44.25
840440000C0884,2.2,1.65,0.559,0.482,1.49,1267,586,53.75,4.03,33.07
83148000AK0039,2.4,1.9,0.473,0.779,3.41,855,180,78.95,72.98,70.64
07152000AH0053,,,,,,,,,,
07042000BE0042,2.1,1.4,0.416,0.771,2.09,2956,1077,63.57,52.74,52.17
840020000C0718,2.65,1.35,0.515,0.389,2.32,5351,1579,70.49,24.16,56.89
841060000B1099,2.2,1.2,0.343,0.714,6.27,163,20,87.73,82.82,84.05
840910000D0030,,,,,,,,,,
83104000CE0047,2.05,1.95,0.57,0.432,1.57,1277,545,57.32,1.1,36.49
26345000AY0181,2.25,1.4,0.528,0.541,7.02,15397,1331,91.36,84.01,85.76
840420000C0548,2.4,1.35,0.509,0.468,3.6,605,137,77.36,51.57,72.23
830350000B0939,2.15,1.35,0.38,0.64,1.34,1038,669,35.55,0.0,25.14
830310000F1597,1.9,2.15,0.405,0.529,20.63,619,18,97.09,94.51,95.15
840530000A0062,2.4,1.4,0.476,0.494,3.17,716,157,78.07,55.59,68.44
840170000B2177,2.5,1.65,0.466,0.677,2.44,1841,568,69.15,54.43,59.04
841330000F0609,2.3,1.35,0.497,0.412,2.44,872,270,69.04,24.89,59.06
83136000AE0093,2.25,1.95,0.569,0.434,11.73,5490,233,95.76,90.22,91.48
840530000A0125,2.4,1.4,0.382,0.688,2.16,9769,3648,62.66,45.7,53.62
840970000D0233,2.5,1.4,0.542,0.452,2.77,7140,1816,74.57,43.67,63.94
26071000ZB0019,2.5,1.15,0.283,0.668,1.32,1790,1197,33.13,0.0,24.47
84012000AD0346,2.55,1.25,0.534,0.455,2.36,434,151,65.21,23.5,57.6
84149000AZ0052,2.1,1.4,0.418,0.66,1.26,5153,3380,34.41,0.6,20.55
840520000D0075,2.65,1.15,0.301,0.419,6.73,101,13,87.13,69.31,85.15
83062000AO0230,2.05,2.15,0.602,0.434,1.42,5305,2206,58.42,4.18,29.48
840490000A0864,2.0,1.45,0.529,0.541,1.55,879,419,52.33,11.95,35.61
840960000F0503,2.0,1.3,0.4,0.553,14.23,754,42,94.43,89.92,92.97
263570000H0259,2.45,1.4,0.513,0.497,4.06,1336,229,82.86,65.49,75.37
07070000AI0010,,,,,,,,,,
830670000B0046,2.35,2.1,0.541,0.297,7.17,2755,250,90.93,69.4,86.06
830460000B0875,,,,,,,,,,
84008000AN0051,2.25,1.65,0.503,0.43,6.75,1100,122,88.91,74.18,85.18
072640000G0252,2.25,1.4,0.539,0.539,2.0,4417,1562,64.64,34.34,49.9
84104000AI0107,2.15,1.4,0.513,0.684,2.88,455,119,73.85,61.76,65.27
841460000B0452,2.35,1.4,0.513,0.407,3.03,5621,1310,76.69,42.8,67.02
84008000AE0124,2.05,1.65,0.572,0.515,2.17,454,155,65.86,33.7,53.96
13056000DS0184,2.25,1.95,0.592,0.501,3.09,2442,468,80.84,61.75,67.61
841170000C0205,2.15,1.2,0.473,0.529,2.77,1488,460,69.09,41.53,63.84
841170000A0281,2.5,1.4,0.499,0.486,5.64,1207,139,88.48,76.3,82.27
840090000E0069,2.5,1.35,0.362,0.736,1.47,1698,909,46.47,27.27,31.74
07324000AX0490,1.45,1.35,0.392,0.558,1.35,525,300,42.86,0.0,25.9
840560000B0415,2.05,1.35,0.531,0.515,1.55,1555,799,48.62,0.26,35.5
13050000BZ0090,2.55,2.1,0.606,0.474,1.62,657,220,66.51,29.38,38.2
841260000E0239,2.5,1.2,0.52,0.504,2.59,375,133,64.53,29.6,61.33
840870000L0729,1.9,1.6,0.413,0.628,1.9,190,76,60.0,36.32,47.37
840190000H0899,2.35,1.4,0.521,0.549,2.37,386,123,68.13,41.97,57.77
841340000D0100,2.0,1.2,0.368,0.475,149.74,4043,19,99.53,99.01,99.33
070340000C0082,2.15,1.6,0.492,0.496,7.3,584,56,90.41,80.65,86.3
840700000B0680,1.9,1.5,0.364,0.41,10.22,235,16,93.19,83.4,90.21
26071000ZD0042,2.35,2.1,0.613,0.424,1.37,1039,431,58.52,2.12,26.76
830830000C0410,,,,,,,,,,
840490000E0065,2.1,1.65,0.457,0.773,2.68,1322,360,72.77,64.75,62.71
841060000C0904,2.15,1.35,0.427,0.783,3.02,6280,1495,76.19,69.6,66.93
840390000A0034,2.0,1.65,0.441,0.851,1.66,1475,636,56.88,49.36,39.93
830570000D0127,2.55,1.85,0.417,0.8,6.98,370,36,90.27,87.84,85.68
841500000F0531,2.3,1.4,0.377,0.755,1.63,291,151,48.11,31.27,38.49
840300000E0911,2.25,1.65,0.53,0.459,2.05,326,122,62.58,18.4,51.23
840400000B0160,2.4,1.65,0.439,0.731,3.6,223,49,78.03,69.96,72.2
830490000D2492,2.4,1.1,0.341,0.661,1.31,3740,2483,33.61,0.0,23.56
830920000D0342,2.4,2.15,0.587,0.421,1.44,1078,450,58.26,0.83,30.33
840760000B0281,2.2,1.35,0.531,0.486,5.32,19762,2642,86.63,72.48,81.19
840160000L2362,2.0,1.65,0.445,0.757,6.58,4887,496,89.85,86.6,84.8
84118000AP0154,2.25,1.65,0.414,0.672,1.56,613,326,46.82,20.88,35.89
84082000AR0102,1.6,1.65,0.44,0.409,25.49,6193,128,97.93,94.95,96.08
840560000G0546,2.0,1.4,0.494,0.624,7.06,1842,164,91.1,85.72,85.83
830420000A0340,2.3,2.05,0.594,0.393,1.67,1488,556,62.63,4.91,40.12
831430000D1286,2.2,1.95,0.592,0.438,1.72,1014,376,62.92,15.29,41.81
840780000B1199,2.55,1.4,0.547,0.482,2.34,2856,784,72.55,43.0,57.28
07042000AE0044,2.3,1.4,0.534,0.453,1.7,1429,648,54.65,0.0,41.22
26367000AE0075,2.4,1.35,0.529,0.515,3.06,621,157,74.72,50.89,67.31
84036000AN0004,2.5,1.4,0.496,0.37,2.84,642,177,72.43,25.55,64.8
841360000C0661,2.2,1.35,0.488,0.446,3.24,911,211,76.84,48.08,69.15
840570000D0011,,,,,,,,,,
83097000AN0319,2.0,1.9,0.595,0.497,1.51,1401,578,58.74,17.06,33.62
13001000OX0373,2.45,2.15,0.608,0.406,2.09,3449,884,74.37,36.82,52.13
83097000AN0288,,,,,,,,,,
841380000S0245,1.55,1.25,0.385,0.587,36.85,6855,101,98.53,97.49,97.29
830460000A0296,1.95,1.9,0.556,0.56,7.98,3224,218,93.24,87.93,87.47
840300000E0626,2.2,1.65,0.388,0.658,1.57,520,288,44.62,15.77,36.35
263570000H0179,2.25,1.4,0.533,0.485,1.55,2443,1177,51.82,0.61,35.65
840300000E0162,2.4,1.65,0.525,0.429,3.62,431,78,81.9,57.77,72.39
263480000C0054,2.1,1.2,0.505,0.525,1.66,1591,855,46.26,0.0,39.79
840760000E0230,2.45,1.35,0.52,0.418,2.14,7746,2636,65.97,18.53,53.32
84028000AI0109,2.2,1.4,0.53,0.574,2.54,741,213,71.26,49.93,60.59
841060000C0660,2.0,1.4,0.542,0.539,1.51,4345,2208,49.18,5.64,33.56
26377000ZA0191,2.5,1.35,0.534,0.487,2.4,2821,828,70.65,39.7,58.42
262330000D0043,2.35,1.4,0.53,0.475,3.38,2860,613,78.57,54.86,70.45
831400000F0253,2.1,2.0,0.589,0.412,1.5,5228,2136,59.14,0.73,33.28
83116000AI0160,2.5,1.55,0.43,0.586,1.37,1816,1059,41.69,0.44,26.93
072450000D0482,1.95,1.6,0.495,0.426,1.9,453,192,57.62,0.44,47.46
840780000B0767,2.05,1.4,0.529,0.59,5.02,8005,994,87.58,78.94,80.07
26054000AO0024,2.35,1.4,0.491,0.709,2.34,4407,1321,70.02,57.73,57.34
840780000E0485,2.45,1.4,0.482,0.347,4.22,8421,1474,82.5,49.54,76.29
263800000C2168,2.0,2.0,0.603,0.508,1.3,4437,2285,48.5,0.0,23.08
84028000AV0085,2.0,1.4,0.439,0.715,3.6,7092,1388,80.43,72.65,72.25
070890000C1051,2.1,1.35,0.478,0.573,1.46,997,574,42.43,0.0,31.29
840370000G0066,2.4,1.55,0.491,0.502,3.97,1303,240,81.58,63.32,74.83
26054000AM0028,,,,,,,,,,
840890000I0696,2.5,1.35,0.348,0.653,2.21,1149,432,62.4,42.38,54.74
83042000AX0058,2.15,2.1,0.591,0.442,1.67,348,138,60.34,10.34,39.94
841260000A0407,2.35,1.4,0.504,0.414,4.92,2228,339,84.78,63.24,79.67
83016000AD0064,2.3,1.95,0.601,0.47,1.41,1352,598,55.77,5.92,29.22
84028000BD0190,2.3,1.4,0.536,0.552,2.49,1568,447,71.49,48.34,59.89
262850000D0298,2.5,1.4,0.519,0.438,2.52,1639,443,72.97,38.32,60.34
071130000B0856,2.1,1.65,0.556,0.499,1.89,1401,519,62.96,25.77,47.11
840170000H0382,2.3,1.6,0.547,0.559,5.15,788,109,86.17,75.25,80.58
26054000AL0125,2.1,1.4,0.344,0.663,1.77,1567,707,54.88,31.91,43.46
840890000F1082,2.5,1.35,0.521,0.422,3.61,2286,484,78.83,49.87,72.27
840290000E0776,2.25,1.4,0.349,0.82,3.03,354,91,74.29,68.64,66.95
84012000AE0743,2.35,1.1,0.477,0.578,1.76,88,52,40.91,0.0,43.18
841330000F0788,2.0,1.15,0.53,0.554,2.31,712,292,58.99,25.98,56.74
841460000C0291,2.4,1.4,0.38,0.701,3.28,449,103,77.06,67.26,69.49
841060000E0172,,,,,,,,,,
840390000H0737,2.25,1.45,0.49,0.544,2.94,374,93,75.13,54.28,66.04
840200000D0765,2.3,1.35,0.378,0.689,1.56,1139,576,49.43,26.6,36.08
830710000B3049,2.45,2.1,0.483,0.453,1.92,474,190,59.92,11.6,47.89
841340000E0345,2.45,1.4,0.532,0.504,2.12,1189,426,64.17,28.93,52.9
26367000AM0088,2.4,1.4,0.527,0.534,2.54,1300,381,70.69,45.15,60.69
84018000AH0242,2.45,1.65,0.567,0.48,2.99,1637,356,78.25,54.73,66.52
830350000A1116,2.1,2.0,0.602,0.48,1.45,1250,566,54.72,5.6,31.04
84028000AI0111,2.3,1.4,0.428,0.471,3.0,135,33,75.56,48.15,66.67
831250000E0235,2.05,2.15,0.512,0.372,8.4,991,73,92.63,80.22,88.09
84055000AM0010,2.15,1.35,0.482,0.496,3.7,255,59,76.86,53.33,72.94
26220000AC0011,2.45,1.4,0.443,0.546,2.03,1511,573,62.08,30.58,50.83
830460000F0442,2.55,2.0,0.496,0.523,3.06,104,23,77.88,57.69,67.31
83016000AM0527,2.0,1.8,0.571,0.474,1.42,1343,657,51.08,0.0,29.71
07324000AX0446,1.2,1.15,0.366,0.524,1.18,233,132,43.35,0.0,15.02
26345000AY0107,2.2,1.4,0.532,0.533,3.99,7167,1143,84.05,70.09,74.97
831080000D0402,2.05,2.0,0.585,0.488,1.25,315,158,49.84,0.0,20.32
830460000E1029,2.45,2.05,0.583,0.46,1.83,1223,371,69.66,34.1,45.3
84082000AE0120,2.1,1.65,0.556,0.562,3.21,1962,363,81.5,67.07,68.86
840960000C0092,2.0,1.4,0.373,0.671,1.39,2845,1700,40.25,11.0,28.26
841340000C0641,2.2,1.1,0.223,0.788,1.4,225,145,35.56,18.22,28.44
840120000A1074,2.15,1.25,0.486,0.454,3.04,2046,550,73.12,40.76,67.06
830960000B0149,2.4,1.95,0.552,0.416,1.93,745,273,63.36,11.95,48.05
841360000A0064,2.15,1.35,0.353,0.719,1.78,979,450,54.03,36.06,43.72
261920000C0438,1.4,1.1,0.353,0.678,28.54,4567,99,97.83,96.8,96.5
840780000D0630,2.1,1.4,0.285,0.752,2.04,625,270,56.8,42.56,51.04
26324000ZB0102,2.05,1.65,0.587,0.524,1.3,253,133,47.43,0.0,23.32
840370000A0851,2.15,1.65,0.551,0.431,1.82,2704,1060,60.8,9.1,45.19
13082000AL0137,2.0,1.95,0.45,0.607,1.45,3302,1924,41.73,4.0,31.16
840490000A0255,2.1,1.4,0.409,0.823,1.67,1285,636,50.51,39.84,40.0
26271000ZC0063,2.0,2.05,0.605,0.485,1.21,4900,2364,51.76,0.51,17.27
84104000AC0030,2.1,1.2,0.515,0.643,2.52,604,198,67.22,49.01,60.26
840720000B0080,2.35,1.65,0.563,0.469,1.5,440,207,52.95,0.0,33.18
841150000A0711,2.3,1.45,0.37,0.731,1.49,501,285,43.11,22.16,32.73
84082000AH0318,2.45,1.3,0.276,0.438,69.73,767,7,99.09,97.91,98.57
830970000D0037,1.8,1.8,0.203,0.267,109.12,1746,8,99.54,98.28,99.08
830180000D0403,2.05,1.65,0.558,0.442,1.55,1920,858,55.31,0.0,35.52
83112000DR0025,2.1,1.95,0.523,0.554,2.05,562,219,61.03,29.72,51.25
26054000AE0142,2.25,1.35,0.533,0.496,1.61,1092,515,52.84,4.85,37.91
830280000D0623,2.45,1.95,0.493,0.483,2.03,924,389,57.9,12.88,50.76
840490000D0210,2.05,1.45,0.508,0.544,2.21,767,254,66.88,39.11,54.76
83097000AS0078,2.4,2.05,0.608,0.43,1.65,4509,1527,66.13,21.31,39.48
83023000CD0148,2.25,1.75,0.515,0.396,8.4,2269,154,93.21,82.86,88.1
841260000E0729,2.45,1.4,0.52,0.462,4.58,893,150,83.2,63.61,78.16
840960000D0094,2.2,1.4,0.549,0.54,2.83,2873,737,74.35,52.45,64.67
840190000D1264,2.35,1.35,0.369,0.481,1.81,761,373,50.99,0.0,44.81
84104000AK0063,2.1,1.4,0.376,0.725,1.94,906,383,57.73,41.72,48.34
84118000AZ0014,2.0,1.4,0.537,0.453,1.81,2133,975,54.29,0.0,44.87
841330000C0406,2.25,1.35,0.51,0.431,3.4,5847,1248,78.66,50.49,70.58
831400000F0247,2.45,1.6,0.463,0.557,1.49,2190,1224,44.11,0.0,32.88
83016000AM0145,2.2,1.95,0.52,0.586,2.06,1259,444,64.73,39.79,51.55
830490000C0572,2.45,2.05,0.603,0.425,1.53,1219,468,61.61,9.76,34.45
072910000A0364,2.35,1.6,0.569,0.535,1.56,639,282,55.87,17.53,35.99
072640000G0134,2.35,1.4,0.508,0.48,3.63,1451,283,80.5,59.41,72.43
83107000BL0064,2.05,2.05,0.603,0.476,1.31,2278,1025,55.0,5.44,23.44
840970000B0235,2.15,1.4,0.543,0.53,1.52,771,387,49.81,5.32,34.24
830040000B0432,2.4,2.05,0.6,0.482,1.38,481,229,52.39,1.25,27.44
84086000AL0050,2.3,1.35,0.528,0.527,2.74,1457,384,73.64,50.03,63.49
84012000AR0040,1.95,1.0,0.336,0.314,29.8,596,11,98.15,94.13,96.64
830370000C0813,2.3,2.15,0.611,0.408,2.93,33132,5898,82.2,56.33,65.84
840100000A0815,2.35,1.35,0.53,0.465,3.22,1957,484,75.27,46.86,68.98
840960000A0125,2.15,1.4,0.492,0.487,6.35,1670,190,88.62,76.65,84.25
26054000AD0015,2.5,1.4,0.558,0.458,2.09,542,192,64.58,22.69,52.21
13085000AT0137,2.55,1.75,0.484,0.354,8.41,791,52,93.43,81.42,88.12
83148000AC0101,2.35,2.1,0.574,0.466,5.21,1813,215,88.14,74.57,80.81
840560000A0321,2.5,1.4,0.355,0.794,1.97,1041,397,61.86,51.97,49.18
070990000E0554,2.2,1.65,0.562,0.516,2.62,3034,729,75.97,53.46,61.87
13056000DV0079,1.85,1.55,0.154,0.211,55.46,721,4,99.45,97.36,98.2
26317000AC0120,2.45,1.4,0.528,0.442,2.77,5841,1450,75.18,43.88,63.84
840970000E0409,2.1,1.4,0.522,0.562,6.34,4099,434,89.41,81.17,84.22
841220000A0177,2.45,1.3,0.527,0.458,2.06,1220,477,60.9,14.59,51.39
830460000E1932,2.35,2.05,0.532,0.356,5.46,836,90,89.23,69.74,81.7
840770000A0092,2.45,1.65,0.49,0.425,6.96,362,37,89.78,75.97,85.64
070510000A2420,,,,,,,,,,
84149000AC0054,2.45,1.4,0.538,0.5,1.88,1660,640,61.45,22.83,46.75
841260000F0221,2.15,1.4,0.5,0.575,3.84,833,153,81.63,68.07,73.95
840190000G0502,2.25,1.4,0.441,0.765,3.02,892,228,74.44,66.59,66.93
262850000C0419,2.4,1.4,0.353,0.71,1.52,1801,954,47.03,25.43,34.09
261820000C0759,2.3,1.35,0.527,0.562,1.64,250,126,49.6,10.4,39.2
830730000D0540,2.5,1.75,0.419,0.58,1.53,1031,593,42.48,0.87,34.43
841060000A1110,1.85,1.4,0.514,0.516,1.37,2446,1258,48.57,0.25,26.98
840160000G0092,2.0,1.6,0.566,0.506,1.44,1076,543,49.54,0.28,30.76
830460000G1130,2.35,2.1,0.57,0.356,1.89,467,162,65.31,2.57,47.11
840490000A0232,2.1,1.45,0.402,0.796,4.28,1212,215,82.26,77.72,76.65
830260000E0022,,,,,,,,,,
07264000AZ0233,1.5,1.15,0.339,0.609,29.12,1951,42,97.85,96.46,96.57
841490000A0501,2.4,1.4,0.513,0.433,4.13,30651,4564,85.11,65.58,75.81
841370000D0043,2.2,1.4,0.506,0.465,3.64,1561,320,79.5,55.93,72.52
841090000C0049,2.25,1.65,0.56,0.535,1.54,875,400,54.29,14.51,34.97
84149000AI0030,2.2,1.4,0.529,0.491,2.17,956,337,64.75,28.14,53.87
840780000E0488,2.65,1.4,0.502,0.426,3.42,786,178,77.35,46.82,70.74
26165000AS0179,2.0,1.4,0.542,0.502,1.89,18735,7502,59.96,20.16,47.16
13050000BZ0151,2.05,2.0,0.606,0.497,1.19,4498,2210,50.87,1.09,16.07
840560000A0606,2.5,1.35,0.547,0.485,1.82,647,284,56.11,9.43,44.98
841220000B0540,2.1,1.35,0.514,0.528,2.53,10792,2718,74.81,52.31,60.46
26345000AB0010,2.5,1.4,0.534,0.498,5.74,12426,1445,88.37,76.67,82.57
26345000AT0150,2.05,1.4,0.541,0.556,1.51,996,501,49.7,9.54,33.63
070150000A0293,1.6,1.7,0.469,0.481,1.59,715,342,52.17,0.56,36.92
841500000D0197,2.3,1.35,0.301,0.767,1.81,367,188,48.77,33.24,44.69
13079000AT0052,2.05,2.05,0.624,0.56,2.03,1446,376,74.0,53.6,50.69
840290000B0747,2.0,1.4,0.544,0.588,1.68,662,284,57.1,27.04,40.63
263350000A0352,2.15,1.55,0.48,0.459,36.26,4387,89,97.97,95.58,97.24
831340000A0489,2.45,2.15,0.556,0.484,1.59,1839,828,54.98,6.96,36.92
840970000D0162,2.4,1.4,0.38,0.774,3.56,1359,294,78.37,72.04,71.89
840300000E1299,1.85,1.4,0.412,0.548,14.09,761,34,95.53,91.85,92.9
071680000A0290,2.4,1.65,0.533,0.402,3.13,1252,267,78.67,46.88,68.05
26377000AH0098,2.5,1.3,0.43,0.555,2.02,1402,540,61.48,30.6,50.43
840370000C0073,2.6,1.65,0.574,0.515,1.79,1423,570,59.94,22.21,44.06
830670000D1468,2.35,1.95,0.608,0.489,1.43,828,420,49.28,0.0,30.07
841220000A0054,1.7,1.25,0.428,0.636,23.54,5485,131,97.61,96.24,95.75
841170000B0027,2.15,1.4,0.53,0.56,1.64,684,332,51.46,13.3,39.18
840220000A0627,2.5,1.4,0.549,0.46,2.23,916,303,66.92,28.17,55.24
83097000AS0065,2.3,2.1,0.613,0.496,1.29,1879,845,55.03,9.26,22.46
83136000AO0090,,,,,,,,,,
261820000A1124,2.25,1.4,0.536,0.523,2.73,1474,382,74.08,50.41,63.43
840960000E0101,2.2,1.4,0.526,0.509,1.9,842,347,58.79,19.0,47.27
261920000C0832,1.55,1.25,0.356,0.658,95.09,7512,48,99.36,99.03,98.95
83023000AD0326,,,,,,,,,,
07143000AK0818,2.05,2.05,0.618,0.537,2.17,63,22,65.08,34.92,53.97
84086000AP0354,2.45,1.35,0.508,0.498,3.86,792,163,79.42,58.71,74.12
84102000BI0244,,,,,,,,,,
841460000C0337,2.05,1.4,0.496,0.503,3.95,1405,262,81.35,62.92,74.66
261820000B0192,2.15,1.35,0.527,0.591,4.14,808,146,81.93,69.43,75.87
84041000AD0266,2.2,1.65,0.496,0.467,8.98,916,63,93.12,85.26,88.86
84012000AR0424,,,,,,,,,,
073170000B0043,2.45,2.05,0.586,0.571,1.45,353,198,43.91,1.7,30.88
830490000F1379,2.4,2.05,0.601,0.463,5.54,5996,524,91.26,81.12,81.95
13050000BL0190,2.2,2.1,0.601,0.457,1.27,986,443,55.07,1.62,21.1
830670000C2079,2.5,2.05,0.598,0.407,1.54,1629,630,61.33,4.97,35.17
83023000CM0047,,,,,,,,,,
840300000C0683,2.1,1.45,0.563,0.446,2.69,325,95,70.77,34.46,62.77
840290000B0767,2.05,1.35,0.543,0.582,2.17,1459,488,66.55,42.49,54.01
073430000B0261,2.2,1.5,0.544,0.55,1.48,455,233,48.79,6.81,32.31
830940000A0266,2.4,2.0,0.373,0.846,8.09,356,33,90.73,89.04,87.64
83148000BV0068,2.4,2.15,0.476,0.649,3.0,870,192,77.93,65.98,66.67
073430000D0856,2.65,1.4,0.491,0.397,2.08,191,75,60.73,1.05,51.83
073430000E0159,2.25,1.65,0.476,0.641,4.92,1201,159,86.76,79.35,79.68
840490000E0636,2.15,1.5,0.445,0.765,2.42,244,88,63.93,52.87,58.61
830260000F1060,2.45,1.8,0.475,0.514,12.64,417,19,95.44,91.13,92.09
261800000C0122,2.5,1.35,0.38,0.65,2.12,924,344,62.77,42.75,52.92
830210000N0972,2.1,1.85,0.508,0.409,7.06,501,54,89.22,73.65,85.83
26220000AI0048,2.25,1.4,0.53,0.522,2.03,546,200,63.37,29.85,50.73
841460000A0196,2.3,1.4,0.392,0.685,1.85,888,387,56.42,36.37,45.83
841380000S0186,2.25,1.35,0.491,0.522,5.53,1428,187,86.9,74.93,81.93
261790000B0569,2.15,2.05,0.564,0.423,4.8,490,63,87.14,69.59,79.18
83097000AP0009,2.05,2.1,0.615,0.499,1.86,659,212,67.83,35.51,46.28
840300000C0638,,,,,,,,,,
841330000B0273,2.45,1.35,0.511,0.493,3.78,2571,495,80.75,60.91,73.55
263480000F0031,2.5,1.35,0.451,0.783,5.73,275,36,86.91,83.27,82.55
84082000AM0252,,,,,,,,,,
84028000AS0008,2.0,1.35,0.417,0.703,8.04,2188,175,92.0,88.62,87.57
13110000AT0153,2.1,2.15,0.598,0.421,3.38,20778,3259,84.32,62.74,70.4
840390000G0856,2.6,1.45,0.546,0.462,1.75,184,84,54.35,1.09,42.93
84102000BC0104,,,,,,,,,,
831080000C0034,1.95,1.15,0.497,0.496,1.81,1087,542,50.14,0.0,44.89
26367000AL0073,2.35,1.4,0.538,0.423,2.05,3829,1433,62.58,11.54,51.29
84149000BA0013,2.2,1.4,0.353,0.715,1.39,1796,1161,35.36,9.63,27.9
840960000F0254,2.2,1.4,0.438,0.761,2.25,4748,1537,67.63,57.48,55.6
84012000AI0137,2.2,1.05,0.402,0.403,8.35,593,62,89.54,74.03,88.03
84012000AE0089,2.1,1.05,0.414,0.583,10.17,244,21,91.39,85.25,90.16
841500000E0165,2.4,1.4,0.549,0.474,1.8,369,162,56.1,7.32,44.44
263480000D0054,2.45,1.35,0.334,0.823,1.82,104,51,50.96,40.38,45.19
830500000H0141,2.4,2.0,0.549,0.535,3.62,1179,204,82.7,67.68,72.35
830310000I0346,2.3,2.0,0.595,0.41,3.45,29126,4851,83.34,59.41,70.97
831400000B1507,2.55,2.0,0.58,0.613,4.0,1621,261,83.9,73.72,75.02
261820000G0807,2.45,1.4,0.529,0.426,2.13,2175,766,64.78,17.24,53.15
830910000C0300,2.3,2.1,0.622,0.484,1.97,1490,396,73.42,45.03,49.13
840840000B1239,2.5,1.35,0.354,0.63,1.38,2387,1418,40.59,5.74,27.4
830730000A0795,1.8,1.85,0.528,0.397,1.73,4597,1834,60.1,0.0,42.31
840840000B0561,2.25,1.35,0.515,0.542,3.29,813,180,77.86,59.16,69.62
070130000C0124,2.0,2.0,0.639,0.6,1.84,190,66,65.26,42.11,45.79
830490000D1984,,,,,,,,,,
840370000D0076,2.0,1.65,0.563,0.513,1.5,1238,605,51.13,4.68,33.44
83148000AC0103,2.4,2.0,0.586,0.456,9.8,3265,160,95.1,89.25,89.8
830210000L0018,2.25,2.05,0.448,0.333,4.32,363,63,82.64,47.93,76.86
130480000C0407,2.5,2.15,0.58,0.411,2.36,208,46,77.88,46.15,57.69
073130000B0669,2.35,1.95,0.588,0.391,2.22,1404,468,66.67,14.81,54.99
84031000AI0040,2.2,1.65,0.583,0.494,1.51,1112,486,56.29,11.6,33.81
841000000C0329,2.35,1.25,0.485,0.457,4.06,829,159,80.82,58.02,75.39
26054000AE0052,2.15,1.2,0.363,0.694,1.22,772,545,29.4,0.0,18.01
26054000AE0243,1.9,1.4,0.523,0.509,1.45,4004,2048,48.85,0.0,30.94
263570000L0155,2.3,1.4,0.539,0.475,1.61,2927,1363,53.43,1.98,37.72
840440000D0640,2.25,1.6,0.556,0.576,2.74,628,160,74.52,55.73,63.54
831080000D0064,2.5,1.95,0.511,0.675,1.24,2148,1358,36.78,6.33,19.18
13087000AN0235,2.4,1.9,0.408,0.355,39.62,951,11,98.84,96.74,97.48
830670000D2902,2.0,1.5,0.546,0.481,1.6,5690,2706,52.44,1.05,37.59
840370000C0943,1.75,1.55,0.397,0.721,2.06,483,178,63.15,48.86,51.35
830570000F0279,2.45,2.05,0.564,0.458,2.53,321,87,72.9,40.81,60.44
830670000D0267,2.05,1.95,0.578,0.394,1.79,834,319,61.75,3.0,44.24
84072000BM0082,2.3,1.65,0.553,0.494,2.61,9764,2348,75.95,51.3,61.66
840960000F0599,2.1,1.4,0.444,0.767,6.05,266,33,87.59,83.83,83.46
26271000ZB0186,2.4,2.0,0.486,0.641,1.77,2428,1104,54.53,29.08,43.62
13050000BK0265,2.45,2.05,0.605,0.436,1.53,695,287,58.71,5.32,34.82
830480000B0518,2.15,2.1,0.568,0.376,1.88,12299,4565,62.88,1.41,46.74
07324000AX0214,1.75,1.35,0.477,0.51,1.45,779,397,49.04,0.0,30.81
84118000AE0143,2.5,1.4,0.372,0.729,3.35,1576,339,78.49,70.49,70.11
26345000AD0186,2.25,1.4,0.372,0.782,4.1,2251,401,82.19,77.21,75.61
83054000BH0041,2.0,1.7,0.528,0.399,1.79,2417,965,60.07,0.0,44.15
830910000E0882,2.2,2.05,0.579,0.424,2.49,669,162,75.78,42.9,59.79
07264000AO0100,2.3,1.4,0.534,0.528,4.89,9151,1234,86.52,74.47,79.54
84050000AT0042,2.15,1.65,0.559,0.495,1.33,1700,882,48.12,0.0,24.88
262850000C0841,2.5,1.4,0.506,0.37,2.56,6722,1897,71.78,23.65,60.95
831250000C0311,2.45,2.15,0.602,0.365,1.63,639,222,65.26,4.69,38.5
841370000A0155,2.2,1.15,0.423,0.741,6.77,1504,169,88.76,84.84,85.24
84028000AN0044,2.1,1.4,0.531,0.541,3.24,2249,477,78.79,60.83,69.14
13079000BN0020,2.4,2.05,0.586,0.358,2.46,5259,1382,73.72,26.66,59.38
830720000F1678,2.45,1.9,0.551,0.446,13.56,2115,78,96.31,91.73,92.62
261820000E0525,2.5,1.4,0.36,0.705,2.35,1900,592,68.84,55.79,57.47
841330000F1158,2.25,1.35,0.529,0.497,2.04,1465,539,63.21,25.94,51.06
830350000E2347,2.45,2.0,0.602,0.443,1.7,1260,481,61.83,13.73,41.11
070150000A0273,2.0,2.15,0.599,0.434,1.51,2307,993,56.96,0.78,33.72
841360000B0684,2.2,1.35,0.507,0.664,1.66,1987,949,52.24,28.03,39.61
840490000C0077,2.35,1.65,0.516,0.357,3.43,812,178,78.08,38.67,70.81
830920000D1410,2.3,2.05,0.456,0.269,5.98,508,45,91.14,67.13,83.27
84018000AC0042,,,,,,,,,,
83136000AM0052,2.35,2.0,0.491,0.637,2.14,963,364,62.2,40.71,53.27
84104000AL0261,,,,,,,,,,
840950000B0331,2.4,1.35,0.494,0.494,10.25,5567,376,93.25,86.33,90.25
83116000AI0217,2.1,1.3,0.531,0.485,1.74,560,271,51.61,0.18,42.5
841220000A1048,2.2,1.15,0.419,0.421,4.32,203,45,77.83,47.29,76.85
841500000H0207,2.3,1.4,0.363,0.73,1.93,4439,1894,57.33,41.59,48.25
26345000AK0233,2.25,1.4,0.332,0.652,1.69,1663,790,52.5,27.12,40.89
840440000A0544,2.0,1.65,0.564,0.541,1.85,2080,726,65.1,35.53,46.01
841210000B0358,2.45,1.35,0.526,0.488,3.83,3190,585,81.66,62.45,73.92
840760000B0282,2.5,1.35,0.403,0.777,5.08,4533,640,85.88,81.82,80.32
840370000C0238,2.0,1.65,0.434,0.724,3.66,871,194,77.73,69.23,72.68
830720000F1358,2.35,2.0,0.611,0.439,1.64,1385,507,63.39,16.53,38.92
840490000A0411,2.0,1.65,0.557,0.515,1.38,2851,1440,49.49,1.96,27.6
84024000AH0244,2.25,1.15,0.458,0.579,4.52,941,173,81.62,68.23,77.9
84122000AS0164,2.15,1.35,0.335,0.693,1.44,615,356,42.11,16.42,30.73
841380000B0032,2.25,0.9,0.308,0.536,97.11,1748,15,99.14,98.4,98.97
261920000B0141,2.35,1.2,0.455,0.46,6.63,981,114,88.38,74.72,84.91
841480000B0351,2.25,1.6,0.541,0.473,2.02,915,321,64.92,25.9,50.38
83097000AI0079,2.4,1.5,0.451,0.606,1.41,781,458,41.36,3.2,28.94
263570000B0013,2.0,1.4,0.54,0.568,1.8,608,266,56.25,23.03,44.57
830720000H0247,,,,,,,,,,
840160000A0173,2.2,1.65,0.562,0.524,2.12,1329,389,70.73,44.09,52.9
841340000B0592,2.0,1.3,0.356,0.672,4.24,441,82,81.41,72.34,76.42
840170000B1669,2.45,1.35,0.523,0.604,1.81,58,32,44.83,8.62,44.83
84028000AN0072,2.1,1.4,0.521,0.609,10.43,4403,273,93.8,89.83,90.42
830580000H0402,2.45,2.15,0.576,0.358,4.99,5325,578,89.15,69.65,79.94
072590000B0046,2.1,1.4,0.535,0.62,4.61,1908,272,85.74,76.99,78.3
840290000D0622,2.25,1.35,0.335,0.732,1.16,440,322,26.82,0.0,13.86
07345000ZC0378,1.1,1.55,0.42,0.523,1.53,842,441,47.62,0.0,34.8
262750000C0127,2.65,1.4,0.507,0.472,2.8,397,109,72.54,41.81,64.23
83116000BX0130,2.45,1.8,0.469,0.333,21.45,1394,38,97.27,91.82,95.34
84018000AC0095,,,,,,,,,,
830320000E1471,2.0,2.0,0.621,0.52,1.26,1400,714,49.0,2.0,20.43
840520000D0070,2.45,1.35,0.529,0.419,2.4,4341,1394,67.89,23.29,58.4
830950000H1094,2.5,2.15,0.585,0.464,2.56,3525,938,73.39,42.64,60.91
830580000I0143,2.2,1.95,0.408,0.472,35.64,998,17,98.3,96.39,97.19
840300000D0761,2.2,1.3,0.425,0.626,12.64,1049,62,94.09,90.56,92.09
840390000F1504,2.0,1.65,0.518,0.632,1.46,1457,738,49.35,19.9,31.3
07070000AI0400,1.55,1.9,0.248,0.353,36.4,364,6,98.35,95.33,97.25
841330000G0190,2.45,1.35,0.528,0.48,3.04,1636,376,77.02,52.08,67.05
26345000AI0008,2.25,1.4,0.367,0.684,2.28,868,333,61.64,43.89,56.22
840560000F0685,2.25,1.4,0.377,0.54,4.94,232,34,85.34,72.84,79.74
841380000M0041,1.25,1.1,0.316,0.503,44.12,13369,161,98.8,97.61,97.73
840020000A0015,2.0,1.35,0.525,0.494,1.58,5385,2681,50.21,0.0,36.82
841360000C0810,2.15,1.35,0.341,0.751,1.34,822,530,35.52,14.11,25.3
840020000A1472,2.55,1.35,0.496,0.551,3.54,3398,697,79.49,62.8,71.72
26250000ZE0089,2.5,1.25,0.404,0.542,1.56,14067,7722,45.11,0.0,35.86
26317000AB0014,2.4,1.35,0.515,0.441,4.79,21510,3054,85.8,67.82,79.13
831080000G0116,,,,,,,,,,
830270000B0235,2.45,1.9,0.595,0.547,1.81,520,181,65.19,36.35,44.62
841160000A0033,2.3,1.4,0.502,0.475,6.67,3163,298,90.58,80.15,85.01
841160000A0563,2.6,1.4,0.535,0.418,1.83,1052,439,58.27,0.1,45.34
261800000B0974,2.45,1.4,0.527,0.468,3.08,3647,857,76.5,49.74,67.56
841220000H0049,1.65,1.2,0.366,0.462,20.36,1181,43,96.36,92.13,95.09
261800000C0855,2.2,1.4,0.506,0.544,4.21,2036,333,83.64,69.94,76.23
840890000B0125,2.5,1.35,0.524,0.445,2.85,1473,373,74.68,43.11,64.9
841060000A0270,2.15,1.4,0.548,0.518,1.47,2357,1180,49.94,3.27,32.2
830040000C0304,2.5,2.15,0.481,0.616,2.39,523,162,69.02,49.71,58.13
26054000AC0258,2.2,1.4,0.416,0.694,1.18,1872,1330,28.95,0.0,15.49
130330000C0020,2.5,2.0,0.486,0.633,1.89,1001,445,55.54,29.77,46.95
83116000BX0169,2.0,1.95,0.55,0.363,2.04,1784,629,64.74,2.97,51.07
07245000AP0177,1.05,1.25,0.297,0.659,1.3,1017,674,33.73,0.0,23.01
840490000A0917,2.0,1.45,0.554,0.52,1.8,338,142,57.99,19.23,44.38
84102000AH0115,2.1,1.65,0.546,0.527,5.86,3694,393,89.36,79.81,82.95
262330000D0389,2.45,1.4,0.532,0.458,2.07,2338,849,63.69,20.7,51.75
07345000ZB0316,1.3,0.85,0.34,0.619,1.36,507,315,37.87,0.0,26.63
840960000D0044,2.25,1.4,0.535,0.528,2.0,893,329,63.16,30.24,50.06
262260000B0535,2.25,1.4,0.415,0.664,1.37,2179,1316,39.61,9.09,27.26
83116000AV0404,2.45,1.65,0.425,0.595,1.42,290,173,40.34,0.0,29.66
841510000B0343,2.5,1.35,0.533,0.463,2.85,1344,358,73.36,42.49,64.96
26377000AN0229,1.45,1.15,0.351,0.618,18.69,2373,76,96.8,94.82,94.65
840370000F0031,2.6,1.4,0.465,0.518,3.59,115,29,74.78,51.3,72.17
830940000F0489,2.35,1.9,0.451,0.442,2.84,312,87,72.12,36.86,64.74
070150000B0017,2.0,1.65,0.566,0.484,1.42,435,215,50.57,0.0,29.43
840390000H0662,2.0,1.65,0.564,0.51,1.48,1465,757,48.33,0.0,32.56
13079000AE0253,2.2,2.15,0.617,0.473,1.57,5504,1702,69.08,34.68,36.14
130510000B0514,2.5,1.95,0.556,0.349,2.23,433,123,71.59,18.71,55.2
84012000AH0148,,,,,,,,,,
840970000D0139,2.35,1.4,0.354,0.691,1.4,1579,922,41.61,15.45,28.37
840690000A0211,2.25,1.6,0.473,0.506,6.24,474,44,90.72,81.65,83.97
13034000CK0129,2.45,2.1,0.605,0.46,2.03,1733,421,75.71,47.14,50.66
840260000F0927,2.4,1.35,0.371,0.683,1.64,1682,848,49.58,26.16,39.12
830450000H0034,2.0,2.15,0.572,0.482,3.15,937,150,83.99,66.81,68.3
840870000L0237,2.5,1.6,0.536,0.469,6.12,1941,198,89.8,78.26,83.67
072590000B1060,2.5,1.4,0.547,0.491,2.73,4268,1060,75.16,49.41,63.4
84106000AO0042,2.35,1.4,0.514,0.562,1.95,748,279,62.7,33.69,48.8
07264000AE0296,2.25,1.4,0.344,0.698,1.54,1130,623,44.87,21.06,35.13
07143000AD0011,2.0,1.75,0.598,0.559,1.24,293,167,43.0,0.0,19.45
26377000AY0146,1.25,1.05,0.289,0.571,41.8,2508,36,98.56,97.49,97.61
84012000AR0277,2.35,1.2,0.472,0.519,4.36,789,150,80.99,63.37,77.06
263570000M0058,2.35,1.4,0.485,0.551,3.2,371,92,75.2,54.99,68.73
840970000B0378,,,,,,,,,,
830720000G1565,2.25,1.95,0.468,0.783,3.16,559,137,75.49,68.69,68.34
070130000B0804,2.2,1.45,0.408,0.629,1.3,539,350,35.06,0.0,23.01
840370000E0882,1.9,1.65,0.437,0.68,1.87,237,104,56.12,35.44,46.41
07152000AH0022,2.2,2.05,0.505,0.587,1.35,505,294,41.78,0.79,26.14
841220000H0294,2.4,1.35,0.532,0.476,1.92,1428,554,61.2,18.42,48.04
840390000G0810,2.0,1.6,0.504,0.516,1.51,4441,2342,47.26,0.0,33.82
263570000V0117,2.15,1.35,0.447,0.751,1.53,951,464,51.21,35.02,34.7
840020000D0761,2.15,1.35,0.502,0.549,4.15,1602,274,82.9,68.85,75.91
830510000E0935,2.0,1.9,0.534,0.648,10.75,1043,57,94.53,91.56,90.7
841330000B0964,2.3,1.35,0.542,0.454,1.84,1163,522,55.12,1.12,45.66
840220000A0237,2.25,1.4,0.536,0.534,2.33,945,303,67.94,40.0,57.14
840960000C0086,1.8,1.2,0.369,0.696,11.99,959,64,93.33,90.41,91.66
13082000CE0054,1.25,2.0,0.514,0.476,1.76,17020,8103,52.39,0.0,43.09
84032000AX0124,2.4,1.65,0.567,0.47,2.12,1523,461,69.73,35.59,52.72
073170000B0297,2.0,1.8,0.583,0.48,1.35,1216,585,51.89,0.0,25.74
831060000A0419,2.1,2.15,0.596,0.46,3.25,3215,447,86.1,69.77,69.21
840420000E0964,2.5,1.35,0.531,0.458,3.49,5752,1250,78.27,52.54,71.33
840690000C0822,2.65,1.65,0.521,0.342,8.41,1950,158,91.9,76.31,88.1
26377000AB0176,2.5,1.35,0.486,0.414,5.81,1946,249,87.2,69.06,82.79
26345000AZ0211,2.3,1.4,0.543,0.532,2.12,1641,549,66.54,37.17,52.77
840300000D0851,2.2,1.65,0.415,0.808,2.95,516,135,73.84,67.64,66.09
83068000CX0077,2.35,2.0,0.529,0.532,1.47,2606,1377,47.16,0.73,32.08
261800000C0679,2.45,1.4,0.492,0.6,11.02,959,63,93.43,89.05,90.93
262750000G0254,2.3,1.4,0.541,0.476,1.67,11226,4916,56.21,8.09,40.19
84012000AO0604,2.25,1.25,0.302,0.722,2.09,634,254,59.94,44.48,52.05
830670000D1366,2.45,1.9,0.489,0.487,1.82,765,346,54.77,7.19,45.1
84104000AH0264,2.45,1.4,0.479,0.495,5.65,814,95,88.33,76.41,82.31
26345000AV0109,2.0,1.2,0.329,0.842,5.81,488,64,86.89,84.43,82.79
840300000C0744,2.1,1.6,0.552,0.503,1.84,692,268,61.27,22.98,45.66
830310000F0760,2.25,2.05,0.606,0.504,7.15,15570,973,93.75,87.6,86.01
841380000Q0304,2.35,1.2,0.482,0.638,1.66,1313,657,49.96,21.55,39.91
840370000A0218,2.3,1.65,0.509,0.434,3.51,561,108,80.75,55.61,71.48
840870000K0003,,,,,,,,,,
830250000G0041,2.4,1.85,0.532,0.694,4.22,845,145,82.84,75.27,76.33
840510000F1205,1.75,1.1,0.325,0.517,500.24,10505,15,99.86,99.72,99.8
830570000C0414,2.35,1.7,0.347,0.6,44.9,898,12,98.66,97.77,97.77
840980000A1120,2.45,1.4,0.56,0.531,2.04,517,198,61.7,27.85,50.87
840560000G0119,2.4,1.4,0.523,0.532,3.92,1313,236,82.03,66.18,74.49
841380000I0070,2.05,1.4,0.513,0.495,4.64,2096,315,84.97,69.66,78.44
84088000BI1345,,,,,,,,,,
841220000B0568,2.2,1.15,0.461,0.663,3.71,546,118,78.39,67.4,73.08
840370000B0410,2.55,1.1,0.348,0.577,1.48,284,168,40.85,0.0,32.39
83096000AD0097,2.3,1.95,0.604,0.422,1.64,676,259,61.69,9.17,38.91
840390000H0524,2.35,1.45,0.525,0.563,2.07,300,112,62.67,33.67,51.67
841260000B0138,2.35,1.4,0.491,0.459,4.61,1532,242,84.2,65.6,78.33
840870000M0150,2.5,1.45,0.542,0.468,1.69,562,241,57.12,8.36,40.75
840370000F0174,2.4,1.6,0.573,0.525,1.78,410,166,59.51,22.93,43.9
84102000BD0092,2.4,1.55,0.516,0.58,9.51,1692,116,93.14,88.18,89.48
840370000F0054,2.0,1.15,0.508,0.55,1.62,631,351,44.37,0.0,38.35
841460000B0762,2.4,1.2,0.392,0.756,3.85,150,31,79.33,72.67,74.0
830670000C1641,2.55,2.0,0.597,0.485,1.57,611,245,59.9,17.35,36.17
840170000D0687,2.3,1.65,0.415,0.767,1.47,346,188,45.66,29.19,32.08
263570000O0199,2.2,1.2,0.475,0.471,2.44,405,148,63.46,22.47,59.01
130510000D0135,2.45,2.05,0.607,0.439,1.67,1996,651,67.38,25.65,40.03
841170000C0997,2.05,1.4,0.348,0.709,1.75,697,329,52.8,33.43,42.9
830850000D0115,2.5,2.0,0.541,0.711,3.1,1217,298,75.51,65.57,67.79
840960000D0119,2.2,1.4,0.543,0.524,2.01,2298,803,65.06,33.33,50.3
070150000C0353,1.2,1.6,0.393,0.522,1.83,115,60,47.83,0.0,45.22
07264000AE0249,2.2,1.4,0.535,0.58,4.91,2265,326,85.61,75.19,79.65
261820000A0698,2.15,1.4,0.498,0.489,7.22,1734,161,90.72,81.03,86.16
26345000BD0129,2.2,1.4,0.48,0.656,7.08,4788,424,91.14,86.51,85.88
841500000B0765,2.3,1.4,0.412,0.727,1.47,5648,3088,45.33,24.77,32.05
830350000B0926,1.95,1.75,0.52,0.422,1.81,292,119,59.25,3.42,44.86
840170000C0291,2.0,1.55,0.54,0.455,1.63,4560,2037,55.33,1.78,38.53
830350000B0762,2.4,2.1,0.605,0.408,1.76,5656,1916,66.12,17.04,43.21
83097000AS0016,2.0,1.4,0.538,0.486,1.68,4647,2214,52.36,2.0,40.61
84004000BM0056,2.2,1.25,0.501,0.468,2.52,614,204,66.78,28.99,60.26
840390000F0021,2.0,1.55,0.264,0.75,1.89,104,51,50.96,34.62,47.12
13034000AY0019,2.4,1.65,0.396,0.691,1.22,1742,1259,27.73,0.0,17.74
84028000AB0052,2.4,1.4,0.529,0.479,2.63,1325,359,72.91,43.4,62.04
13001000MA0020,2.45,1.9,0.554,0.39,4.18,1674,247,85.24,62.19,76.11
07174000AI0098,2.4,0.8,0.328,0.716,1.21,956,749,21.65,0.0,17.47
830250000H0220,,,,,,,,,,
26179000ZB0044,2.05,1.7,0.445,0.659,1.2,784,560,28.57,0.0,16.71
840720000I0247,2.45,1.65,0.529,0.375,2.23,1757,592,66.31,10.19,55.21
840870000G0406,2.2,1.65,0.574,0.514,1.71,1100,484,56.0,14.36,41.55
841220000B0651,1.45,1.05,0.31,0.659,35.55,1564,27,98.27,97.38,97.19
830270000B0135,2.25,1.95,0.531,0.601,1.37,416,243,41.59,2.88,26.92
261920000A0777,2.45,1.4,0.502,0.361,1.89,16534,5836,64.7,2.13,47.08
84018000AB0130,2.35,1.45,0.345,0.364,50.69,659,8,98.79,96.66,98.03
07324000AW0031,1.55,1.9,0.504,0.5,1.72,112,53,52.68,5.36,41.96
13082000BP0008,2.25,1.95,0.571,0.399,3.3,4664,836,82.08,55.08,69.7
841060000E0270,2.0,1.4,0.355,0.778,1.78,1990,857,56.93,44.62,43.72
830680000D0429,1.9,1.8,0.57,0.488,1.27,1505,738,50.96,0.0,21.0
070090000B0377,1.2,1.9,0.469,0.548,1.66,606,328,45.87,1.32,39.93
840960000E0616,2.3,1.4,0.519,0.481,6.8,6499,653,89.95,79.1,85.29
840490000E0325,2.25,1.65,0.508,0.641,1.37,1043,614,41.13,8.15,26.94
26345000AZ0209,,,,,,,,,,
262850000D0078,2.3,1.4,0.502,0.583,5.91,1177,141,88.02,79.44,83.09
83063000AL0049,2.05,1.95,0.563,0.438,1.66,593,259,56.32,0.17,39.63
830490000D2957,,,,,,,,,,
840890000C0103,2.1,1.35,0.537,0.487,2.39,2740,869,68.28,34.93,58.18
830040000E0944,2.4,2.0,0.548,0.405,1.98,1848,620,66.45,17.26,49.46
840720000D0896,2.45,1.3,0.43,0.373,10.18,1710,124,92.75,80.58,90.18
130510000C0574,1.85,1.3,0.362,0.371,140.02,8541,39,99.54,98.77,99.29
07070000AL0098,,,,,,,,,,
840720000E0329,2.3,1.65,0.576,0.517,1.52,1640,687,58.11,19.02,34.33
830850000C0682,2.5,1.95,0.478,0.506,2.25,2197,789,64.09,28.99,55.53
84073000AI0061,2.0,1.35,0.507,0.585,6.07,1389,165,88.12,79.7,83.51
26345000BM0102,,,,,,,,,,
830040000C0857,2.3,1.7,0.372,0.379,11.0,209,11,94.74,86.12,90.91
840190000I1143,2.15,1.4,0.486,0.48,3.57,721,146,79.75,57.84,71.98
840960000F0323,1.7,1.15,0.299,0.594,16.4,410,19,95.37,92.2,93.9
830670000D0221,2.2,2.1,0.599,0.452,1.34,568,248,56.34,3.35,25.53
830510000D0113,2.3,2.05,0.589,0.433,1.53,213,91,57.28,1.41,34.74
841400000C0112,2.4,1.35,0.529,0.465,3.43,4507,976,78.34,53.43,70.87
841210000A0120,2.0,1.35,0.507,0.444,3.92,243,55,77.37,48.97,74.49
26377000AD0075,2.25,1.3,0.474,0.589,9.74,916,63,93.12,88.32,89.74
13050000BH0048,2.4,1.6,0.395,0.484,11.91,262,15,94.27,88.17,91.6
841500000H1262,2.4,1.4,0.454,0.622,1.31,7845,4826,38.48,1.05,23.85
841220000B0246,2.3,1.35,0.535,0.574,3.16,1785,413,76.86,59.66,68.35
840420000C1267,2.5,1.35,0.345,0.659,1.52,3249,1747,46.23,18.47,34.41
830730000D0525,2.3,2.1,0.583,0.393,2.04,984,278,71.75,28.05,51.02
26165000AZ0242,2.0,1.4,0.53,0.539,1.41,1361,734,46.07,0.0,29.17
830310000H0548,2.45,2.15,0.567,0.344,3.66,3584,519,85.52,57.95,72.68
83101000BM0129,2.35,2.05,0.608,0.431,2.19,17909,4466,75.06,42.14,54.28
26377000AT0142,2.5,1.05,0.289,0.442,16.86,489,19,96.11,91.21,94.07
13050000BK0256,,,,,,,,,,
830460000B0086,1.35,1.45,0.242,0.625,128.35,2567,10,99.61,99.38,99.22
840190000F0646,2.25,1.2,0.511,0.552,1.6,454,248,45.37,1.1,37.44
070090000C0281,2.0,1.45,0.548,0.491,1.51,733,361,50.75,0.0,33.56
831000000A1867,1.9,1.5,0.53,0.473,1.59,925,433,53.19,1.08,37.3
84118000AH0199,2.5,1.65,0.555,0.436,2.41,1474,390,73.54,39.35,58.55
263570000E0157,2.25,1.4,0.546,0.523,1.68,1844,837,54.61,13.23,40.4
072640000G0116,2.45,1.4,0.414,0.492,2.28,906,306,66.23,31.35,56.18
840170000D0171,2.45,1.65,0.507,0.622,2.19,816,271,66.79,46.57,54.29
830850000E1463,1.85,1.4,0.504,0.474,1.63,935,443,52.62,0.0,38.82
830560000C0574,2.0,1.35,0.53,0.51,1.55,3033,1572,48.17,0.0,35.61
840170000D1090,2.25,1.65,0.552,0.495,2.14,2817,860,69.47,38.3,53.35
840510000D0489,2.1,1.3,0.458,0.539,18.5,3995,152,96.2,92.94,94.59
130800000B0122,2.5,1.45,0.326,0.584,1.54,1189,687,42.22,1.01,35.24
263220000C0089,2.4,1.35,0.421,0.497,1.73,1436,658,54.18,7.73,42.34
26220000AK0225,2.45,1.4,0.523,0.63,1.3,2402,1415,41.09,6.49,23.06
840390000H0451,2.0,1.65,0.559,0.529,1.61,843,391,53.62,12.34,37.96
840490000E1088,2.05,1.65,0.548,0.618,4.94,2120,256,87.92,80.47,79.76
83097000AN0375,2.5,2.0,0.413,0.2,93.33,1960,11,99.44,97.19,98.93
84029000AB0073,2.2,1.4,0.527,0.57,2.16,791,282,64.35,37.42,53.73
830190000G0745,2.0,1.75,0.58,0.512,1.39,327,169,48.32,0.0,28.13
840960000D0231,2.3,1.4,0.513,0.533,2.82,231,64,72.29,48.05,64.5
840710000B0020,2.25,1.35,0.484,0.616,2.3,3100,1001,67.71,47.61,56.48
26345000BK0169,2.1,1.4,0.363,0.769,3.17,785,190,75.8,68.54,68.41
840020000A1309,,,,,,,,,,
830510000C0441,2.3,1.95,0.505,0.438,2.81,104,28,73.08,38.46,64.42
83104000BV0106,2.0,1.35,0.527,0.485,1.63,634,315,50.32,0.0,38.64
841370000B0047,2.4,1.4,0.404,0.522,2.92,254,71,72.05,46.46,65.75
830420000A0285,2.15,2.0,0.547,0.448,2.96,673,147,78.16,51.26,66.27
13050000BX0048,2.5,1.95,0.391,0.712,1.26,67,47,29.85,1.49,20.9
263480000D0586,1.3,1.2,0.367,0.588,25.73,14972,291,98.06,96.69,96.11
26377000AC0019,2.45,1.35,0.523,0.532,3.89,1411,272,80.72,63.78,74.27
83149000AL0073,2.45,2.15,0.54,0.643,2.85,1593,374,76.52,63.47,64.91
840250000A0267,2.4,1.65,0.481,0.681,2.44,1554,487,68.66,53.99,59.07
840870000K0568,,,,,,,,,,
83097000AC0315,1.05,1.15,0.266,0.514,212.24,13159,37,99.72,99.45,99.53
840970000B0137,2.3,1.4,0.344,0.739,1.88,1908,793,58.44,43.76,46.8
26345000AK0201,2.0,1.4,0.53,0.507,1.63,2720,1283,52.83,7.02,38.68
830120000L0105,2.15,1.95,0.481,0.35,9.92,655,36,94.5,84.27,89.92
261920000A0525,2.4,1.4,0.482,0.583,3.47,1907,388,79.65,65.08,71.21
840450000B0177,2.5,1.2,0.339,0.75,3.9,246,51,79.27,72.36,74.39
84137000AD0204,2.5,1.4,0.504,0.583,1.8,556,243,56.29,25.0,44.42
13026000CK0066,2.4,1.95,0.594,0.486,1.62,228,84,63.16,24.12,38.16
263570000L0033,2.1,1.4,0.385,0.73,1.28,3173,2079,34.48,10.27,22.06
841460000D0156,2.4,1.4,0.545,0.434,2.13,2216,762,65.61,20.85,53.16
26317000AI0014,2.35,1.4,0.456,0.764,2.13,846,278,67.14,56.97,53.07
840260000A0073,2.35,1.35,0.478,0.496,4.54,395,64,83.8,67.34,77.97
262850000C0487,2.45,1.4,0.527,0.517,3.14,1321,317,76.0,53.6,68.13
26345000AW0107,2.45,1.35,0.395,0.541,8.04,442,40,90.95,83.26,87.56
841170000B0697,2.3,1.2,0.494,0.525,1.69,523,274,47.61,0.19,40.92
84082000BH0269,,,,,,,,,,
830350000B2679,2.2,1.95,0.61,0.508,1.29,1157,566,51.08,3.63,22.3
840300000D0947,2.4,1.55,0.562,0.549,2.85,391,100,74.42,53.45,64.96
841060000A0934,2.0,1.4,0.315,0.885,6.04,163,23,85.89,84.05,83.44
841330000A1013,2.5,1.35,0.361,0.674,2.16,2244,833,62.88,44.92,53.65
07324000AY0208,1.3,1.2,0.376,0.533,1.38,741,396,46.56,0.0,27.67
84082000AI0087,2.35,1.6,0.514,0.569,3.48,946,185,80.44,65.64,71.25
830910000D0738,2.45,2.15,0.631,0.45,1.56,237,91,61.6,14.77,35.86
83112000DM0078,2.4,2.0,0.573,0.381,3.67,639,118,81.53,51.49,72.77
26179000ZP0187,1.6,1.9,0.51,0.51,1.41,344,178,48.26,0.0,29.07
261920000B0475,,,,,,,,,,
073080000E0195,1.75,2.0,0.438,0.55,13.65,1065,60,94.37,89.77,92.68
830060000A0091,2.0,2.0,0.593,0.485,1.28,784,378,51.79,0.51,22.07
84103000AI0244,1.8,1.45,0.493,0.477,1.53,1056,514,51.33,0.0,34.56
841220000B0118,2.3,1.35,0.34,0.714,1.29,1016,641,36.91,11.61,22.54
841220000A0011,,,,,,,,,,
841380000S0345,2.5,1.4,0.472,0.547,20.98,1070,35,96.73,94.02,95.23
26377000AK0081,2.4,1.35,0.5,0.451,3.05,278,79,71.58,37.05,67.27
830450000E0276,2.3,2.05,0.605,0.409,1.98,30415,8395,72.4,32.54,49.53
841460000A0621,2.25,1.35,0.492,0.674,5.38,1802,234,87.01,80.74,81.41
830560000D0772,2.15,2.05,0.542,0.496,11.68,1320,56,95.76,91.44,91.44
13087000AI0241,2.6,1.15,0.384,0.62,1.45,185,114,38.38,0.54,30.81
831350000E0058,2.45,1.75,0.357,0.226,53.57,750,7,99.07,95.87,98.13
841340000D0233,2.1,1.35,0.51,0.576,8.25,6976,533,92.36,86.73,87.87
84003000CL0313,2.5,1.3,0.525,0.444,2.15,958,372,61.17,12.53,53.55
841220000B1731,2.3,1.35,0.508,0.527,2.2,3616,1265,65.02,33.63,54.56
840490000A0401,2.15,1.65,0.521,0.642,5.01,1878,222,88.18,81.58,80.03
840390000G0093,2.55,1.55,0.524,0.562,2.94,197,54,72.59,51.27,65.99
26054000AO0126,2.15,1.4,0.539,0.514,1.54,1382,703,49.13,1.09,35.09
840370000E1271,2.25,1.65,0.457,0.743,1.57,7950,3885,51.13,34.25,36.19
84031000AI0180,2.2,1.6,0.424,0.784,3.51,562,120,78.65,72.78,71.53
841460000D0814,2.3,1.4,0.325,0.701,3.34,381,82,78.48,69.29,70.08
83071000BH0005,2.0,2.1,0.588,0.401,1.59,10368,3984,61.57,4.25,37.13
84012000AP0065,2.15,1.25,0.459,0.635,5.76,386,61,84.2,75.13,82.64
841340000B0303,2.05,1.4,0.542,0.606,4.41,3078,477,84.5,74.43,77.32
831080000G0146,,,,,,,,,,
841260000F0382,2.5,1.4,0.469,0.484,7.98,1022,88,91.39,82.19,87.48
26367000AK0084,2.35,1.4,0.53,0.491,4.1,4855,817,83.17,65.75,75.63
840290000D0155,2.45,1.4,0.544,0.536,2.03,356,134,62.36,29.78,50.84
841220000B1436,2.15,1.35,0.343,0.803,3.89,249,53,78.71,73.49,74.3
830270000G0518,2.15,2.0,0.551,0.599,1.33,767,445,41.98,3.13,24.9
83047000BP0034,1.35,2.0,0.218,0.333,69.33,624,6,99.04,97.12,98.56
841400000B0308,2.5,1.15,0.297,0.815,2.44,351,110,68.66,61.54,58.97
841500000C0144,2.35,1.4,0.507,0.479,6.64,2827,299,89.42,77.93,84.93
263570000V0196,2.1,1.4,0.422,0.652,1.39,5330,3037,43.02,12.59,28.31
263570000K0004,2.3,1.4,0.517,0.465,1.83,745,305,59.06,11.95,45.37
840290000B0760,2.4,1.4,0.523,0.522,2.42,873,263,69.87,42.27,58.76
84036000BA0125,2.3,1.4,0.545,0.514,2.09,288,109,62.15,26.39,52.08
840370000C0498,2.45,1.65,0.545,0.396,2.0,1535,506,67.04,16.68,50.1
073430000E0904,,,,,,,,,,
83101000AR0162,2.55,2.05,0.576,0.386,2.73,916,206,77.51,41.7,63.43
840780000B1037,2.2,1.4,0.356,0.702,1.67,2217,1082,51.2,30.45,40.28
840290000D0879,2.45,1.4,0.528,0.482,1.99,376,146,61.17,19.41,49.73
83047000AN0218,1.95,2.0,0.582,0.486,1.27,972,493,49.28,0.0,21.5
840370000E0706,2.2,1.65,0.582,0.576,1.9,806,278,65.51,40.07,47.27
841460000D0630,2.3,1.15,0.37,0.683,13.18,2095,112,94.65,92.17,92.41
840300000E0801,2.4,1.65,0.574,0.482,1.82,644,262,59.32,15.53,45.19
830510000B0007,1.85,2.0,0.557,0.416,1.75,2460,1001,59.31,2.15,42.85
840300000D0659,2.15,1.45,0.506,0.592,3.01,448,109,75.67,58.93,66.74
840510000D0708,2.45,1.35,0.444,0.769,3.2,3725,833,77.64,70.93,68.75
26179000ZI0074,2.35,2.15,0.615,0.493,2.01,1228,345,71.91,43.0,50.16
83071000BD0004,2.5,1.95,0.595,0.38,1.85,2568,849,66.94,13.08,45.99
83148000BR0063,2.2,2.0,0.495,0.237,28.46,2248,46,97.95,91.37,96.49
07228000AL0236,1.8,1.25,0.457,0.517,1.49,1985,1025,48.36,0.2,33.0
841220000A0753,1.0,0.9,0.237,0.604,130.54,8224,32,99.61,99.36,99.23
26367000AK0052,2.5,1.4,0.417,0.739,4.76,1165,176,84.89,79.57,78.97
840590000B0044,2.3,1.25,0.472,0.588,7.51,864,80,90.74,84.26,86.69
072590000B0931,2.45,1.2,0.471,0.58,8.26,884,87,90.16,83.03,87.9
26377000AI0294,2.05,1.35,0.537,0.563,2.6,2267,645,71.55,49.45,61.58
830330000E0015,2.45,1.9,0.51,0.351,13.51,2404,102,95.76,87.9,92.6
84028000AM0111,2.0,1.35,0.373,0.863,2.95,3981,911,77.12,73.47,66.14
830910000B0144,2.25,2.1,0.613,0.448,1.29,2219,961,56.69,3.29,22.4
84028000AY0154,1.75,1.4,0.381,0.771,2.42,1387,415,70.08,61.21,58.76
840840000C0729,2.5,1.35,0.38,0.626,3.07,4327,1065,75.39,60.67,67.44
26317000AL0119,2.35,1.4,0.533,0.496,1.93,485,198,59.18,17.73,48.25
84004000BA0002,2.1,1.25,0.434,0.754,2.15,2292,789,65.58,54.36,53.4
13091000AH0001,2.5,2.05,0.511,0.756,3.5,980,192,80.41,74.08,71.43
84028000AD0171,2.0,1.4,0.398,0.7,2.94,1620,403,75.12,64.44,65.99
830430000F0335,2.35,1.95,0.604,0.444,2.55,559,143,74.42,42.4,60.82
26377000AB0279,1.85,1.2,0.395,0.491,22.88,1830,54,97.05,93.99,95.63
84073000AV0143,1.35,1.15,0.369,0.596,27.97,11636,232,98.01,96.66,96.42
830460000B1032,2.45,2.15,0.585,0.315,3.88,34645,4766,86.24,56.33,74.23
84012000AS0118,2.3,1.25,0.457,0.429,4.99,684,108,84.21,63.16,79.97
840370000K0042,1.55,1.3,0.432,0.508,1.32,1614,823,49.01,0.0,24.47
262750000K0021,2.35,1.35,0.536,0.562,1.65,66,36,45.45,3.03,39.39
84104000AO0016,2.2,1.4,0.488,0.376,3.16,2059,528,74.36,31.86,68.33
840290000F0069,2.1,1.4,0.41,0.682,1.66,3181,1496,52.97,31.03,39.64
13080000BB0276,2.0,1.7,0.566,0.428,1.61,1314,572,56.47,0.0,37.9
83129000BD0326,2.25,1.9,0.568,0.469,1.55,1037,506,51.21,0.0,35.58
830280000E0620,2.45,1.9,0.479,0.64,2.4,144,57,60.42,38.19,58.33
84104000AI0353,2.0,1.4,0.514,0.505,3.5,977,198,79.73,59.88,71.44
84122000AS0174,2.35,1.3,0.472,0.528,6.63,921,104,88.71,78.61,84.91
830490000C1136,2.1,2.1,0.602,0.482,1.29,793,355,55.23,7.19,22.19
830370000B0525,,,,,,,,,,
26317000AE0317,2.2,1.35,0.474,0.528,4.85,422,67,84.12,69.91,79.38
84145000AE0237,2.3,1.65,0.425,0.668,1.47,2519,1375,45.41,18.26,31.88
830260000D0700,2.45,2.0,0.491,0.282,9.07,889,66,92.58,73.68,88.98
13110000CK0197,2.5,2.0,0.602,0.369,1.58,13093,4850,62.96,0.0,36.68
26377000AB0182,2.45,1.35,0.472,0.49,3.7,10881,2116,80.55,60.35,73.0
830940000A0501,1.65,1.8,0.338,0.556,18.05,361,15,95.84,92.52,94.46
073430000D0849,2.1,1.65,0.541,0.658,2.29,413,125,69.73,54.0,56.42
072910000B0676,2.25,1.65,0.578,0.538,1.6,1494,596,60.11,25.84,37.42
841460000C0121,2.0,1.4,0.538,0.548,1.5,528,281,46.78,2.84,33.52
830040000A2829,1.95,1.85,0.562,0.484,1.33,1751,851,51.4,0.0,25.01
840720000D0071,2.2,1.65,0.554,0.626,2.59,4426,1197,72.96,56.8,61.39
840910000D0769,2.5,1.2,0.324,0.726,1.4,639,369,42.25,20.5,28.64
830260000D0663,2.45,1.95,0.471,0.299,5.16,516,67,87.02,56.59,80.62
261920000B0325,2.5,1.2,0.313,0.795,4.61,1416,225,84.11,80.01,78.32
26271000ZB0057,1.9,1.8,0.568,0.478,1.28,1733,828,52.22,0.06,21.81
841480000E0872,2.35,1.45,0.422,0.366,42.52,2466,34,98.62,96.23,97.65
83086000AC0255,2.4,2.0,0.595,0.504,3.31,1531,238,84.45,69.17,69.76
840440000D0924,2.25,1.5,0.533,0.59,1.36,202,118,41.58,0.99,26.73
26317000AD0106,1.95,1.4,0.525,0.498,1.68,692,315,54.48,8.67,40.32
840770000A0308,1.75,1.45,0.445,0.552,10.69,2897,159,94.51,90.06,90.65
83116000BE0029,2.4,2.1,0.578,0.391,2.96,2903,511,82.4,55.01,66.21
072590000A0963,,,,,,,,,,
830350000C0815,2.05,1.95,0.588,0.536,1.23,1095,583,46.76,0.73,18.54
840300000E1066,2.5,0.8,0.274,0.476,92.35,1570,10,99.36,98.66,98.92
130510000F0765,1.95,1.8,0.561,0.444,1.39,15152,6787,55.21,0.0,28.08
84016000AA0050,1.9,1.4,0.503,0.521,1.52,513,268,47.76,0.0,34.11
830710000E0096,2.4,1.35,0.354,0.611,1.41,1379,837,39.3,0.58,29.01
84103000AI0043,2.4,1.65,0.528,0.439,1.99,2204,841,61.84,13.16,49.86
840400000C1177,2.4,1.65,0.516,0.45,6.2,2599,236,90.92,79.8,83.88
84031000AL0018,2.3,1.65,0.573,0.502,1.93,322,120,62.73,25.78,48.14
830330000E0467,2.45,2.05,0.611,0.45,2.15,676,182,73.08,40.24,53.4
13050000BK0113,2.45,2.0,0.599,0.502,2.32,957,236,75.34,50.89,56.95
83116000BL0068,2.5,2.15,0.575,0.602,1.86,1393,507,63.6,39.55,46.3
13091000BM0146,2.35,2.1,0.613,0.539,2.38,373,97,73.99,51.74,57.91
840560000F0158,2.0,1.4,0.519,0.573,1.36,690,414,40.0,0.0,26.67
84137000AB0192,2.35,1.35,0.546,0.512,2.35,1860,595,68.01,37.53,57.53
83096000AC0017,2.3,2.0,0.589,0.45,1.46,1709,765,55.24,0.47,31.42
84118000AK0299,2.5,1.2,0.343,0.605,1.39,2842,1743,38.67,0.0,27.9
840770000C0553,2.25,1.65,0.39,0.51,1.7,245,125,48.98,0.0,41.22
841160000D0233,2.05,1.4,0.524,0.549,4.9,1963,285,85.48,73.56,79.57
840960000D0031,2.1,1.4,0.526,0.607,6.49,4519,438,90.31,84.05,84.6
840220000A0160,2.25,1.2,0.517,0.539,3.92,740,166,77.57,58.38,74.46
840300000E2085,2.35,1.65,0.446,0.371,2.74,74,23,68.92,16.22,63.51
841340000D0300,2.25,1.2,0.326,0.724,15.43,1882,76,95.96,94.42,93.52
262750000L1496,2.4,0.95,0.256,0.275,7.53,113,11,90.27,64.6,86.73
840020000A0720,2.5,1.35,0.405,0.564,2.56,11455,3633,68.28,43.8,60.9
261190000C1181,1.9,1.3,0.507,0.499,1.64,1286,660,48.68,0.0,38.88
261820000F0787,2.0,1.4,0.544,0.523,1.58,690,349,49.42,3.33,36.52
26345000AY0101,1.25,1.2,0.33,0.511,35.0,3570,47,98.68,97.42,97.14
840140000A0263,2.5,1.15,0.394,0.641,1.3,4261,2797,34.36,0.0,22.93
841500000E0158,2.3,1.4,0.426,0.689,1.74,729,336,53.91,33.06,42.39
840370000C0878,2.35,1.65,0.568,0.505,1.43,1349,633,53.08,7.04,29.95
841060000B0453,2.15,1.35,0.337,0.647,1.3,988,628,36.44,1.82,23.08
84008000AI0427,2.3,1.55,0.446,0.642,2.9,238,68,71.43,55.46,65.55
84036000BC0266,2.05,1.4,0.553,0.508,1.58,441,216,51.02,3.63,36.73
83116000BH0541,1.9,1.45,0.508,0.481,1.55,1542,746,51.62,0.0,35.67
841220000H0296,2.35,1.35,0.467,0.632,1.79,2809,1237,55.96,30.37,44.14
07228000AM0001,2.4,2.15,0.56,0.508,3.43,168,30,82.14,64.88,70.83
840370000H0289,2.2,1.45,0.422,0.846,1.33,413,253,38.74,27.6,24.7
840250000B0059,2.5,1.65,0.573,0.454,1.74,1141,422,63.01,18.49,42.68
840950000A0043,2.6,1.35,0.527,0.446,3.11,1615,390,75.85,45.82,67.8
841500000H0609,2.15,1.35,0.355,0.671,1.23,366,243,33.61,1.09,18.58
84086000AR0347,1.05,1.05,0.267,0.57,56.17,6179,53,99.14,98.49,98.22
83116000AX0033,2.4,2.0,0.594,0.373,3.51,10109,1772,82.47,53.01,71.48
840160000B0865,2.1,1.6,0.464,0.549,17.7,1310,50,96.18,93.05,94.35
13025000AI0135,1.95,1.65,0.547,0.458,1.47,1865,857,54.05,0.0,32.01
841380000I0266,1.95,1.4,0.515,0.589,4.45,2983,431,85.55,75.46,77.54
831340000B0072,2.45,2.05,0.612,0.453,3.38,1619,254,84.31,65.35,70.41
07070000AM0154,,,,,,,,,,
840780000E0651,2.3,1.2,0.443,0.397,6.51,1451,177,87.8,69.26,84.63
840370000D0427,2.2,1.65,0.568,0.496,1.4,2722,1280,52.98,5.14,28.62
831250000C0097,2.0,1.95,0.474,0.34,19.36,1355,36,97.34,92.18,94.83
840520000A0687,2.1,1.35,0.537,0.493,3.54,5917,1303,77.98,55.3,71.76
830670000C0271,2.4,2.1,0.486,0.591,1.52,427,240,43.79,4.92,34.19
84118000AB0005,2.45,1.65,0.463,0.665,7.13,1491,137,90.81,86.18,85.98
841400000D0072,2.3,1.15,0.505,0.571,2.83,1264,384,69.62,46.76,64.64
841360000A0548,2.05,1.35,0.509,0.583,5.96,1187,144,87.87,79.19,83.24
831360000C0349,2.25,1.95,0.578,0.451,4.7,1590,186,88.3,74.09,78.74
262750000I0283,,,,,,,,,,
841500000C0328,2.45,1.4,0.52,0.431,5.69,3949,508,87.14,70.14,82.43
13001000NS0088,2.5,2.15,0.435,0.538,5.15,3897,630,83.83,69.98,80.57
830310000H0516,2.4,2.1,0.597,0.391,1.67,10117,3394,66.45,14.27,40.14
841380000K0304,2.45,1.35,0.498,0.413,4.97,4299,599,86.07,66.22,79.88
830880000A0855,2.5,2.15,0.58,0.448,1.5,2109,881,58.23,6.83,33.38
830270000E0435,2.5,2.0,0.581,0.39,2.17,491,143,70.88,25.25,53.97
841160000C0025,2.05,1.4,0.514,0.48,2.55,4665,1304,72.05,41.82,60.84
830650000A2424,,,,,,,,,,
261820000D0090,1.95,1.4,0.477,0.523,5.64,1043,134,87.15,75.46,82.26
841500000B0558,2.25,1.4,0.443,0.701,1.41,5269,2948,44.05,20.23,29.15
840160000A1484,2.5,1.65,0.575,0.568,2.6,182,46,74.73,55.49,61.54
84081000BL0116,2.35,1.4,0.538,0.503,2.39,1012,295,70.85,42.09,58.1
830350000B0313,2.0,2.0,0.6,0.507,1.22,2444,1285,47.42,0.0,18.29
84127000AM0013,2.1,1.4,0.488,0.62,1.8,3284,1324,59.68,35.02,44.46
84137000AY0036,2.4,1.35,0.481,0.469,11.88,1556,82,94.73,88.75,91.58
830470000C0002,2.35,2.15,0.619,0.463,1.52,2529,934,63.07,20.28,34.28
261800000B0834,1.8,1.2,0.323,0.438,19.84,377,14,96.29,91.51,94.96
83148000BT0203,2.25,1.95,0.597,0.476,1.68,847,294,65.29,27.04,40.5
840610000C0163,2.2,1.4,0.461,0.554,2.72,315,93,70.48,46.67,63.17
840970000C0089,1.35,1.1,0.246,0.421,77.71,1088,8,99.26,98.25,98.71
84012000AC0220,2.05,1.25,0.523,0.596,2.69,1563,473,69.74,49.2,62.83
841300000B0878,2.35,1.25,0.508,0.515,5.42,2665,371,86.08,72.95,81.54
83148000BV0005,2.5,2.15,0.573,0.548,1.88,6469,2117,67.27,40.33,46.81
840160000A0581,,,,,,,,,,
26345000AY0018,2.45,1.4,0.545,0.482,1.71,1264,534,57.75,12.34,41.53
840560000G0012,2.4,1.4,0.519,0.529,1.75,1226,531,56.69,18.11,42.74
841000000A0306,2.25,1.2,0.327,0.708,1.78,1066,509,52.25,32.55,43.71
13050000BH0205,,,,,,,,,,
830830000C0229,2.35,2.0,0.498,0.587,5.5,286,27,90.56,83.92,81.82
26054000AL0021,2.15,1.4,0.346,0.641,1.43,1180,670,43.22,11.36,30.0
84036000BC0049,2.25,1.4,0.512,0.483,2.87,737,181,75.44,49.12,65.13
263570000O0147,2.2,1.35,0.542,0.579,2.87,668,175,73.8,54.79,65.12
072340000A0037,2.05,1.95,0.606,0.545,1.71,261,97,62.84,31.8,41.38
84102000AM0194,2.25,1.65,0.549,0.524,2.42,989,263,73.41,49.24,58.75
84046000AM0152,2.3,1.65,0.476,0.581,1.42,2510,1324,47.25,9.28,29.56
13079000AH0286,2.5,1.15,0.332,0.667,1.25,8392,5719,31.85,0.0,20.31
07279000BD0033,2.15,1.65,0.571,0.551,1.57,601,266,55.74,19.63,36.11
84069000AI0345,2.5,1.65,0.408,0.799,3.39,482,107,77.8,72.2,70.54
830690000E0588,1.35,1.9,0.508,0.509,1.47,1865,947,49.22,0.16,31.96
84007000BS0178,2.0,1.4,0.363,0.619,1.43,2098,1224,41.66,5.77,30.03
841500000B0808,2.4,1.4,0.536,0.503,1.8,1962,833,57.54,15.65,44.6
840160000A0691,2.05,1.65,0.514,0.64,2.02,534,199,62.73,41.76,50.37
840510000C0169,1.5,1.1,0.365,0.632,18.96,3527,129,96.34,94.22,94.73
840520000B0416,2.5,1.15,0.433,0.755,4.33,394,74,81.22,75.13,76.9
840840000B0916,2.5,1.35,0.501,0.467,2.31,865,291,66.36,27.98,56.65
262850000D0611,2.3,1.4,0.544,0.496,2.83,1054,283,73.15,45.92,64.71
071330000A0131,2.35,1.65,0.549,0.431,1.52,1982,840,57.62,1.72,34.41
840590000A0131,2.35,1.25,0.491,0.439,2.81,1608,447,72.2,36.63,64.43
830910000C0154,2.4,2.05,0.607,0.487,1.52,341,165,51.61,0.59,34.31
263570000O0004,2.0,1.2,0.405,0.671,10.21,735,51,93.06,89.66,90.2
830260000D1010,2.4,2.05,0.586,0.368,4.67,10618,1187,88.82,69.59,78.59
841060000E0268,2.3,1.4,0.53,0.502,3.98,3388,611,81.97,64.08,74.85
830690000C0537,2.3,2.0,0.576,0.347,1.96,47430,15363,67.61,6.6,48.87
840420000E0294,2.45,1.35,0.53,0.473,2.08,2130,767,63.99,23.94,51.83
840390000F0017,2.0,1.65,0.468,0.737,1.26,259,174,32.82,8.88,20.85
84028000AM0141,2.25,1.2,0.536,0.555,1.75,238,127,46.64,3.78,42.86
84028000AH0165,2.0,1.35,0.447,0.456,7.4,385,41,89.35,76.62,86.49
07042000BC0029,2.0,1.2,0.525,0.568,1.53,1069,603,43.59,0.65,34.8
840100000A1177,2.5,1.35,0.522,0.426,2.55,1245,381,69.4,28.11,60.72
830320000E0202,2.4,2.05,0.542,0.448,6.05,575,43,92.52,83.3,83.48
830730000G0491,2.45,1.95,0.504,0.323,7.25,1109,93,91.61,74.03,86.2
830490000D0629,2.4,2.0,0.599,0.539,2.48,12531,2780,77.82,58.83,59.68
840960000B0065,2.0,1.4,0.528,0.585,4.92,2565,368,85.65,75.48,79.69
840370000G0108,2.55,1.65,0.588,0.483,1.46,632,302,52.22,1.11,31.49
13028000BS0107,2.6,1.95,0.596,0.426,1.68,441,180,59.18,4.08,40.59
830650000A4733,2.25,1.3,0.33,0.66,1.31,7427,4980,32.95,0.0,23.52
830940000F0325,1.9,1.4,0.527,0.502,1.52,1169,586,49.87,0.09,34.3
263570000O0124,2.2,1.4,0.378,0.861,2.62,530,161,69.62,64.72,61.89
84031000AO0112,2.25,1.45,0.528,0.523,2.16,1431,486,66.04,35.08,53.81
84008000AP0101,2.0,1.65,0.419,0.695,2.46,1539,491,68.1,54.13,59.39
840440000D0610,2.35,1.65,0.558,0.502,3.49,4445,740,83.35,66.84,71.36
840490000A0137,2.25,1.6,0.546,0.612,5.54,764,85,88.87,81.81,81.94
841340000A0291,,,,,,,,,,
841370000A1599,2.3,1.4,0.525,0.532,1.86,378,164,56.61,18.52,46.3
840390000A0744,2.0,1.6,0.523,0.559,1.31,2338,1312,43.88,0.0,23.4
84091000AM0018,2.45,1.4,0.531,0.458,2.12,1687,601,64.37,22.29,52.82
840870000I0278,2.3,1.55,0.511,0.503,3.13,407,89,78.13,56.51,68.06
841300000B0219,2.3,1.2,0.504,0.533,2.44,715,252,64.76,33.85,59.02
840160000K0629,1.95,1.55,0.525,0.689,3.63,545,104,80.92,72.29,72.48
84073000AL0143,2.35,1.15,0.443,0.475,18.58,1579,67,95.76,91.07,94.62
26054000AL0161,2.35,1.4,0.54,0.517,1.72,632,284,55.06,13.13,41.93
841340000C0303,,,,,,,,,,
26345000AO0112,2.4,1.4,0.483,0.486,3.16,367,87,76.29,51.23,68.39
840560000A0169,2.1,1.4,0.438,0.73,1.31,304,192,36.84,13.49,23.68
840170000B0269,2.4,1.6,0.539,0.475,2.49,363,106,70.8,38.57,59.78
840720000E0588,2.5,1.65,0.569,0.449,2.28,57,22,61.4,14.04,56.14
841460000C0448,,,,,,,,,,
13032000BE0208,2.2,1.95,0.601,0.464,1.53,658,273,58.51,10.64,34.5
840770000C0282,2.35,1.65,0.488,0.705,1.8,763,330,56.75,38.66,44.56
84081000AP0078,2.5,1.4,0.546,0.526,1.61,560,259,53.75,12.14,37.86
26345000AP0291,2.2,1.4,0.464,0.614,5.95,1202,124,89.68,83.19,83.19
841380000B0067,1.95,1.4,0.486,0.53,8.1,1725,131,92.41,85.68,87.65
841260000F0688,2.15,1.4,0.356,0.825,3.13,444,104,76.58,71.62,68.02
830910000C0070,2.6,2.1,0.612,0.388,1.68,2378,747,68.59,19.01,40.5
840960000A0216,2.1,1.15,0.322,0.859,5.47,410,55,86.59,84.39,81.71
841500000A0517,2.35,1.4,0.523,0.518,3.07,4567,1036,77.32,56.19,67.42
072680000B0311,2.1,1.4,0.397,0.863,2.57,1335,371,72.21,67.79,61.12
840160000A1645,,,,,,,,,,
830320000B0505,,,,,,,,,,
830330000E0115,2.5,1.9,0.586,0.439,1.58,729,296,59.4,7.54,36.9
130910000A0463,2.5,2.1,0.485,0.629,2.17,664,236,64.46,43.52,53.92
84082000AN0073,2.35,1.5,0.394,0.62,1.33,731,456,37.62,0.0,24.9
83116000AV0150,2.5,1.95,0.607,0.473,2.15,929,228,75.46,48.12,53.5
83063000AD0133,2.35,1.95,0.549,0.424,1.65,165,72,56.36,0.0,39.39
13056000DM0088,2.15,1.95,0.591,0.494,1.42,963,395,58.98,17.03,29.39
841220000B0831,2.1,1.35,0.474,0.535,7.29,1961,184,90.62,82.46,86.28
26367000AK0051,2.4,1.2,0.417,0.649,8.64,1599,131,91.81,87.37,88.43
26054000AD0042,2.0,1.4,0.557,0.532,1.44,826,455,44.92,0.0,30.39
26345000AL0206,2.0,1.4,0.532,0.566,1.39,676,386,42.9,0.0,27.96
840170000B0883,1.8,1.35,0.388,0.714,17.83,642,30,95.33,93.46,94.39
840020000C0196,2.2,1.3,0.512,0.502,2.22,401,147,63.34,26.93,54.86
073080000A0890,1.3,2.0,0.463,0.447,1.75,800,375,53.12,0.0,42.88
840020000A0624,2.25,1.15,0.485,0.473,3.05,686,195,71.57,39.94,67.2
263570000H0196,2.2,1.4,0.477,0.611,2.67,606,179,70.46,51.65,62.54
830720000D1037,2.45,1.95,0.597,0.414,1.75,1270,426,66.46,18.98,42.83
840290000B0605,1.9,1.05,0.256,0.683,14.51,508,28,94.49,91.93,93.11
26377000AY0228,,,,,,,,,,
840960000C0089,1.85,0.85,0.239,0.407,125.67,1508,11,99.27,98.21,99.2
07070000AI0021,,,,,,,,,,
26271000ZE0082,2.05,2.0,0.597,0.472,1.28,1037,481,53.62,1.83,21.79
841300000B0135,2.5,1.25,0.506,0.435,3.04,3863,980,74.63,41.63,67.07
840370000B0458,2.45,1.65,0.572,0.467,1.59,1423,587,58.75,11.6,37.03
840510000G0450,,,,,,,,,,
830270000H0036,2.2,1.9,0.579,0.52,1.98,1449,477,67.08,36.65,49.62
830450000B0143,,,,,,,,,,
830500000G0972,2.1,2.05,0.604,0.475,2.58,11256,2309,79.49,56.81,61.24
84036000AY0125,2.1,1.4,0.48,0.524,1.67,142,75,47.18,0.0,40.14
83136000AT0089,2.35,1.95,0.586,0.532,2.88,930,181,80.54,63.44,65.27
840370000D0098,2.0,1.45,0.449,0.66,1.61,867,416,52.02,27.34,38.06
841490000E0035,2.2,1.4,0.536,0.506,1.66,3380,1558,53.91,8.93,39.91
840390000F0180,1.95,1.6,0.511,0.57,2.26,219,65,70.32,47.95,55.71
840390000F1619,,,,,,,,,,
13110000BE0090,2.4,2.1,0.61,0.415,2.17,7747,1795,76.83,44.12,53.98
261800000C0357,2.3,1.4,0.547,0.517,2.12,1187,420,64.62,31.51,52.91
07279000AR0059,2.25,1.35,0.333,0.556,11.88,202,15,92.57,86.63,91.58
841260000D0138,2.25,1.4,0.528,0.533,4.1,1495,271,81.87,66.02,75.59
07042000AE0055,2.25,1.4,0.502,0.555,1.98,1249,489,60.85,29.46,49.48
83136000AO0356,2.1,2.0,0.555,0.547,7.2,2094,140,93.31,87.77,86.1
841260000A0748,1.75,1.4,0.456,0.648,10.12,1984,116,94.15,90.98,90.12
841000000C0051,2.4,1.25,0.482,0.406,2.68,1161,360,68.99,23.6,62.62
84024000AN0108,2.5,1.35,0.394,0.592,4.24,4355,783,82.02,69.62,76.42
840720000C0624,2.2,1.45,0.505,0.689,3.72,543,104,80.85,72.19,73.11
840980000B0238,2.25,1.4,0.363,0.717,1.78,182,86,52.75,34.07,43.96
840290000D0604,2.0,1.2,0.374,0.795,7.36,2797,275,90.17,87.63,86.41
84081000AS0050,2.4,1.4,0.474,0.38,12.01,2330,147,93.69,83.39,91.67
840090000E0092,2.1,1.35,0.528,0.536,2.54,3904,1104,71.72,47.23,60.55
840370000C1092,2.0,1.65,0.431,0.701,1.98,1871,776,58.52,40.83,49.55
84028000BC0134,2.25,1.4,0.416,0.698,1.51,4006,2178,45.63,22.07,33.87
830910000D0805,2.1,2.0,0.609,0.482,1.35,2340,1033,55.85,8.33,25.68
831400000F0519,2.25,2.1,0.622,0.497,2.94,432,97,77.55,54.86,65.97
070890000C1098,2.1,1.4,0.501,0.525,1.64,534,279,47.75,0.56,39.14
07143000AL0419,1.7,1.85,0.452,0.656,2.16,388,145,62.63,43.04,53.61
841460000A0124,2.3,1.2,0.452,0.56,3.72,264,61,76.89,58.71,73.11
262750000I0148,2.0,1.4,0.53,0.584,1.67,1563,699,55.28,23.42,40.18
84106000ZB0104,2.05,1.4,0.54,0.589,1.92,3527,1315,62.72,36.66,47.83
84137000AX0075,2.3,1.4,0.4,0.69,1.53,1616,839,48.08,24.75,34.47
841090000C0460,2.15,1.45,0.511,0.544,3.41,915,198,78.36,60.22,70.71
841300000B0491,2.35,1.2,0.45,0.662,2.31,236,88,62.71,43.64,56.78
263220000A0406,2.4,1.4,0.528,0.528,1.9,320,130,59.38,23.12,47.5
84149000AC0016,2.05,1.4,0.539,0.597,2.6,2386,638,73.26,55.2,61.53
841330000A0174,2.4,1.35,0.525,0.478,2.77,3272,848,74.08,45.75,63.91
841160000B0087,1.25,1.25,0.266,0.571,15.97,575,16,97.22,95.13,93.74
840400000B0085,2.5,1.1,0.296,0.588,16.36,180,10,94.44,90.56,93.89
830040000G1191,2.55,2.1,0.58,0.449,3.63,1112,159,85.7,68.17,72.48
26071000AB0241,1.85,1.0,0.459,0.485,1.99,1221,594,51.35,0.0,49.71
83119000AS0126,2.15,2.1,0.587,0.372,2.34,3284,862,73.75,29.35,57.34
84086000AD0230,2.3,1.15,0.321,0.729,3.13,2142,519,75.77,66.76,68.07
840560000B0309,2.25,1.4,0.537,0.501,2.42,2648,767,71.03,42.22,58.72
840260000F1156,2.4,1.35,0.396,0.721,2.26,591,217,63.28,49.07,55.67
840370000B0211,1.95,1.65,0.454,0.544,5.29,259,31,88.03,77.99,81.08
841500000H0429,2.3,1.4,0.533,0.517,2.36,3429,1003,70.75,43.45,57.57
073120000B1217,1.8,1.75,0.535,0.526,1.32,299,163,45.48,0.0,24.41
83104000CD0070,2.5,2.0,0.464,0.498,2.26,5992,2303,61.57,22.88,55.67
84081000BL0067,2.1,1.4,0.54,0.555,2.59,10072,2694,73.25,51.77,61.36
840400000C1098,2.0,1.65,0.503,0.453,13.08,1596,81,94.92,88.78,92.36
83096000AB0213,2.4,1.55,0.37,0.605,1.51,873,508,41.81,3.78,33.79
841330000C0463,2.3,1.35,0.482,0.44,5.53,652,91,86.04,68.25,81.9
070970000D0414,1.45,1.65,0.456,0.487,1.65,272,130,52.21,1.84,39.34
830310000H0841,2.05,1.95,0.551,0.433,1.75,286,107,62.59,13.64,43.01
841170000A0711,2.25,1.4,0.539,0.514,2.3,629,203,67.73,37.2,56.44
830910000D0399,1.7,1.75,0.512,0.462,1.36,6566,3051,53.53,0.0,26.3
830180000B0035,2.5,1.95,0.466,0.582,2.46,1697,563,66.82,42.96,59.28
130910000D0675,1.95,1.8,0.57,0.465,1.31,3457,1605,53.57,0.12,23.58
840510000G0427,2.45,0.85,0.161,0.316,361.0,2527,6,99.76,99.25,99.72
840290000F0418,2.2,1.35,0.516,0.755,2.9,432,108,75.0,66.9,65.51
841060000E0216,2.45,1.2,0.501,0.535,3.32,535,129,75.89,54.95,69.91
261820000E0031,2.4,1.4,0.438,0.535,3.04,1054,255,75.81,54.74,67.08
840890000B0247,2.5,1.35,0.514,0.455,4.25,3614,665,81.6,59.6,76.48
83096000AB0228,2.55,2.1,0.616,0.463,1.66,825,279,66.18,27.03,39.76
84041000AE0200,2.4,1.6,0.53,0.429,4.77,2512,341,86.43,68.39,79.02
830690000C0556,2.25,2.15,0.607,0.412,2.07,3498,915,73.84,36.48,51.6
261820000G0176,2.3,1.4,0.504,0.498,4.25,2420,415,82.85,65.54,76.45
07324000AZ0135,1.25,1.45,0.393,0.515,1.39,6344,3454,45.55,0.0,27.92
84081000AT0071,2.3,1.4,0.513,0.525,4.94,178,31,82.58,66.85,79.78
26345000BM0101,2.45,1.4,0.54,0.474,3.78,13619,2412,82.29,62.61,73.52
84127000AA0065,2.5,1.35,0.341,0.774,1.29,981,601,38.74,20.9,22.73
840510000D0114,2.45,1.35,0.502,0.433,3.63,1263,268,78.78,50.99,72.45
841220000H0436,2.4,1.35,0.504,0.478,3.69,1366,255,81.33,60.91,72.91
13079000AH0024,2.35,2.15,0.602,0.45,1.72,1214,394,67.55,27.84,41.85
840190000H0952,2.35,1.4,0.487,0.471,5.32,3467,485,86.01,70.29,81.19
84018000AI0088,2.35,1.65,0.545,0.504,1.84,297,114,61.62,23.91,45.79
26377000AK0378,,,,,,,,,,
830510000E0100,2.45,1.95,0.547,0.577,3.47,632,123,80.54,66.3,71.2
84141000BB0085,2.15,1.4,0.526,0.579,4.59,1422,220,84.53,73.28,78.2
840160000D0308,,,,,,,,,,
840890000C0190,2.45,1.35,0.5,0.386,2.27,779,275,64.7,8.6,55.97
841330000G0249,2.5,1.35,0.535,0.522,1.91,1245,495,60.24,23.78,47.55
84082000AD0164,2.3,1.45,0.529,0.498,1.77,265,121,54.34,8.3,43.4
830310000C0228,2.3,2.05,0.623,0.542,2.76,965,189,80.41,63.83,63.73
830510000E1514,2.4,2.0,0.496,0.478,8.55,872,64,92.66,84.63,88.3
841500000E0179,2.3,1.4,0.521,0.478,2.2,2160,747,65.42,27.64,54.44
841380000S0323,2.4,1.4,0.539,0.465,2.01,2119,797,62.39,19.16,50.17
84104000AE0257,2.1,1.1,0.24,0.74,9.98,519,37,92.87,90.37,89.98
84082000AH0056,2.45,1.45,0.523,0.574,4.72,529,85,83.93,72.02,78.83
84028000AK0213,2.2,1.4,0.513,0.559,6.82,1651,161,90.25,82.56,85.34
84091000AB0051,2.5,1.4,0.537,0.496,3.43,1333,279,79.07,57.84,70.82
26377000AS0292,2.35,1.35,0.454,0.592,2.97,1966,505,74.31,56.61,66.28
83149000AM0237,2.5,2.0,0.552,0.312,8.98,3727,236,93.67,79.72,88.87
13079000BM0018,2.4,2.1,0.627,0.516,2.14,3035,723,76.18,53.84,53.31
840440000D0928,2.0,1.65,0.563,0.511,1.4,284,143,49.65,1.41,28.52
840300000B1612,2.3,1.6,0.529,0.431,1.91,786,316,59.8,6.74,47.58
840870000K0759,2.55,1.65,0.561,0.488,3.49,1828,336,81.62,62.31,71.33
841460000E0173,2.5,1.4,0.492,0.522,3.65,671,142,78.84,59.46,72.58
830320000A0246,1.55,1.25,0.287,0.512,82.24,2714,21,99.23,98.49,98.78
84036000BC0179,2.0,1.35,0.369,0.44,6.33,76,11,85.53,67.11,84.21
841170000B0108,2.4,1.15,0.488,0.554,1.53,331,184,44.41,0.0,34.44
840390000G1983,2.25,1.45,0.473,0.517,4.67,551,91,83.48,68.06,78.58
830260000D1164,2.35,1.8,0.527,0.37,13.42,3703,176,95.25,87.15,92.55
84041000AC0100,2.35,1.6,0.473,0.665,2.17,1464,529,63.87,45.7,53.89
84012000AO0489,2.15,1.2,0.468,0.582,6.23,1177,153,87.0,77.66,83.94
830460000E1267,2.4,1.95,0.517,0.688,2.72,839,243,71.04,57.93,63.17
262330000C0354,2.2,1.4,0.516,0.446,4.88,5111,793,84.48,65.17,79.51
83068000AZ0135,1.9,1.45,0.504,0.461,1.64,1042,484,53.55,0.0,38.87
072640000G0052,2.3,1.2,0.415,0.546,7.75,597,59,90.12,81.91,87.1
841380000N0287,2.35,1.4,0.526,0.48,3.26,3163,662,79.07,56.37,69.33
830690000D2475,2.05,1.95,0.578,0.493,2.96,895,203,77.32,53.97,66.26
831080000F0373,2.5,1.75,0.432,0.668,1.22,1300,875,32.69,0.0,17.77
841150000A0157,2.2,1.65,0.398,0.677,1.7,1568,802,48.85,24.43,41.07
84104000AH0094,2.25,1.2,0.519,0.593,2.32,409,153,62.59,36.92,56.97
840510000G0481,2.5,1.35,0.43,0.411,6.88,805,83,89.69,74.91,85.47
830270000G1028,2.3,2.05,0.608,0.434,2.02,2981,874,70.68,32.47,50.52
84127000AW0032,2.1,1.25,0.511,0.596,1.39,1179,708,39.95,0.0,27.99
263570000V0239,2.45,1.4,0.543,0.521,3.35,1789,364,79.65,60.98,70.15
841150000C0197,2.3,1.6,0.503,0.439,12.61,2119,97,95.42,89.57,92.07
070130000C0527,2.3,2.0,0.536,0.586,1.44,693,391,43.58,3.75,30.45
84046000AM0025,1.85,1.65,0.529,0.462,1.36,1812,848,53.2,0.0,26.66
84137000AT0008,2.45,1.2,0.423,0.782,5.43,1412,183,87.04,83.43,81.59
840150000A0625,2.5,1.55,0.501,0.508,4.62,467,63,86.51,73.45,78.37
83023000BX0055,2.45,2.05,0.61,0.505,3.67,1454,205,85.9,72.08,72.76
84050000AT0091,,,,,,,,,,
13050000BH0221,2.25,1.95,0.616,0.523,1.54,433,171,60.51,24.48,34.87
830450000E0283,2.5,2.0,0.595,0.397,2.96,5016,995,80.16,49.98,66.23
84028000AO0094,2.0,1.4,0.536,0.567,1.8,963,395,58.98,27.62,44.44
84018000AC0175,2.2,1.05,0.205,0.7,104.8,1048,7,99.33,99.05,99.05
840960000B1009,2.15,1.4,0.323,0.808,2.56,64,21,67.19,59.38,60.94
263800000G0139,,,,,,,,,,
84118000AI0356,2.1,1.65,0.561,0.48,1.68,385,159,58.7,14.03,40.52
830270000C0369,2.0,1.95,0.602,0.492,1.3,2424,1190,50.91,0.29,23.35
840450000A0056,2.4,1.4,0.498,0.618,3.21,395,97,75.44,60.25,68.86
26345000AK0230,2.25,1.4,0.338,0.625,1.46,944,534,43.43,9.53,31.46
13001000NM0084,2.25,2.0,0.601,0.403,2.32,27509,6956,74.71,37.19,56.99
13079000BC0084,2.0,2.0,0.591,0.404,1.6,11238,4453,60.38,1.98,37.52
830320000E1508,2.4,2.1,0.608,0.519,3.71,1116,150,86.56,74.1,73.03
840440000B0406,2.5,1.6,0.447,0.68,1.72,1388,636,54.18,32.64,41.79
073130000B0286,2.0,1.95,0.592,0.49,1.65,957,379,60.4,19.12,39.5
830460000E1449,2.3,2.0,0.616,0.503,2.2,689,180,73.88,48.04,54.57
13087000AN0081,2.45,2.15,0.492,0.613,1.72,576,255,55.73,27.78,41.84
840290000C0380,2.25,1.4,0.514,0.549,5.06,1052,147,86.03,74.52,80.23
261790000C0229,2.3,2.1,0.617,0.448,1.38,1659,696,58.05,6.39,27.31
830640000C0035,1.95,2.0,0.579,0.478,1.28,781,380,51.34,0.0,21.9
131150000E0051,2.55,2.15,0.57,0.305,2.27,3066,880,71.3,6.0,56.0
841340000C0369,2.25,1.4,0.51,0.438,2.06,17451,5442,68.82,28.75,51.41
84102000AR0042,2.25,1.35,0.528,0.549,4.4,2462,414,83.18,69.37,77.25
840780000E0501,2.1,1.4,0.532,0.551,2.86,846,220,74.0,52.84,65.01
26054000AB0143,2.2,1.2,0.303,0.709,2.79,690,188,72.75,61.59,64.2
83069000IY0021,2.4,2.05,0.589,0.369,2.24,6497,1748,73.1,27.17,55.39
84073000AL0108,1.65,1.05,0.363,0.542,42.03,5590,104,98.14,96.57,97.62
83016000AD0271,2.4,1.95,0.552,0.399,2.38,421,115,72.68,31.59,57.96
840710000B0034,2.05,1.35,0.508,0.59,9.15,3137,230,92.67,87.57,89.07
840890000C0046,2.15,1.25,0.424,0.435,11.93,1634,100,93.88,85.92,91.62
840510000B0241,2.55,1.35,0.497,0.553,2.92,964,254,73.65,52.39,65.77
841270000D0687,2.25,1.4,0.538,0.551,1.53,455,242,46.81,3.52,34.51
841330000F0266,2.55,1.35,0.527,0.457,2.55,5144,1457,71.68,38.08,60.81
840720000B0257,2.25,1.65,0.414,0.779,1.47,333,190,42.94,26.73,32.13
830510000F0285,1.75,1.95,0.379,0.321,45.93,689,9,98.69,95.94,97.82
07264000AM0046,2.1,1.4,0.518,0.648,4.11,1180,188,84.07,75.42,75.68
841380000I0064,2.45,1.4,0.497,0.392,3.44,2090,456,78.18,44.35,70.91
13110000CI0050,2.0,2.05,0.613,0.492,1.32,712,352,50.56,0.0,24.44
830310000I0292,2.5,2.15,0.602,0.351,1.73,20990,6883,67.21,6.6,42.07
840770000B0315,2.45,1.65,0.565,0.517,2.22,349,109,68.77,39.54,55.01
13032000BS0043,2.0,1.85,0.526,0.352,9.6,1622,83,94.88,85.45,89.58
830680000F0276,2.2,2.05,0.588,0.393,1.66,18567,6807,63.34,6.81,39.76
840960000E0190,2.25,1.4,0.426,0.721,6.57,8546,935,89.06,84.84,84.79
83035000AH0774,2.3,2.0,0.574,0.412,1.81,197,77,60.91,5.08,44.67
841460000B0448,2.3,1.4,0.53,0.509,2.12,1186,395,66.69,34.57,52.87
83116000BX0145,2.6,2.0,0.574,0.365,3.32,3060,508,83.4,54.58,69.9
84104000AC0106,2.2,1.4,0.444,0.791,2.91,702,185,73.65,66.67,65.67
830330000E0072,2.4,1.9,0.592,0.496,1.77,1579,531,66.37,32.17,43.51
840390000G0171,2.15,1.6,0.53,0.59,3.97,258,49,81.01,67.83,74.81
841380000F0079,2.5,1.4,0.515,0.508,2.37,1918,593,69.08,39.16,57.82
841210000C0039,2.0,1.35,0.524,0.537,1.95,2168,824,61.99,29.2,48.62
831250000C0337,2.65,1.9,0.509,0.512,6.57,486,41,91.56,83.54,84.77
26377000AX0084,2.2,1.35,0.533,0.466,1.71,1183,529,55.28,4.14,41.59
26317000AC0156,2.0,1.4,0.508,0.506,2.04,2725,910,66.61,33.98,50.94
26054000AO0168,1.95,1.4,0.408,0.78,7.42,1566,145,90.74,88.12,86.53
84028000AN0005,2.5,1.4,0.484,0.471,6.56,820,99,87.93,74.39,84.76
830910000E0337,2.15,1.95,0.584,0.434,1.65,2903,1103,62.0,12.44,39.44
13050000AY0080,2.55,2.05,0.612,0.415,1.78,1758,575,67.29,21.1,43.97
07143000AK0471,1.6,1.15,0.432,0.517,1.33,546,312,42.86,0.0,25.09
263570000O0075,1.95,1.4,0.514,0.544,3.27,327,80,75.54,55.05,69.42
840390000G0824,2.05,1.45,0.54,0.532,1.55,878,437,50.23,6.38,35.65
830670000D3150,2.4,2.15,0.586,0.556,1.7,4075,1587,61.06,29.99,41.15
83116000AK0088,2.0,2.0,0.509,0.556,21.4,2761,69,97.5,95.51,95.33
070890000C0914,1.9,1.5,0.515,0.456,1.57,902,425,52.88,0.0,36.36
84104000AN0076,2.1,1.4,0.459,0.707,1.94,378,159,57.94,40.48,48.41
83097000AD0422,2.0,1.6,0.553,0.496,1.38,1503,770,48.77,0.0,27.61
13001000OW0007,2.45,2.15,0.559,0.468,3.71,2778,465,83.26,64.22,73.04
13050000BX0165,2.45,1.95,0.61,0.457,1.49,297,117,60.61,13.8,32.66
841500000F0175,2.5,1.4,0.546,0.495,2.22,925,321,65.3,29.84,54.92
07056000AE0357,2.05,0.95,0.276,0.698,1.27,423,293,30.73,0.71,21.04
131150000D0077,2.15,2.0,0.596,0.53,5.88,5453,469,91.4,83.77,82.98
841330000A0357,1.9,1.25,0.343,0.385,13.72,494,25,94.94,86.84,92.71
26054000AE0087,1.9,1.35,0.476,0.457,1.68,324,137,57.72,7.41,40.43
130910000A0197,2.45,2.05,0.592,0.445,2.41,1563,358,77.1,48.5,58.48
840450000D0357,1.7,1.05,0.3,0.449,178.03,5875,22,99.63,99.17,99.44
840720000D0450,2.2,1.65,0.567,0.535,2.28,786,216,72.52,48.6,56.11
84069000AZ0342,2.5,1.65,0.539,0.514,4.65,4685,621,86.74,74.24,78.48
261820000G0001,2.45,1.4,0.537,0.484,2.74,1492,384,74.26,46.85,63.47
840390000A0322,2.0,1.5,0.556,0.546,1.31,2729,1488,45.47,0.15,23.74
26054000AD0148,2.3,1.4,0.519,0.435,1.99,725,280,61.38,11.17,49.66
83112000DA0038,2.0,1.6,0.56,0.504,1.44,1464,735,49.8,0.34,30.6
84069000AB0208,1.9,1.2,0.407,0.571,104.5,8151,64,99.21,98.63,99.04
830270000B0081,2.05,2.05,0.605,0.464,1.61,1768,657,62.84,19.91,37.78
841300000B1143,2.4,1.25,0.499,0.556,3.27,726,175,75.9,56.61,69.42
840560000A0189,2.1,1.35,0.331,0.739,2.3,2820,894,68.3,57.09,56.52
841060000C0460,2.4,1.2,0.433,0.444,7.43,691,71,89.73,76.85,86.54
840970000B0186,2.3,1.4,0.529,0.493,2.42,1214,377,68.95,36.99,58.73
831080000G0208,2.0,1.45,0.546,0.451,1.73,1907,875,54.12,0.0,42.32
830320000E1957,2.15,1.9,0.527,0.373,16.2,3192,115,96.4,90.35,93.83
84031000AI0205,2.15,1.65,0.54,0.484,4.13,810,123,84.81,68.64,75.8
26054000AE0076,2.15,1.3,0.402,0.688,1.48,430,256,40.47,13.49,32.33
840560000A0088,2.1,1.4,0.383,0.831,3.92,1429,261,81.74,78.03,74.46
840290000B0256,2.05,1.4,0.389,0.715,1.43,1560,936,40.0,16.03,30.06
261100000A0597,1.95,2.0,0.614,0.607,1.9,1066,310,70.92,52.06,47.28
841170000A0206,1.25,1.0,0.243,0.5,39.66,1150,15,98.7,97.39,97.48
840160000A1242,1.95,1.5,0.542,0.528,1.49,162,86,46.91,0.0,32.72
840900000D0122,2.35,1.35,0.528,0.483,2.36,2509,775,69.11,36.03,57.59
841480000B0262,2.25,1.35,0.418,0.674,1.27,463,318,31.32,0.0,21.38
13110000CK0034,2.5,2.0,0.583,0.432,1.7,9004,3478,61.37,10.53,41.35
13110000BP0091,2.4,2.15,0.597,0.363,2.98,3970,776,80.45,46.1,66.45
84118000AS0403,2.5,1.65,0.465,0.598,1.37,1840,1045,43.21,5.05,27.01
07143000AB0177,1.95,1.45,0.502,0.598,1.35,115,67,41.74,2.61,26.09
263570000V0276,2.45,1.4,0.543,0.493,2.29,551,187,66.06,31.22,56.26
840960000E0264,2.3,1.4,0.512,0.512,3.26,969,209,78.43,57.89,69.35
830350000E2491,2.05,2.0,0.579,0.627,1.29,1025,575,43.9,10.54,22.63
26179000ZC0033,2.0,1.8,0.567,0.502,1.35,1170,619,47.09,0.0,26.15
13110000BX0091,2.5,2.15,0.621,0.436,1.77,5360,1398,73.92,40.19,43.56
830320000A0471,2.25,2.0,0.604,0.525,3.39,2212,372,83.18,67.95,70.48
84135000AA0026,2.4,1.35,0.53,0.494,1.72,682,305,55.28,9.53,41.94
840470000D0212,2.5,1.45,0.533,0.458,1.65,1175,550,53.19,0.0,39.32
840440000A0398,2.65,1.4,0.237,0.4,87.11,784,6,99.23,98.09,98.85
07264000AL0018,2.1,1.4,0.395,0.868,3.0,378,99,73.81,69.84,66.67
841220000H0527,2.0,1.35,0.466,0.676,6.67,654,71,89.14,83.94,85.02
830270000E0102,2.2,2.0,0.6,0.461,1.39,24552,11109,54.75,1.9,28.16
261100000A0312,1.9,2.0,0.57,0.417,1.56,960,413,56.98,0.0,36.04
840720000A0298,2.3,1.45,0.427,0.68,1.93,3849,1527,60.33,41.62,48.3
830910000B0367,2.4,2.15,0.531,0.581,1.43,2419,1279,47.13,9.05,29.89
13072000AZ0039,2.3,2.05,0.63,0.495,1.92,2615,708,72.93,45.32,47.92
830040000F0532,2.05,1.9,0.546,0.433,5.18,5479,581,89.4,75.49,80.71
840420000D0638,2.1,1.35,0.529,0.594,3.1,220,57,74.09,56.36,67.73
26345000AZ0113,2.5,1.4,0.558,0.478,1.97,1815,662,63.53,23.69,49.2
840140000E0199,2.1,1.35,0.535,0.492,1.76,382,181,52.62,3.66,43.19
261820000C0698,2.4,1.4,0.332,0.688,1.33,765,481,37.12,8.63,24.97
830320000A0214,2.45,1.95,0.586,0.481,4.45,1563,194,87.59,74.22,77.54
840220000C0205,2.3,1.4,0.483,0.494,5.71,594,77,87.04,73.74,82.49
261820000C0957,2.2,1.15,0.357,0.449,8.18,229,22,90.39,78.6,87.77
841160000A1076,2.3,1.4,0.459,0.532,3.0,2121,510,75.95,54.83,66.62
07143000AK0417,1.95,1.25,0.503,0.548,1.53,1479,799,45.98,1.49,34.75
840420000C1132,2.2,1.35,0.526,0.47,2.4,1479,491,66.8,29.34,58.42
83096000AB0119,2.4,1.95,0.441,0.51,1.92,2157,990,54.1,9.97,47.89
84012000AO0165,,,,,,,,,,
84041000AE0365,2.2,1.6,0.465,0.38,18.16,5757,207,96.4,90.53,94.49
841300000B0827,2.05,1.25,0.402,0.587,5.14,822,121,85.28,74.94,80.54
26345000BH0115,2.1,1.4,0.429,0.787,3.69,1784,347,80.55,75.28,72.93
830450000H0433,2.45,2.1,0.604,0.462,2.05,330,91,72.42,40.3,51.21
831100000A0591,2.0,1.6,0.554,0.453,1.57,3637,1645,54.77,0.08,36.35
13087000AP0182,2.4,2.0,0.558,0.56,4.18,736,126,82.88,69.43,76.09
840160000A0605,2.0,1.65,0.407,0.829,3.22,145,34,76.55,71.72,68.97
841150000C0191,2.25,1.6,0.49,0.578,6.23,929,89,90.42,83.42,83.96
841220000B0524,1.1,1.1,0.235,0.5,49.38,1926,17,99.12,98.23,97.98
83068000AK0042,2.45,1.95,0.584,0.433,4.03,4131,567,86.27,68.34,75.21
830040000F0849,2.4,2.0,0.515,0.441,1.69,1814,800,55.9,0.06,40.74
830490000E0627,2.0,2.0,0.593,0.441,1.51,3901,1642,57.91,4.51,33.79
830310000H1231,2.5,2.1,0.6,0.402,2.9,3299,580,82.42,56.26,65.47
13050000AW0003,2.45,2.1,0.557,0.314,8.25,4791,318,93.36,78.84,87.87
841090000C0404,2.45,1.45,0.511,0.447,3.83,828,170,79.47,54.11,73.91
840290000D0514,,,,,,,,,,
840390000H1232,1.6,1.65,0.499,0.509,1.25,755,387,48.74,0.0,20.13
830830000A0225,1.95,1.35,0.47,0.438,1.95,537,227,57.73,3.54,48.6
830430000H0357,2.4,1.5,0.345,0.7,1.27,505,354,29.9,0.0,21.19
830320000A0449,2.4,2.15,0.458,0.678,2.07,731,270,63.06,45.55,51.71
830270000B0637,2.15,1.6,0.493,0.624,1.38,163,103,36.81,0.0,27.61
84122000AY0042,2.45,1.15,0.45,0.506,4.13,430,84,80.47,61.4,75.81
84102000CB0088,2.0,1.65,0.539,0.489,4.75,2651,352,86.72,72.84,78.95
83097000AS0009,2.4,2.15,0.604,0.408,1.95,8085,2117,73.82,35.75,48.72
13079000AH0051,2.0,1.85,0.579,0.446,1.38,2026,924,54.39,0.0,27.3
841170000B0882,2.5,1.4,0.528,0.522,1.96,1381,558,59.59,22.59,49.09
07059000ZA0023,2.0,1.4,0.546,0.534,1.52,147,79,46.26,0.0,34.01
841360000A0595,2.5,1.35,0.392,0.553,11.08,421,26,93.82,88.84,90.97
830850000D0122,2.4,1.4,0.344,0.731,1.23,761,550,27.73,1.18,18.4
07042000BD0043,2.3,1.2,0.497,0.536,2.69,1107,332,70.01,44.08,62.78
130510000E0049,2.5,2.0,0.496,0.632,1.49,629,345,45.15,13.2,32.91
84081000BK0021,2.05,1.4,0.415,0.321,29.27,1756,43,97.55,92.37,96.58
26367000AK0129,2.15,1.4,0.539,0.522,2.36,1983,617,68.89,40.34,57.54
07264000AO0139,2.3,1.35,0.478,0.726,4.2,924,162,82.47,75.87,76.19
830670000C0174,2.4,2.15,0.561,0.444,3.44,629,100,84.1,64.23,70.91
841460000B0883,2.25,1.4,0.531,0.471,3.35,9158,1916,79.08,55.56,70.15
840300000E1124,2.25,1.4,0.355,0.789,7.4,540,60,88.89,85.93,86.48
26250000ZA0073,1.85,1.4,0.507,0.471,1.69,894,417,53.36,0.89,40.83
84127000AX0032,2.2,1.4,0.41,0.732,1.59,1326,668,49.62,31.15,37.03
840370000E1038,2.2,1.45,0.554,0.55,1.33,2331,1225,47.45,4.46,25.01
072910000A0059,2.0,1.5,0.555,0.53,1.36,518,278,46.33,0.0,26.45
84019000BE0020,2.05,1.4,0.378,0.72,1.82,641,290,54.76,37.13,45.09
84149000AT0044,2.1,1.35,0.359,0.724,2.8,1544,438,71.63,60.82,64.25
072340000A0714,2.4,1.25,0.469,0.516,1.82,193,99,48.7,0.52,45.08
26179000ZP0071,1.85,2.0,0.589,0.496,1.25,280,141,49.64,0.0,20.0
84104000AN0136,2.2,1.1,0.336,0.576,11.85,628,38,93.95,89.49,91.56
840200000C0785,2.35,1.35,0.475,0.476,15.06,3554,152,95.72,91.02,93.36
13082000AK0133,2.5,2.0,0.548,0.377,2.08,391,137,64.96,7.16,51.92
840490000E0393,2.1,1.35,0.42,0.678,1.18,295,208,29.49,0.0,15.59
840170000B1449,2.5,1.45,0.524,0.55,4.23,542,94,82.66,68.45,76.38
26038000ZI0098,2.0,1.45,0.535,0.45,1.78,4531,2046,54.84,0.0,43.85
841380000Q0476,2.35,1.2,0.514,0.504,2.19,684,268,60.82,22.22,54.39
840390000F1646,2.05,1.5,0.522,0.776,1.94,134,66,50.75,36.57,48.51
263570000C0348,2.15,1.4,0.347,0.829,1.69,132,63,52.27,42.42,40.91
83099000BN0045,2.4,2.15,0.586,0.336,1.91,3031,994,67.21,2.44,47.64
26038000ZI0154,,,,,,,,,,
841160000C0782,2.3,1.4,0.341,0.656,1.64,1721,843,51.02,25.33,39.11
261880000C2477,2.25,1.4,0.431,0.763,4.1,2564,442,82.76,77.42,75.59
841480000A0226,2.3,1.45,0.368,0.807,2.53,763,243,68.15,60.55,60.55
261880000C0323,2.5,1.4,0.492,0.386,5.37,3968,532,86.59,65.3,81.38
840370000F0494,2.45,1.4,0.466,0.545,13.56,800,42,94.75,90.38,92.62
830040000G0832,2.45,1.7,0.425,0.608,1.43,2431,1494,38.54,0.0,30.07
841220000B1397,2.05,1.35,0.475,0.56,5.05,909,122,86.58,76.02,80.2
841270000D0684,2.2,1.4,0.365,0.691,2.91,163,47,71.17,58.28,65.64
84086000AR0058,2.2,1.35,0.53,0.518,5.42,14343,1856,87.06,75.01,81.56
830910000E0342,2.15,2.15,0.607,0.431,1.29,4028,1736,56.9,0.0,22.39
07264000AN0034,2.45,1.2,0.398,0.516,10.79,518,32,93.82,88.03,90.73
840720000C0797,,,,,,,,,,
830830000C0238,2.2,2.1,0.458,0.528,5.92,213,19,91.08,83.1,83.1
841060000C0551,1.75,1.4,0.43,0.581,8.41,917,72,92.15,86.48,88.11
830350000C0393,2.35,1.9,0.481,0.423,1.93,52,22,57.69,0.0,48.08
830570000A0688,2.4,1.9,0.328,0.226,45.91,1056,12,98.86,94.98,97.82
841330000F1077,2.5,1.35,0.513,0.422,3.54,2988,652,78.18,48.26,71.72
841160000D0090,2.4,1.4,0.534,0.495,2.21,3541,1154,67.41,34.17,54.79
841330000B0535,2.5,1.35,0.526,0.48,2.34,6851,2147,68.66,34.77,57.29
263220000B0740,2.15,1.4,0.517,0.552,4.33,3123,492,84.25,71.44,76.88
262330000C0386,2.25,1.4,0.493,0.448,4.53,1187,198,83.32,62.76,77.93
84082000AI0202,2.3,1.65,0.389,0.634,1.5,1383,777,43.82,11.35,33.12
841090000B0073,2.2,1.65,0.378,0.667,1.51,533,303,43.15,14.82,33.58
830940000D0113,2.3,2.05,0.385,0.411,6.25,331,46,86.1,66.16,83.99
070090000B0697,2.3,1.95,0.601,0.462,1.64,1134,437,61.46,16.58,39.15
073080000A0938,2.0,2.0,0.589,0.511,1.45,295,143,51.53,5.08,30.85
841260000E1223,1.95,1.4,0.281,0.429,14.05,309,12,96.12,90.94,92.88
84141000BA0372,2.25,1.4,0.379,0.722,1.55,428,223,47.9,27.8,35.28
840390000G0531,2.3,1.65,0.559,0.499,1.63,603,260,56.88,13.6,38.47
840390000F0953,2.0,1.45,0.529,0.646,1.82,332,135,59.34,37.05,45.18
830670000C0167,2.45,2.1,0.559,0.598,3.21,4977,1068,78.54,64.14,68.88
840890000C0124,2.5,1.35,0.532,0.432,2.01,1849,697,62.3,12.71,50.35
84032000AD0083,2.55,1.65,0.471,0.382,2.61,5795,1902,67.18,14.03,61.67
84082000BD0179,2.5,1.65,0.526,0.452,3.09,543,113,79.19,53.96,67.59
261820000A0662,2.35,1.4,0.406,0.741,2.37,1303,420,67.77,56.49,57.87
830060000A0489,2.3,2.1,0.559,0.485,6.19,1559,117,92.5,84.54,83.84
13050000BL0086,2.5,2.1,0.441,0.552,1.57,353,180,49.01,7.65,36.26
26345000AD0029,2.1,1.15,0.226,0.916,2.75,1264,423,66.53,63.45,63.61
84138000AO0023,2.5,1.4,0.355,0.739,2.34,3492,1125,67.78,56.39,57.25
072640000B0080,2.15,1.4,0.498,0.545,9.05,4120,298,92.77,86.72,88.96
13001000NK0019,2.45,1.9,0.592,0.569,3.87,611,95,84.45,72.67,74.14
26179000ZK0047,2.45,2.0,0.608,0.43,1.43,2636,1134,56.98,0.0,30.16
840370000E0257,2.2,1.1,0.287,0.684,1.24,861,596,30.78,0.0,19.4
841090000B0129,2.3,1.45,0.444,0.775,3.28,565,124,78.05,71.68,69.56
841500000D0122,2.3,1.25,0.276,0.9,8.42,160,18,88.75,87.5,88.12
830920000D0733,2.3,2.15,0.564,0.437,2.23,460,125,72.83,37.83,55.22
840140000C0648,2.5,1.35,0.447,0.508,1.95,589,258,56.2,13.75,48.73
071330000B0611,2.2,1.65,0.546,0.441,1.41,16112,6827,57.63,3.89,29.05
841500000H0629,1.95,1.05,0.497,0.56,1.65,871,496,43.05,0.0,39.27
840520000H0483,2.45,1.35,0.518,0.49,2.31,3519,1123,68.09,34.9,56.75
07324000AY0136,1.85,1.85,0.523,0.413,1.67,1190,498,58.15,0.0,40.08
830460000E1036,2.5,1.8,0.434,0.643,5.89,359,45,87.47,80.5,83.01
831080000G0222,1.95,1.65,0.549,0.442,1.58,1986,863,56.55,1.61,36.81
840780000B1195,2.35,1.4,0.532,0.452,2.13,2090,717,65.69,24.11,52.97
07174000AB0084,2.35,1.85,0.588,0.412,1.81,161,68,57.76,0.0,44.72
840610000D0472,2.25,1.4,0.526,0.563,2.0,3469,1269,63.42,35.02,49.99
830570000A0201,2.5,2.0,0.49,0.642,1.48,857,481,43.87,12.6,32.21
830670000D0619,2.0,2.0,0.602,0.468,1.32,3817,1807,52.66,0.0,24.31
841220000B0240,2.45,1.35,0.533,0.499,2.76,1299,355,72.67,45.19,63.74
13085000AS0137,2.2,1.85,0.422,0.576,1.41,1277,738,42.21,0.0,29.21
26179000ZI0060,2.4,1.95,0.593,0.503,1.58,1896,735,61.23,23.0,36.71
83063000AB0162,2.05,1.95,0.579,0.543,8.81,4659,260,94.42,89.72,88.65
830510000E0976,2.45,1.95,0.161,0.2,44.0,308,3,99.03,95.13,97.73
830490000A0483,2.55,2.05,0.604,0.446,1.89,740,233,68.51,29.32,47.03
26054000AO0118,2.0,1.4,0.534,0.546,1.58,668,329,50.75,9.73,36.68
840770000B0740,,,,,,,,,,
830350000B0141,2.05,2.0,0.588,0.429,1.64,33079,12461,62.33,12.29,39.2
841500000H1039,2.25,1.4,0.512,0.47,3.52,1119,236,78.91,55.14,71.58
841060000A0283,1.9,1.2,0.373,0.613,11.79,660,38,94.24,90.61,91.52
831250000E0248,,,,,,,,,,
840420000E0550,2.3,1.35,0.534,0.485,2.67,3502,995,71.59,41.46,62.56
830310000A0307,2.3,1.95,0.602,0.531,1.59,669,281,58.0,20.93,37.07
840300000E1290,1.9,1.4,0.483,0.721,5.55,494,62,87.45,82.59,81.98
84086000AP0015,1.6,1.1,0.331,0.5,44.52,1469,22,98.5,97.0,97.75
84012000AS0073,2.1,1.25,0.516,0.587,2.21,927,338,63.54,37.86,54.8
26054000AL0033,2.0,1.4,0.4,0.666,1.81,1335,592,55.66,33.41,44.79
83112000BW0022,2.25,1.9,0.592,0.482,1.98,1871,628,66.44,30.36,49.44
841330000G0693,2.2,1.35,0.502,0.477,6.66,5318,549,89.68,78.38,84.98
831000000E0232,2.45,2.1,0.601,0.39,2.96,1994,373,81.29,52.01,66.25
84073000AI0073,1.85,1.35,0.417,0.469,11.31,1776,106,94.03,87.27,91.16
84058000AE0085,1.9,1.2,0.384,0.451,37.15,1932,37,98.08,95.76,97.31
840400000E0129,2.25,1.65,0.413,0.577,4.55,564,86,84.75,73.58,78.01
84041000AD0316,2.6,1.55,0.45,0.411,5.58,630,83,86.83,67.94,82.06
261820000G1405,,,,,,,,,,
830310000C0059,2.45,1.9,0.526,0.474,7.8,1381,91,93.41,86.1,87.18
263410000A1029,1.75,1.25,0.413,0.528,1.59,798,419,47.49,0.5,36.97
841330000B1237,2.4,1.35,0.538,0.419,2.14,2221,823,62.94,11.53,53.35
263800000D0072,2.25,2.1,0.604,0.472,1.53,1178,420,64.35,24.53,34.47
840940000E0495,2.35,1.35,0.392,0.606,1.82,213,100,53.05,22.54,45.07
830910000D0098,2.2,2.15,0.595,0.48,1.5,1451,599,58.72,14.06,33.49
840490000E0103,2.15,1.65,0.545,0.61,5.02,858,100,88.34,80.89,80.07
841330000A0123,2.45,1.35,0.527,0.435,1.91,1519,634,58.26,4.02,47.6
263570000B0301,2.3,1.4,0.395,0.309,13.19,699,42,93.99,80.54,92.42
841260000E0172,2.0,1.4,0.526,0.569,2.06,1507,543,63.97,36.7,51.56
840170000B0979,2.25,1.65,0.412,0.612,1.55,843,453,46.26,12.22,35.47
830270000B0250,2.2,2.1,0.615,0.515,1.43,1143,470,58.88,20.21,29.83
84137000BC0036,2.5,1.4,0.421,0.748,2.14,1678,573,65.85,54.35,53.22
830190000D0202,2.3,2.15,0.586,0.345,1.78,32118,10778,66.44,2.78,43.92
261880000D0926,2.35,1.4,0.498,0.538,3.77,482,106,78.01,59.13,73.44
830270000C0057,2.0,2.0,0.608,0.487,1.36,1724,814,52.78,3.02,26.51
83097000AI0064,2.2,2.0,0.605,0.464,2.58,2165,498,77.0,50.39,61.2
07070000AK0052,2.2,2.1,0.578,0.402,2.86,760,145,80.92,52.5,65.0
831340000B0482,2.35,2.05,0.577,0.329,1.93,7940,2599,67.27,0.45,48.2
841380000F0167,2.35,1.4,0.528,0.516,2.87,2413,587,75.67,52.84,65.19
841090000B0201,2.25,1.45,0.406,0.791,2.6,1065,299,71.92,64.51,61.6
071130000B0667,2.3,1.6,0.413,0.71,2.5,504,152,69.84,57.54,59.92
13037000AL0203,2.0,1.9,0.586,0.463,1.28,8561,4042,52.79,0.0,22.03
841090000A0560,2.25,1.2,0.256,0.931,7.47,867,94,89.16,88.35,86.62
07264000AT0155,2.15,1.4,0.536,0.569,3.02,2595,605,76.69,59.04,66.86
840420000C0351,2.5,1.35,0.543,0.425,1.9,3503,1430,59.18,4.05,47.27
830350000B0216,2.2,2.0,0.6,0.448,1.53,1617,684,57.7,5.5,34.51
07279000AC0136,2.05,1.45,0.523,0.591,2.63,2907,782,73.1,54.49,61.95
84016000AW0201,2.5,1.5,0.496,0.683,3.18,340,95,72.06,59.12,68.53
841220000B1236,2.5,1.35,0.423,0.77,1.79,1066,468,56.1,42.96,44.18
841060000A0314,2.35,1.4,0.539,0.541,1.92,551,211,61.71,29.22,47.91
840170000B1728,2.25,1.45,0.483,0.5,8.44,979,72,92.65,85.29,88.15
83101000AS0141,2.3,1.95,0.574,0.382,2.28,2084,584,71.98,26.73,56.05
13079000BC0059,1.95,1.6,0.529,0.482,1.52,523,253,51.63,0.0,34.23
840190000H0880,2.2,1.4,0.533,0.471,1.53,1997,926,53.63,1.6,34.8
13050000BK0261,2.5,1.95,0.606,0.642,3.6,986,185,81.24,70.79,72.21
263220000B1095,2.3,1.4,0.383,0.798,3.0,3799,903,76.23,70.23,66.65
841220000A0059,2.1,1.35,0.507,0.547,7.89,1926,170,91.17,83.85,87.33
840370000C0110,1.8,1.65,0.449,0.731,1.26,2493,1547,37.95,15.16,20.34
831060000D0854,2.45,2.15,0.621,0.446,1.26,1288,533,58.62,7.22,20.73
26271000ZB0225,1.95,1.15,0.5,0.483,1.85,5921,2896,51.09,0.0,45.9
84104000AD0125,1.1,1.2,0.309,0.694,27.14,2497,50,98.0,97.12,96.32
83086000AM0192,2.4,1.95,0.612,0.39,1.85,115,41,64.35,8.7,46.09
83016000AN0009,2.3,1.8,0.507,0.445,11.03,2184,114,94.78,88.28,90.93
07317000AB0085,2.45,1.4,0.451,0.631,1.3,2140,1360,36.45,0.0,22.8
840490000A0068,2.45,1.65,0.557,0.518,2.3,278,86,69.06,40.29,56.47
840490000D0326,1.4,1.45,0.307,0.492,14.12,706,29,95.89,91.64,92.92
841480000E1259,2.3,1.55,0.427,0.453,126.06,5925,29,99.51,98.92,99.21
83068000CS0008,2.0,1.65,0.557,0.461,1.52,2489,1161,53.35,0.0,34.27
84086000AK0051,2.35,1.35,0.389,0.727,6.19,2488,293,88.22,83.8,83.84
84028000AT0227,2.35,1.4,0.531,0.511,3.67,3926,736,81.25,63.3,72.72
13050000BK0260,,,,,,,,,,
840960000A0149,2.1,1.4,0.389,0.603,3.34,1385,318,77.04,61.95,70.04
261190000H0292,2.45,2.05,0.485,0.614,2.34,222,78,64.86,42.79,57.21
840490000C0223,2.3,1.65,0.569,0.461,2.72,5119,1149,77.55,51.3,63.29
841330000G0127,2.15,1.35,0.513,0.525,3.14,1115,266,76.14,54.53,68.16
841050000E0222,2.4,1.35,0.394,0.51,1.81,2068,997,51.79,5.42,44.87
26367000AK0018,2.4,1.35,0.483,0.605,3.83,2572,500,80.56,67.85,73.91
830490000D0257,2.4,2.0,0.495,0.653,1.36,2065,1248,39.56,7.46,26.44
841340000D0198,2.2,1.4,0.358,0.737,1.94,1371,551,59.81,45.44,48.36
263570000O0008,2.1,1.3,0.45,0.506,6.45,632,78,87.66,75.63,84.49
84099000AM0120,2.3,1.35,0.525,0.512,2.5,6469,1901,70.61,42.56,59.95
830460000D0179,2.05,2.05,0.588,0.452,1.53,136,61,55.15,0.74,34.56
840870000C0095,2.3,1.65,0.587,0.563,2.66,1392,321,76.94,59.05,62.43
840300000E1271,2.3,1.4,0.357,0.672,1.89,85,41,51.76,28.24,47.06
84118000AY0243,2.0,1.6,0.557,0.512,1.41,1328,644,51.51,5.35,28.92
841500000B0332,2.2,1.4,0.528,0.526,1.85,4336,1777,59.02,22.05,45.92
26377000ZA0030,2.35,1.35,0.522,0.531,3.52,1480,299,79.8,61.96,71.55
840440000B0657,2.25,1.6,0.52,0.477,5.48,1024,136,86.72,72.17,81.74
840870000L0678,2.15,1.65,0.577,0.531,1.56,1031,446,56.74,18.53,36.08
840160000A1267,1.95,1.65,0.519,0.64,4.3,1080,162,85.0,76.57,76.76
84008000AI0231,2.25,1.65,0.548,0.482,1.94,2696,902,66.54,30.6,48.48
841460000A0282,2.3,1.4,0.544,0.489,1.61,947,431,54.49,6.97,38.01
830430000H0149,2.2,2.1,0.611,0.445,1.76,3655,1102,69.85,32.28,43.31
840750000G0162,2.0,1.35,0.337,0.378,72.67,1744,17,99.03,97.42,98.62
830850000D0298,2.1,1.95,0.542,0.5,5.08,691,70,89.87,79.74,80.32
840300000E1858,2.0,1.45,0.385,0.409,4.11,78,18,76.92,43.59,75.64
841380000L0127,2.1,1.4,0.516,0.463,4.21,5949,981,83.51,64.36,76.25
26377000AV0069,2.35,1.3,0.461,0.559,4.35,87,19,78.16,60.92,77.01
261820000A1110,2.6,1.4,0.538,0.468,3.74,2617,507,80.63,58.62,73.25
830210000N0788,,,,,,,,,,
84028000AY0141,2.3,1.4,0.523,0.489,2.1,529,194,63.33,24.95,52.36
26377000AY0019,2.15,1.35,0.538,0.522,2.03,4251,1631,61.63,26.51,50.65
830350000B2297,2.2,1.95,0.48,0.574,1.79,317,135,57.41,25.87,44.16
841380000K0064,2.35,1.4,0.526,0.499,1.64,3340,1497,55.18,10.12,38.86
261820000B0252,2.4,1.2,0.32,0.861,2.51,599,180,69.95,65.11,60.1
83101000AS0002,2.5,2.0,0.496,0.322,14.67,3726,167,95.52,86.07,93.18
070970000C0352,2.4,1.9,0.534,0.568,2.47,267,79,70.41,47.94,59.55
830250000H0131,2.3,2.15,0.625,0.509,1.98,733,200,72.71,46.38,49.39
26038000ZA0162,1.85,1.6,0.515,0.426,1.61,3642,1546,57.55,0.3,37.92
830270000C1176,2.5,2.05,0.6,0.41,1.93,1477,530,64.12,12.46,48.14
841330000D0433,2.65,1.35,0.503,0.448,3.26,515,121,76.5,47.57,69.32
841060000A0099,2.05,1.4,0.545,0.564,1.52,1510,767,49.21,9.87,34.37
831080000D0154,2.5,1.3,0.344,0.706,1.17,1461,1069,26.83,0.0,14.31
26367000AR0070,2.4,1.4,0.406,0.814,3.71,3677,687,81.32,77.05,73.05
840960000B0915,1.6,1.4,0.438,0.569,1.65,51,29,43.14,0.0,39.22
840190000G0381,2.25,1.4,0.515,0.536,2.91,921,223,75.79,54.83,65.69
84137000AS0128,2.5,1.35,0.553,0.547,1.5,307,163,46.91,2.93,33.55
840390000F0028,2.4,1.45,0.533,0.481,2.42,382,113,70.42,38.48,58.64
13050000BW0011,2.05,1.95,0.605,0.526,1.14,1211,626,48.31,1.73,12.22
841260000E0453,2.2,1.4,0.522,0.617,2.61,690,200,71.01,53.04,61.74
070090000A0636,1.5,1.8,0.481,0.48,1.48,270,133,50.74,0.0,32.59
84141000AT0060,2.2,1.4,0.414,0.677,2.4,2078,653,68.58,53.56,58.28
26179000ZM0071,2.35,1.95,0.601,0.553,2.0,180,57,68.33,42.78,50.0
260330000G0789,2.25,1.65,0.567,0.498,1.54,238,118,50.42,0.42,34.87
830350000A0528,2.25,1.95,0.437,0.539,2.24,414,152,63.29,31.88,55.31
830460000F0009,2.35,1.95,0.577,0.491,11.6,4721,186,96.06,91.97,91.38
83149000AK0213,2.5,1.95,0.539,0.343,12.33,3860,160,95.85,87.93,91.89
073120000B1372,2.35,2.1,0.57,0.483,1.89,409,142,65.28,28.12,47.19
07228000AL0193,2.35,2.1,0.603,0.406,1.63,226,93,58.85,0.0,38.5
83097000AN0143,1.9,2.0,0.575,0.442,1.47,712,325,54.35,0.0,32.16
831060000D0634,2.25,2.0,0.606,0.468,1.93,590,182,69.15,34.07,48.31
072340000A0130,2.2,2.05,0.614,0.462,2.02,1003,295,70.59,36.39,50.45
841330000A0514,2.25,1.35,0.499,0.457,2.59,1815,515,71.63,37.96,61.43
841370000A0142,2.4,1.4,0.435,0.731,6.8,673,76,88.71,84.55,85.29
840190000B0500,2.4,1.4,0.538,0.542,2.25,467,156,66.6,38.33,55.46
263570000N0215,2.2,1.4,0.368,0.722,1.29,9962,6316,36.6,12.2,22.75
84106000ZC0018,2.05,1.4,0.542,0.526,1.42,7184,3768,47.55,0.19,29.82
831080000E0246,2.5,2.05,0.444,0.581,5.9,997,132,86.76,77.23,83.05
83101000BD0094,2.45,2.05,0.584,0.391,2.17,960,254,73.54,32.29,53.96
84127000AX0189,2.25,1.4,0.522,0.529,1.58,3077,1461,52.52,10.2,36.79
841360000A0191,2.4,1.35,0.45,0.492,36.6,3001,60,98.0,95.93,97.27
841460000A0156,2.5,1.4,0.56,0.459,1.74,305,140,54.1,0.0,42.62
840940000E0748,2.3,1.4,0.364,0.69,1.55,2376,1260,46.97,23.19,35.35
071520000A0428,1.95,1.9,0.556,0.469,1.52,1431,672,53.04,0.0,34.31
071690000C0935,1.9,2.0,0.574,0.461,1.58,946,431,54.44,1.27,36.89
830260000D0143,2.5,1.65,0.444,0.784,16.52,2329,105,95.49,94.25,93.95
840120000A0451,1.6,1.0,0.217,0.391,144.64,2025,9,99.56,98.86,99.31
830270000G0444,2.2,1.95,0.467,0.754,5.27,606,89,85.31,80.53,81.02
261820000A0078,2.35,1.4,0.516,0.512,3.85,1362,270,80.18,61.31,74.01
263570000X0100,2.05,1.4,0.538,0.558,2.55,2861,793,72.28,50.37,60.78
830260000B0594,2.5,2.0,0.509,0.3,18.87,1962,27,98.62,95.41,94.7
840960000D0056,2.0,1.4,0.545,0.589,2.94,2196,522,76.23,59.65,66.03
831000000A0208,2.4,1.85,0.567,0.455,1.52,937,437,53.36,0.0,34.15
07228000AA0086,2.0,1.45,0.543,0.515,1.48,1223,636,48.0,0.0,32.22
84088000AN0218,2.3,1.65,0.549,0.49,2.73,1167,252,78.41,55.96,63.41
263570000I0160,2.15,1.4,0.524,0.598,1.65,1683,785,53.36,21.98,39.57
83136000AR0109,2.5,2.0,0.599,0.499,5.03,5908,585,90.1,80.16,80.13
840960000A0152,2.0,1.4,0.515,0.624,2.16,1198,396,66.94,46.99,53.67
840720000C0150,2.25,1.35,0.34,0.648,1.31,730,474,35.07,0.0,23.7
830830000A0610,2.0,1.95,0.595,0.472,1.39,2379,1082,54.52,3.66,27.99
83101000AI0437,2.4,2.1,0.442,0.495,1.76,1699,842,50.44,0.0,43.03
840220000A0397,2.5,1.4,0.412,0.653,1.61,2819,1406,50.12,23.66,37.99
83097000AO0183,2.05,1.55,0.553,0.456,1.61,1447,672,53.56,0.0,37.8
830920000A0419,2.35,2.0,0.617,0.479,2.37,400,114,71.5,40.5,57.75
073080000C0517,1.8,1.9,0.544,0.447,1.57,2929,1299,55.65,0.89,36.43
830180000D0693,,,,,,,,,,
830500000G0310,2.25,1.95,0.581,0.49,2.5,537,149,72.25,43.39,59.96
841380000D0032,2.45,1.2,0.455,0.515,3.18,2870,733,74.46,50.38,68.54
83148000BT0007,2.45,1.95,0.596,0.429,1.68,1494,522,65.06,18.61,40.5
840910000D0283,2.25,1.35,0.31,0.673,3.33,380,105,72.37,58.95,70.0
261880000C0781,2.4,1.35,0.341,0.654,1.64,842,436,48.22,20.78,38.95
84028000AD0036,2.05,1.4,0.513,0.463,4.15,13999,2384,82.97,63.19,75.88
840400000C1127,2.3,1.6,0.435,0.649,3.53,1664,361,78.31,66.59,71.63
840750000G0073,2.35,1.45,0.435,0.722,13.67,1599,83,94.81,92.81,92.68
261880000C1326,2.5,1.2,0.448,0.519,9.58,814,67,91.77,84.15,89.56
841360000A0683,2.2,1.35,0.383,0.817,5.36,3526,470,86.67,83.69,81.34
84046000AE0040,2.2,1.65,0.569,0.482,1.51,3233,1396,56.82,10.36,33.71
13050000BP0217,2.45,2.0,0.615,0.504,2.52,1123,248,77.92,56.19,60.28
84102000BC0115,1.85,1.3,0.308,0.571,137.0,1918,8,99.58,99.27,99.27
83097000AL0126,2.5,1.55,0.418,0.578,1.43,1547,905,41.5,0.0,29.86
261880000D0293,2.3,1.35,0.524,0.568,5.45,485,67,86.19,75.67,81.65
841330000B0177,2.45,1.35,0.509,0.477,2.16,4359,1559,64.23,24.98,53.77
84004000AM0099,2.25,1.25,0.449,0.511,2.65,2303,710,69.17,39.69,62.31
840960000B0817,2.15,1.4,0.49,0.398,6.53,4248,470,88.94,72.22,84.68
841370000B0530,2.4,1.2,0.318,0.821,6.03,621,78,87.44,84.7,83.41
841380000H0449,2.15,1.25,0.359,0.404,4.54,109,19,82.57,56.88,77.98
830180000D0176,2.5,1.95,0.507,0.754,5.16,2568,352,86.29,81.81,80.61
830670000C0027,2.2,1.9,0.521,0.417,9.38,1416,95,93.29,83.9,89.34
13032000BS0037,1.6,1.85,0.507,0.421,1.59,15564,6519,58.11,0.48,37.05
840290000D0094,2.2,1.4,0.546,0.518,1.81,2251,887,60.6,23.94,44.87
831000000A1367,2.45,2.05,0.564,0.4,1.76,3758,1485,60.48,1.25,43.24
841380000R0143,2.3,1.4,0.537,0.632,4.0,879,156,82.25,71.9,74.97
841460000A0806,2.2,1.15,0.438,0.562,17.38,956,41,95.71,92.36,94.25
070700000B0221,2.5,2.05,0.573,0.434,3.15,390,75,80.77,55.64,68.21
841460000C0372,,,,,,,,,,
84055000AL0018,2.25,1.35,0.47,0.424,11.56,2012,129,93.59,84.89,91.35
071520000A0507,1.55,1.35,0.424,0.579,1.42,454,264,41.85,0.0,29.74
840890000C0358,1.35,1.1,0.315,0.468,51.2,5171,51,99.01,97.89,98.05
07324000AX0134,1.9,1.3,0.507,0.486,1.65,889,447,49.72,0.0,39.26
84106000AN0101,2.05,1.4,0.512,0.584,6.12,2468,248,89.95,82.78,83.67
840170000C0406,2.5,1.65,0.553,0.425,1.55,775,331,57.29,0.0,35.48
84081000BM0106,2.15,1.35,0.505,0.549,2.19,1240,407,67.18,40.24,54.44
070990000F0836,2.1,1.45,0.433,0.492,14.68,1248,64,94.87,89.58,93.19
830180000B0473,2.5,2.05,0.605,0.439,1.76,885,297,66.44,23.62,43.05
840960000C0767,2.25,1.4,0.408,0.673,1.6,1395,688,50.68,26.67,37.42
830720000B2787,2.2,1.95,0.579,0.499,3.84,1683,249,85.2,70.35,73.98
07264000AM0063,2.2,1.2,0.419,0.449,46.0,5244,88,98.32,96.26,97.83
26377000AM0237,1.95,1.2,0.407,0.612,35.87,1650,30,98.18,97.03,97.21
26345000AV0002,2.2,1.4,0.524,0.55,6.86,6597,616,90.66,83.04,85.42
840300000D0024,2.3,1.4,0.444,0.595,7.45,432,44,89.81,82.87,86.57
831080000D0033,2.5,2.05,0.609,0.471,1.31,724,336,53.59,1.38,23.62
84103000AC0028,2.05,1.65,0.57,0.463,1.71,729,298,59.12,11.66,41.56
840960000B1028,2.1,1.0,0.25,0.839,5.32,149,26,82.55,79.19,81.21
26220000AB0059,2.45,1.4,0.498,0.549,1.58,3927,1878,52.18,12.91,36.67
840440000B0997,1.95,1.4,0.497,0.523,2.3,409,136,66.75,36.43,56.48
83047000AY0036,2.6,2.0,0.567,0.39,2.31,703,181,74.25,34.0,56.76
263570000B0333,2.05,1.4,0.532,0.572,1.93,604,233,61.42,32.62,48.18
840670000B0198,2.05,1.65,0.562,0.51,1.39,3503,1687,51.84,5.51,28.26
830190000D0122,2.0,2.0,0.579,0.403,1.63,193044,77242,59.99,0.7,38.71
841480000E0209,,,,,,,,,,
840220000D0239,2.4,1.4,0.533,0.481,1.9,1076,438,59.29,15.43,47.49
072680000B0914,2.25,1.4,0.505,0.552,2.23,752,270,64.1,34.97,55.19
840590000B0286,2.15,1.25,0.48,0.526,6.79,2065,225,89.1,79.27,85.28
26377000AT0143,2.4,1.1,0.405,0.509,15.24,1082,57,94.73,89.65,93.44
841260000E0308,2.1,1.4,0.372,0.79,2.06,328,128,60.98,50.61,51.52
830630000C0105,2.4,2.0,0.518,0.535,1.76,3068,1254,59.13,23.57,43.12
84104000AE0090,2.3,1.4,0.49,0.61,6.22,951,111,88.33,80.86,83.91
840770000C0556,2.4,1.65,0.586,0.517,1.78,128,61,52.34,7.81,43.75
84036000AZ0114,1.8,1.2,0.407,0.461,12.95,2474,141,94.3,87.63,92.28
841460000D0583,2.15,1.4,0.526,0.551,3.96,2018,356,82.36,67.99,74.78
841340000E0729,2.25,1.4,0.387,0.677,1.7,3741,1760,52.95,30.47,41.09
84104000AO0172,2.35,1.1,0.306,0.591,45.6,684,13,98.1,96.78,97.81
840300000F0508,2.1,1.45,0.474,0.522,5.68,466,60,87.12,75.32,82.4
26345000AT0065,2.0,1.4,0.523,0.553,1.77,896,389,56.58,21.43,43.64
26377000AO0025,2.35,1.35,0.524,0.554,1.77,1722,756,56.1,20.73,43.38
07245000AV0023,2.45,2.1,0.595,0.38,2.13,3053,838,72.55,27.78,53.1
840870000K0317,1.9,1.65,0.425,0.763,1.38,474,267,43.67,26.16,27.43
830260000F0181,2.3,1.95,0.58,0.459,3.67,1195,197,83.51,64.1,72.72
840190000D0092,2.05,1.4,0.499,0.441,1.89,1429,574,59.83,8.89,47.1
262750000M0303,2.4,1.4,0.402,0.669,1.32,4753,2941,38.12,7.57,24.49
261820000C1108,2.35,1.4,0.527,0.568,2.69,790,212,73.16,52.78,62.78
841500000A0704,2.5,1.4,0.542,0.496,3.3,4569,899,80.32,60.32,69.69
83148000BR0056,2.4,2.1,0.476,0.576,3.25,2437,577,76.32,58.88,69.22
84053000ZC0005,2.5,1.4,0.521,0.42,2.4,5785,1768,69.44,27.26,58.39
840100000A0412,2.5,1.35,0.419,0.626,2.49,1544,470,69.56,51.36,59.91
83023000BO0005,2.5,1.5,0.403,0.405,13.72,590,34,94.24,85.76,92.71
830350000E1754,2.1,2.0,0.608,0.504,1.31,900,455,49.44,0.0,23.89
830670000D0278,1.95,1.25,0.517,0.514,1.64,4274,2210,48.29,0.0,39.07
840490000D0222,2.4,1.65,0.548,0.386,2.14,7045,2172,69.17,20.23,53.22
13072000AN0131,,,,,,,,,,
840370000C0300,2.5,1.65,0.558,0.59,2.68,228,59,74.12,56.14,62.72
262330000A0260,2.5,1.4,0.521,0.465,3.41,1847,388,78.99,54.85,70.66
261190000G0919,1.95,1.65,0.542,0.497,1.36,516,261,49.42,0.0,26.55
840520000F0153,2.5,1.35,0.539,0.466,2.42,2444,739,69.76,35.07,58.67
830450000H0322,1.9,1.95,0.422,0.347,13.69,739,35,95.26,86.33,92.69
26054000AO0174,2.2,1.4,0.423,0.582,4.05,1891,331,82.5,69.91,75.3
830570000B0590,2.45,2.15,0.545,0.558,4.83,4195,546,86.98,76.69,79.31
841220000H0018,2.2,1.35,0.507,0.532,1.73,5869,2573,56.16,17.55,42.36
840160000L2526,2.2,1.45,0.539,0.518,2.27,1861,576,69.05,40.25,55.94
841370000A0365,2.2,1.4,0.471,0.52,2.1,1537,569,62.98,28.82,52.31
261560000B0452,1.45,1.3,0.409,0.525,1.44,734,374,49.05,2.86,30.79
263570000K0153,2.0,1.4,0.535,0.532,1.55,472,240,49.15,4.45,35.59
83023000BE0765,2.25,2.05,0.578,0.512,6.71,2233,149,93.33,86.97,85.09
07143000AK0629,1.6,1.3,0.437,0.514,1.46,312,160,48.72,0.32,31.41
26179000ZK0541,2.3,2.0,0.606,0.526,2.61,790,192,75.7,53.8,61.65
830690000E0044,2.5,2.05,0.601,0.432,1.93,13439,3871,71.2,33.37,48.2
830940000G0036,2.25,2.05,0.559,0.406,2.67,353,84,76.2,41.36,62.61
261100000B0955,2.0,1.55,0.544,0.56,1.37,159,89,44.03,0.0,27.04
13079000BD0043,2.0,2.05,0.599,0.466,1.31,915,424,53.66,0.55,23.83
830370000B0616,2.5,2.0,0.503,0.842,4.72,1019,160,84.3,81.35,78.8
840960000B0280,2.0,1.4,0.373,0.771,4.66,821,118,85.63,81.36,78.56
830310000C0366,2.4,1.95,0.571,0.608,2.95,566,127,77.56,63.07,66.08
830680000E0018,2.5,1.6,0.444,0.549,1.49,2534,1382,45.46,0.59,32.87
07042000AE0138,2.2,1.4,0.522,0.56,1.94,1068,408,61.8,31.84,48.41
830830000A0304,2.4,2.15,0.579,0.407,2.89,561,109,80.57,52.23,65.42
840720000I0982,2.65,1.6,0.521,0.395,9.02,4079,283,93.06,82.45,88.92
84106000AN0079,2.05,1.4,0.524,0.57,4.96,3475,494,85.78,75.08,79.83
840290000D0171,1.5,1.2,0.36,0.571,24.89,1767,40,97.74,96.04,95.98
13050000BL0108,2.05,2.0,0.605,0.528,1.65,844,303,64.1,31.99,39.57
831000000F0669,2.35,2.0,0.484,0.513,1.61,749,382,49.0,0.53,37.92
840170000E1277,2.55,1.65,0.536,0.431,4.24,2223,313,85.92,67.3,76.43
13037000AT0003,2.15,2.15,0.613,0.438,1.81,4760,1335,71.95,35.97,44.68
26345000AZ0188,2.5,1.2,0.422,0.544,51.93,3064,43,98.6,97.42,98.07
830040000B1212,2.4,1.35,0.35,0.643,1.39,2067,1344,34.98,0.0,28.3
84053000ZK0006,2.5,1.4,0.544,0.566,1.68,1326,627,52.71,16.52,40.57
830350000A0210,2.1,2.1,0.609,0.464,1.5,408,183,55.15,3.43,33.33
841220000B0565,2.5,1.35,0.543,0.458,1.97,4860,1853,61.87,16.81,49.34
84118000AK0263,2.55,1.6,0.55,0.436,2.12,517,168,67.5,25.53,52.8
262750000I0170,2.0,1.4,0.455,0.681,6.87,5147,497,90.34,85.82,85.45
263570000D0073,2.25,1.4,0.348,0.576,2.82,2162,654,69.75,47.46,64.52
84141000BB0045,2.1,1.4,0.451,0.667,2.43,4795,1400,70.8,56.23,58.92
07102000AV0045,2.45,1.95,0.502,0.621,3.81,343,64,81.34,69.97,73.76
831400000F1732,2.35,2.0,0.599,0.398,2.85,112967,22199,80.35,50.58,64.85
83121000AR0558,,,,,,,,,,
84129000AA0015,2.05,1.65,0.56,0.509,1.34,5878,2953,49.76,1.26,25.33
830570000B0410,2.3,1.95,0.587,0.486,3.52,694,107,84.58,68.3,71.61
26377000AY0365,2.5,1.35,0.429,0.766,3.25,536,118,77.99,71.27,69.22
840300000E1085,2.25,1.6,0.364,0.676,1.95,445,200,55.06,33.48,48.76
830750000B0076,2.15,2.0,0.6,0.436,1.42,2912,1250,57.07,1.44,29.6
84106000AA0073,2.0,1.35,0.397,0.639,13.1,2267,115,94.93,92.06,92.37
831000000E0612,2.35,1.5,0.401,0.581,1.4,180,104,42.22,0.56,28.33
84041000AH0120,1.85,1.6,0.503,0.444,1.63,1241,567,54.31,0.0,38.52
84127000AO0041,2.4,1.35,0.534,0.466,1.75,472,218,53.81,0.85,42.8
26377000AM0164,2.4,1.15,0.394,0.426,24.38,829,29,96.5,91.8,95.9
840560000A0052,,,,,,,,,,
830590000B0145,1.95,2.1,0.466,0.388,7.06,586,47,91.98,79.35,85.84
840520000A0721,2.45,1.35,0.532,0.473,2.72,1772,488,72.46,41.82,63.26
830850000D0013,2.5,1.4,0.315,0.694,1.31,713,494,30.72,0.14,23.84
830990000C0077,2.0,2.1,0.569,0.383,1.86,2515,912,63.74,5.41,46.24
841460000C0204,2.5,1.4,0.49,0.383,3.92,1122,203,81.91,52.76,74.51
073430000D0154,2.15,1.6,0.431,0.663,1.28,1969,1303,33.82,0.25,21.79
83116000AI0080,2.0,1.65,0.564,0.466,1.48,1172,553,52.82,0.0,32.51
261920000B0028,2.6,1.4,0.54,0.431,2.02,3535,1288,63.56,15.42,50.5
263800000C2237,1.6,1.45,0.455,0.5,1.35,1236,617,50.08,0.24,25.97
261800000C0551,2.2,1.4,0.492,0.451,3.85,986,192,80.53,56.8,74.04
130910000F0445,2.3,1.85,0.564,0.484,2.46,548,152,72.26,42.7,59.31
26071000ZD0031,2.5,1.8,0.449,0.338,6.19,297,25,91.58,75.08,83.84
841220000H0538,2.0,1.35,0.323,0.74,1.4,1272,758,40.41,19.42,28.62
840220000B0371,2.25,1.4,0.499,0.511,4.31,371,68,81.67,64.15,76.82
830310000F0419,2.4,1.75,0.511,0.538,24.27,2233,49,97.81,95.92,95.88
830310000B0278,1.8,2.0,0.551,0.413,1.79,886,371,58.13,0.0,44.13
830560000C0580,,,,,,,,,,
830570000H0150,2.5,1.85,0.396,0.551,20.73,1949,75,96.15,93.02,95.18
840520000A0982,2.35,1.35,0.527,0.491,2.4,630,210,66.67,32.06,58.25
841460000D0042,2.45,1.4,0.538,0.501,2.02,907,351,61.3,22.71,50.5
841300000B1156,2.1,1.25,0.409,0.65,1.97,3085,1205,60.94,39.87,49.21
840490000E0483,1.9,1.1,0.221,0.636,81.44,733,7,99.05,98.5,98.77
830040000G0534,2.35,1.95,0.51,0.438,10.5,1659,106,93.61,85.41,90.48
84137000AC0346,2.35,1.4,0.431,0.682,1.36,2946,1752,40.53,12.76,26.68
83071000DA0005,2.55,1.95,0.516,0.538,1.85,511,204,60.08,25.83,45.99
073430000E0644,2.45,1.65,0.466,0.438,4.53,154,21,86.36,68.83,77.92
840590000A0340,2.3,1.25,0.453,0.522,2.16,2157,766,64.49,31.99,53.69
84053000ZH0083,2.5,1.4,0.539,0.49,3.35,14920,2991,79.95,59.1,70.11
840560000B0075,2.2,1.4,0.358,0.767,1.82,1625,682,58.03,45.29,45.17
13079000AL0036,2.35,1.95,0.607,0.504,1.57,1324,464,64.95,30.51,36.25
26220000AH0380,2.5,1.4,0.55,0.463,2.62,3277,891,72.81,41.29,61.86
26179000ZH0082,2.0,1.15,0.514,0.544,1.62,6061,3372,44.37,0.0,38.33
841500000D0388,2.5,1.4,0.479,0.58,5.0,3877,562,85.5,75.01,80.01
830370000A0056,,,,,,,,,,
83104000BV0087,2.55,1.4,0.353,0.612,1.34,1229,787,35.96,0.0,25.31
26054000AC0128,2.1,1.4,0.548,0.549,1.76,290,124,57.24,22.07,43.1
830720000C0670,2.4,2.15,0.577,0.484,5.17,1261,120,90.48,80.33,80.65
26345000AT0258,2.4,1.35,0.5,0.542,7.88,2284,187,91.81,84.89,87.3
831250000E0452,2.05,1.9,0.576,0.425,1.53,909,388,57.32,0.0,34.76
84104000AD0033,2.15,1.15,0.359,0.383,39.03,1171,23,98.04,94.88,97.44
840300000C0109,1.6,1.05,0.243,0.5,79.5,1113,9,99.19,98.38,98.74
840960000D0535,2.15,1.4,0.531,0.507,1.82,1582,656,58.53,18.14,44.94
13110000BY0199,2.35,2.15,0.596,0.35,1.78,5303,1776,66.51,4.43,43.84
841360000C1043,2.3,1.35,0.539,0.481,1.94,969,388,59.96,16.82,48.5
830730000F0502,2.0,1.8,0.582,0.523,1.32,1480,771,47.91,0.41,24.53
072910000B0260,2.45,1.65,0.571,0.506,2.55,1520,379,75.07,50.72,60.79
13079000AE0272,2.0,1.5,0.539,0.486,1.54,2550,1214,52.39,2.04,35.14
13069000AX0331,2.4,1.95,0.603,0.477,5.37,7142,698,90.23,79.53,81.39
841220000H0065,2.15,1.35,0.536,0.522,1.64,731,352,51.85,7.8,39.12
830910000C0337,2.0,2.0,0.591,0.476,1.49,1183,528,55.37,6.17,32.8
840960000A0060,1.9,1.3,0.445,0.572,7.92,1069,99,90.74,83.82,87.37
83016000AD0335,2.15,1.9,0.511,0.4,6.28,578,56,90.31,75.78,84.08
840390000F1130,2.0,1.45,0.489,0.582,2.61,198,57,71.21,50.51,61.62
073120000C0503,1.6,1.25,0.406,0.511,1.66,471,233,50.53,3.18,39.7
84135000BP0017,2.5,1.15,0.447,0.438,38.7,8902,167,98.12,95.72,97.42
84069000AL0428,2.05,1.4,0.433,0.543,28.24,960,19,98.02,96.35,96.46
840390000F1245,2.15,1.45,0.468,0.586,4.46,1141,178,84.4,73.36,77.56
841360000B0084,2.55,1.35,0.477,0.408,2.22,164,64,60.98,4.27,54.88
830040000A1015,,,,,,,,,,
13079000AX0066,2.0,1.45,0.526,0.491,1.54,2907,1440,50.46,0.0,35.23
840970000C0154,2.05,1.4,0.5,0.533,5.21,500,72,85.6,73.0,80.8
840450000D0101,1.65,1.25,0.362,0.44,35.06,1823,37,97.97,95.39,97.15
830670000D1213,2.4,2.05,0.599,0.444,1.4,984,438,55.49,0.0,28.56
830880000D0588,2.3,1.85,0.513,0.408,24.57,4078,86,97.89,94.83,95.93
84016000AW0133,2.25,1.6,0.548,0.586,6.69,763,82,89.25,81.65,85.06
84104000AI0378,2.0,1.35,0.516,0.589,1.83,179,86,51.96,18.44,45.25
130510000F0332,2.5,1.05,0.339,0.662,1.33,205,133,35.12,1.95,24.88
263570000K0177,2.05,1.4,0.527,0.582,1.93,786,310,60.56,32.19,48.09
840170000B0981,2.15,1.65,0.57,0.5,1.41,536,257,52.05,4.1,29.29
263570000X0176,2.1,1.2,0.511,0.564,1.98,718,315,56.13,22.14,49.44
840720000B0456,2.25,1.5,0.393,0.704,2.8,56,19,66.07,51.79,64.29
841500000E0820,2.25,1.2,0.392,0.541,4.63,463,86,81.43,65.66,78.4
840170000G1366,2.35,1.65,0.418,0.778,1.88,242,105,56.61,44.21,46.69
261880000C0099,2.3,1.35,0.532,0.491,1.65,712,335,52.95,4.21,39.33
83023000BN0048,2.5,1.95,0.503,0.563,8.21,3867,311,91.96,85.73,87.82
831000000F0502,1.95,1.55,0.517,0.444,1.6,12941,5770,55.41,0.0,37.47
830490000D2132,1.9,1.15,0.488,0.497,1.79,1793,888,50.47,0.33,44.06
84028000AO0053,2.2,1.4,0.459,0.438,5.67,346,35,89.88,76.88,82.37
840870000I1455,2.5,1.65,0.581,0.499,2.66,3405,759,77.71,55.3,62.44
261790000B0579,,,,,,,,,,
07317000AC0182,1.95,2.0,0.587,0.495,1.82,120,49,59.17,17.5,45.0
830460000F1191,2.3,1.85,0.534,0.454,5.09,1024,108,89.45,76.76,80.37
840290000C0062,2.15,1.35,0.487,0.565,8.26,2164,178,91.77,85.44,87.89
263570000O0222,2.55,1.2,0.418,0.444,4.88,210,36,82.86,61.43,79.52
840020000C0209,2.55,1.35,0.535,0.461,2.59,1834,526,71.32,37.84,61.34
83023000AM0048,2.25,2.0,0.532,0.439,6.37,2146,225,89.52,76.1,84.3
830430000F0972,2.15,1.9,0.403,0.268,15.14,636,26,95.91,84.75,93.4
830680000D0574,2.0,1.85,0.58,0.454,1.4,4815,2216,53.98,0.0,28.58
07143000AK0644,1.75,2.0,0.553,0.469,1.46,317,153,51.74,0.0,31.55
830940000F0319,2.4,1.0,0.362,0.673,1.27,51,35,31.37,0.0,21.57
831250000E0265,2.0,1.3,0.521,0.465,1.75,2920,1375,52.91,0.0,43.01
831480000C0279,,,,,,,,,,
830250000C0190,2.6,2.0,0.6,0.466,1.86,464,149,67.89,31.03,46.12
130800000E0782,2.45,2.1,0.556,0.329,8.32,3218,234,92.73,77.87,87.97
26377000AY0210,2.35,1.35,0.44,0.654,3.84,629,134,78.7,67.41,73.93
13050000AW0146,2.45,2.05,0.602,0.454,2.64,2203,419,80.98,58.1,62.14
840490000A0676,2.05,1.65,0.564,0.57,3.01,2296,490,78.66,62.59,66.72
840170000D0623,2.4,1.65,0.513,0.55,2.01,288,110,61.81,30.56,50.35
26220000AI0247,2.4,1.4,0.4,0.679,4.38,876,150,82.88,74.77,77.17
830430000H0201,2.0,1.9,0.599,0.473,1.37,508,239,52.95,0.59,26.97
26054000AM0343,2.1,1.4,0.501,0.636,1.53,2557,1296,49.32,20.3,34.77
830270000B0109,2.25,1.95,0.489,0.644,1.31,852,565,33.69,0.0,23.47
072680000A1011,2.2,1.4,0.507,0.538,2.15,936,328,64.96,34.83,53.53
841500000E0272,2.2,1.35,0.355,0.794,1.86,1056,443,58.05,47.16,46.21
83096000AH0351,2.4,1.95,0.531,0.492,1.94,368,151,58.97,16.58,48.37
84106000ZA0043,,,,,,,,,,
073120000B0511,1.4,1.25,0.415,0.539,1.38,1006,533,47.02,1.79,27.34
830180000B0394,2.0,1.95,0.453,0.371,46.98,2020,23,98.86,96.93,97.87
07174000AC0398,1.7,1.95,0.543,0.712,1.6,397,195,50.88,30.98,37.53
841380000L0073,2.3,1.4,0.416,0.699,2.32,3932,1268,67.75,53.89,56.94
830920000D0759,2.5,1.7,0.403,0.704,1.18,125,88,29.6,0.0,15.2
840300000D1072,2.55,1.65,0.527,0.503,2.57,308,82,73.38,47.08,61.04
84137000AX0197,2.2,1.2,0.355,0.847,4.96,1315,194,85.25,82.59,79.85
830040000F0502,2.3,2.05,0.513,0.554,1.69,2016,867,56.99,22.32,40.77
26345000AN0198,2.1,1.4,0.541,0.553,2.91,1845,453,75.45,55.61,65.64
830470000C0922,2.0,2.05,0.604,0.472,1.36,9682,4184,56.79,8.39,26.24
84137000BC0084,2.15,1.4,0.542,0.538,1.79,366,170,53.55,13.66,44.26
841220000A0497,2.25,1.35,0.525,0.565,2.15,7155,2415,66.25,40.24,53.5
830720000B2033,2.35,1.95,0.582,0.615,2.65,82,24,70.73,52.44,62.2
840290000D0650,2.15,1.4,0.544,0.537,2.12,2052,692,66.28,37.23,52.83
840970000B0182,2.3,1.4,0.525,0.529,2.47,1348,395,70.7,44.58,59.57
831540000B0038,2.2,1.95,0.58,0.478,4.9,1466,164,88.81,76.6,79.6
840390000G1966,2.0,1.65,0.454,0.843,1.91,4071,1517,62.74,55.81,47.61
84008000AH0057,2.15,1.65,0.547,0.466,1.78,2899,1081,62.71,19.97,43.7
84036000AZ0082,1.95,1.4,0.424,0.727,1.93,2462,923,62.51,48.46,48.25
26377000AD0121,2.45,1.35,0.501,0.511,3.46,433,95,78.06,57.04,71.13
830590000B0599,2.25,2.0,0.522,0.35,6.99,1307,110,91.58,75.98,85.69
84134000ZB0065,2.3,1.4,0.511,0.451,3.96,2431,428,82.39,60.92,74.74
841400000D0135,2.45,1.35,0.512,0.37,3.06,20519,4877,76.23,35.69,67.31
840510000D0183,1.55,1.05,0.304,0.587,32.75,1179,27,97.71,96.1,96.95
840940000E1047,2.45,1.05,0.299,0.758,1.17,34,25,26.47,2.94,14.71
830670000D0689,2.5,1.75,0.441,0.599,1.39,1101,648,41.14,1.73,28.25
84046000AE0082,2.3,1.65,0.444,0.649,1.43,2329,1296,44.35,14.21,30.06
13035000BD0074,2.55,1.15,0.425,0.641,1.3,823,530,35.6,0.0,23.09
840470000C0649,2.3,1.65,0.565,0.483,1.62,4524,1687,62.71,22.75,38.37
840370000E1552,2.65,1.35,0.416,0.436,4.98,314,51,83.76,62.74,79.94
840220000D0278,2.5,1.2,0.538,0.462,2.17,595,238,60.0,13.45,53.95
841360000A0385,2.15,1.35,0.446,0.661,1.48,4879,2647,45.75,17.93,32.45
841210000C0105,2.45,1.35,0.516,0.394,2.53,2251,686,69.52,22.7,60.51
83148000AI0272,1.95,1.85,0.543,0.615,10.48,2411,115,95.23,92.24,90.46
263480000C0469,2.2,1.4,0.485,0.732,1.6,372,191,48.66,29.84,37.37
83116000AW0245,2.5,2.1,0.603,0.507,1.83,749,243,67.56,36.05,45.39
26377000AY0022,2.25,1.35,0.386,0.726,4.25,5316,948,82.17,75.45,76.45
840290000A1825,1.95,1.2,0.468,0.627,4.29,717,133,81.45,70.43,76.71
263570000T0105,2.2,1.4,0.514,0.67,1.27,2016,1225,39.24,9.28,21.33
84134000ZB0010,2.2,1.4,0.5,0.521,6.01,1473,151,89.75,80.31,83.37
13050000BL0124,2.45,2.15,0.577,0.45,2.03,799,219,72.59,39.05,50.69
841360000A0051,2.35,1.15,0.507,0.538,2.89,301,92,69.44,43.19,65.45
830570000E0354,2.65,2.0,0.525,0.411,4.28,274,39,85.77,65.33,76.64
830710000E0018,2.45,2.0,0.584,0.545,2.77,526,128,75.67,55.32,63.88
830320000B0484,2.5,1.8,0.485,0.477,15.44,803,31,96.14,91.91,93.52
84104000AO0220,2.2,1.2,0.302,0.735,1.45,716,413,42.32,21.51,30.87
263570000E0083,2.2,1.4,0.409,0.781,1.85,1517,589,61.17,50.3,45.88
83097000AP0031,2.4,2.1,0.61,0.445,1.59,1165,420,63.95,19.06,37.17
13056000DS0062,2.3,2.1,0.595,0.435,2.69,3811,781,79.51,52.9,62.84
841330000A1259,2.55,1.15,0.358,0.718,3.2,524,127,75.76,66.22,68.7
13014000CH0186,2.35,2.1,0.626,0.483,1.97,8445,1956,76.84,52.03,49.26
26377000AY0193,1.9,1.15,0.421,0.598,16.97,1544,67,95.66,92.75,94.11
830210000D0134,2.45,1.75,0.509,0.472,7.59,987,84,91.49,81.97,86.83
26071000AE0612,2.0,0.95,0.493,0.54,2.03,2449,1295,47.12,2.04,50.71
840300000C0988,2.45,1.65,0.572,0.467,1.78,627,237,62.2,19.14,43.86
830040000C1049,2.55,1.9,0.322,0.3,19.6,196,6,96.94,89.8,94.9
84104000AO0189,2.3,1.4,0.536,0.523,2.8,850,234,72.47,47.41,64.24
84082000AH0069,2.3,1.65,0.515,0.489,4.01,630,91,85.56,70.48,75.08
263480000D0109,2.55,1.4,0.537,0.465,2.17,649,219,66.26,27.43,53.93
83148000AL0159,2.25,1.75,0.347,0.833,3.83,241,55,77.18,72.61,73.86
840960000A0082,2.25,1.25,0.204,0.732,5.42,195,30,84.62,78.97,81.54
84106000AL0079,1.85,1.2,0.312,0.378,6.5,143,14,90.21,74.13,84.62
07264000AW0051,2.45,1.4,0.51,0.549,2.27,634,239,62.3,31.39,55.99
831080000C0281,2.15,1.75,0.478,0.525,6.44,509,52,89.78,80.55,84.48
840290000F0144,2.0,1.4,0.43,0.753,1.62,365,186,49.04,32.33,38.36
840450000A0221,2.0,1.4,0.53,0.533,2.25,1189,400,66.36,36.92,55.59
07345000ZB0105,1.3,1.3,0.39,0.538,1.35,781,406,48.02,3.33,25.99
840870000D0383,2.25,1.65,0.568,0.479,1.48,1233,560,54.58,5.19,32.44
84082000AS0177,2.25,1.4,0.315,0.707,1.33,275,181,34.18,6.91,24.73
841220000B1393,2.4,1.35,0.526,0.483,3.11,1435,348,75.75,49.83,67.8
26377000AE0073,2.45,1.35,0.518,0.512,2.39,1297,410,68.39,38.32,58.13
07056000AE0227,1.6,1.85,0.509,0.446,1.62,600,275,54.17,0.0,38.33
84031000AM0095,2.2,1.45,0.39,0.672,1.23,1116,767,31.27,0.0,18.73
840720000B0367,2.25,1.55,0.398,0.664,1.69,549,271,50.64,25.68,40.8
840300000E1874,2.15,1.65,0.561,0.476,1.4,3369,1608,52.27,0.0,28.79
840390000F0654,2.05,1.6,0.511,0.717,2.42,689,208,69.81,57.91,58.64
84082000AN0063,2.3,1.65,0.452,0.6,1.5,747,432,42.17,3.61,33.2
260330000G0310,2.15,1.65,0.579,0.488,1.43,1120,527,52.95,3.48,30.18
840870000K0212,2.45,1.45,0.569,0.579,2.23,136,44,67.65,44.12,55.15
840160000A0574,2.2,1.6,0.565,0.681,2.96,210,49,76.67,65.71,66.19
261880000D0295,2.4,1.4,0.505,0.516,3.1,921,214,76.76,54.94,67.75
841270000D0569,2.05,1.4,0.543,0.576,4.26,1951,327,83.24,70.89,76.52
840220000B0377,2.55,1.4,0.542,0.459,1.76,1516,635,58.11,8.77,43.14
841380000N0350,2.2,1.2,0.415,0.433,20.39,1305,45,96.55,92.03,95.1
840780000C0110,2.5,1.4,0.552,0.423,1.9,403,171,57.57,0.0,47.39
830910000D0386,2.4,1.9,0.487,0.672,1.19,875,612,30.06,0.0,16.0
830530000D0816,2.15,2.0,0.597,0.393,1.89,862,325,62.3,4.18,47.22
830330000B0217,2.4,2.1,0.548,0.455,2.17,797,240,69.89,33.75,53.83
26345000AZ0347,1.95,1.4,0.485,0.635,10.56,1235,73,94.09,90.69,90.53
83023000AI0217,2.4,2.0,0.543,0.38,34.96,5104,62,98.79,96.81,97.14
830670000D1093,2.45,1.25,0.343,0.649,1.3,280,185,33.93,0.0,23.21
263480000D0606,2.35,1.4,0.535,0.505,3.37,1632,379,76.78,54.04,70.34
26367000AN0046,2.35,1.4,0.495,0.552,1.93,972,385,60.39,28.29,48.25
830830000B0416,1.35,1.7,0.288,0.469,53.86,1508,15,99.01,97.88,98.14
831540000B0032,1.9,1.9,0.545,0.417,1.54,1611,694,56.92,0.0,35.26
841370000D0743,2.25,1.4,0.431,0.72,3.38,1238,278,77.54,68.82,70.44
073450000D0853,1.85,1.9,0.547,0.415,1.8,337,137,59.35,2.08,44.51
830280000E0388,2.35,2.15,0.576,0.392,1.74,653,251,61.56,1.84,42.57
840290000A2095,2.45,1.0,0.284,0.36,20.67,248,9,96.37,89.92,95.16
840170000C0341,2.5,1.65,0.571,0.457,1.56,4346,1742,59.92,12.33,35.8
840870000M0982,1.7,1.4,0.381,0.358,47.37,2700,38,98.59,96.07,97.89
841330000A0138,2.5,1.35,0.353,0.671,1.75,2156,996,53.8,31.17,42.76
84137000AC0214,2.35,1.4,0.523,0.468,2.85,1576,407,74.18,44.8,64.91
840780000C0008,2.2,1.4,0.347,0.709,1.19,602,422,29.9,1.16,16.28
83116000AK0298,2.4,1.8,0.42,0.316,64.58,1679,12,99.29,97.74,98.45
26345000BD0149,1.9,1.3,0.405,0.425,40.85,4289,71,98.34,96.11,97.55
830460000B0292,1.7,1.8,0.248,0.333,43.07,603,6,99.0,97.01,97.68
841170000B0355,2.5,1.35,0.487,0.509,2.9,377,108,71.35,43.77,65.52
07056000AE0342,1.9,1.55,0.519,0.538,1.42,299,161,46.15,0.0,29.77
841340000B0078,2.25,1.35,0.531,0.525,2.1,1694,608,64.11,31.64,52.42
840770000B0679,2.0,1.65,0.537,0.459,1.63,881,393,55.39,2.84,38.82
263570000M0117,2.5,1.4,0.544,0.479,1.91,700,288,58.86,14.14,47.57
07143000AB0499,2.05,1.0,0.462,0.66,1.32,701,494,29.53,0.0,23.97
83116000BW0039,2.35,2.15,0.597,0.356,1.65,823,279,66.1,4.86,39.49
261800000C0913,2.4,1.4,0.452,0.641,2.98,1097,279,74.57,60.35,66.45
26038000ZL0018,2.45,1.2,0.426,0.614,1.47,1220,750,38.52,0.0,31.97
831250000D0440,1.9,1.85,0.568,0.431,1.44,1584,676,57.32,1.07,30.43
841220000B0544,2.1,1.3,0.337,0.664,5.96,680,85,87.5,81.18,83.24
830910000B0095,2.25,2.15,0.615,0.445,1.32,1809,734,59.43,8.73,24.1
841460000D0303,2.45,1.2,0.413,0.348,6.4,621,81,86.96,62.48,84.38
841060000C1288,2.2,1.4,0.439,0.645,2.8,350,100,71.43,55.71,64.29
830690000D0213,2.05,1.75,0.565,0.445,1.48,2511,1114,55.64,0.32,32.22
26165000AZ0316,2.1,1.4,0.51,0.493,1.79,1630,687,57.85,14.48,43.99
261800000C0821,2.4,1.4,0.445,0.583,2.52,9231,2690,70.86,50.02,60.25
830320000E1056,2.1,1.95,0.607,0.442,1.98,515,163,68.35,28.35,49.51
840390000H0234,2.3,1.65,0.53,0.464,2.84,165,45,72.73,41.21,64.85
261880000A0007,2.4,1.4,0.512,0.394,3.56,21218,4136,80.51,50.52,71.88
840290000E0581,2.3,1.4,0.531,0.532,1.51,607,315,48.11,2.47,33.77
84031000AH0038,2.1,1.65,0.549,0.479,4.21,5262,832,84.19,67.01,76.26
83096000AE0240,1.95,2.0,0.585,0.434,1.43,3301,1447,56.16,0.0,30.14
840960000D0033,2.3,1.4,0.506,0.475,7.12,2365,215,90.91,80.85,85.96
84036000AX0188,2.0,1.4,0.532,0.536,1.55,1292,664,48.61,4.18,35.45
261790000B0724,1.35,1.55,0.426,0.484,1.71,293,140,52.22,1.37,41.64
840200000C0558,2.45,1.35,0.512,0.455,4.98,3123,444,85.78,68.75,79.92
070700000B0367,2.4,1.95,0.377,0.317,24.45,538,13,97.58,92.38,95.91
84028000AV0031,2.25,1.4,0.376,0.751,3.06,2351,575,75.54,67.42,67.33
841440000B0046,2.35,1.65,0.576,0.513,1.75,2975,1072,63.97,29.82,42.89
84050000AL0152,2.35,1.65,0.495,0.635,4.13,1275,224,82.43,72.31,75.76
263480000D0043,2.5,1.4,0.511,0.491,3.68,383,80,79.11,57.44,72.85
07264000AZ0250,2.35,1.4,0.559,0.5,2.03,628,246,60.83,21.66,50.64
841460000E0224,1.15,1.15,0.317,0.695,32.89,4835,73,98.49,97.83,96.96
13034000AY0094,2.4,2.0,0.592,0.481,1.4,12876,5821,54.79,6.03,28.6
840390000H1906,2.45,1.65,0.553,0.539,3.98,1298,195,84.98,72.11,74.88
830830000A1611,2.45,2.15,0.502,0.568,4.14,1014,155,84.71,73.08,75.84
07228000AK0201,2.0,1.45,0.566,0.547,1.48,216,122,43.52,0.0,32.41
830460000D0823,1.55,1.8,0.455,0.586,49.06,7702,95,98.77,97.9,97.96
263570000M0101,2.5,1.4,0.531,0.471,2.41,803,246,69.36,34.99,58.53
84028000AN0100,1.3,1.2,0.341,0.592,26.96,3774,74,98.04,96.69,96.29
840300000D1070,2.5,1.6,0.549,0.543,1.63,96,44,54.17,15.62,38.54
841060000B0384,2.0,1.35,0.339,0.808,3.39,851,189,77.79,72.5,70.51
841460000A0694,2.55,1.35,0.516,0.512,1.82,235,105,55.32,12.77,45.11
840710000A1765,2.35,1.35,0.527,0.557,1.93,4185,1493,64.32,35.96,48.22
83136000AD0002,2.1,2.0,0.618,0.595,2.1,529,144,72.78,54.25,52.36
840940000F0513,2.15,1.4,0.539,0.581,2.44,2272,657,71.08,50.26,59.02
26345000AY0080,2.4,1.4,0.543,0.466,1.64,2036,926,54.52,2.5,39.1
13082000AN0096,2.0,2.1,0.598,0.405,1.59,2922,1153,60.54,2.5,37.17
84102000AK0022,2.5,1.6,0.526,0.53,4.54,327,53,83.79,69.42,77.98
261190000C1671,1.8,1.15,0.469,0.599,1.44,918,551,39.98,0.0,30.39
07228000AL0024,1.8,1.95,0.539,0.44,1.46,583,265,54.55,0.0,31.39
072590000B0183,1.95,1.35,0.519,0.505,1.53,882,449,49.09,0.0,34.69
840470000D0750,2.05,1.65,0.569,0.613,3.7,4947,762,84.6,74.85,72.97
83116000AX0134,2.0,1.95,0.605,0.489,1.41,1010,432,57.23,12.48,29.21
841340000D0269,2.25,1.3,0.368,0.822,7.0,3442,355,89.69,87.45,85.71
830270000C0035,2.25,2.05,0.592,0.417,1.57,3104,1241,60.02,4.16,36.47
13050000AZ0027,2.25,2.1,0.557,0.439,3.96,475,61,87.16,70.74,74.74
841360000A1096,1.2,1.15,0.317,0.633,23.19,2899,62,97.86,96.62,95.69
84129000BL0230,2.5,1.65,0.479,0.622,2.77,1320,338,74.39,58.86,63.94
840390000G0168,1.8,1.55,0.374,0.726,1.72,719,361,49.79,30.88,41.86
13110000CI0046,2.5,2.15,0.527,0.619,1.49,1749,870,50.26,19.67,33.05
84129000CD0258,2.25,1.45,0.401,0.858,5.91,887,109,87.71,85.68,83.09
831430000D0058,2.65,2.05,0.611,0.423,2.12,1047,293,72.02,33.81,52.91
840700000A0110,2.2,1.65,0.544,0.486,1.82,411,157,61.8,21.41,45.01
840190000G0365,2.3,1.35,0.522,0.571,3.76,879,177,79.86,64.73,73.38
840870000C0312,2.4,1.65,0.572,0.491,2.68,2165,506,76.63,52.42,62.63
84012000AO0438,2.3,1.25,0.316,0.819,10.6,1824,122,93.31,91.83,90.57
830470000C0047,2.0,2.0,0.596,0.454,1.32,12340,5568,54.88,0.52,24.0
840780000D0214,2.2,1.4,0.468,0.568,9.02,893,67,92.5,86.79,88.91
830320000A0016,1.4,1.8,0.291,0.562,80.24,1364,9,99.34,98.83,98.75
261880000C1011,1.1,1.15,0.291,0.61,56.52,2713,25,99.08,98.49,98.23
831400000B0882,2.65,1.6,0.474,0.528,11.56,1121,66,94.11,88.85,91.35
840290000B0234,2.2,1.4,0.366,0.782,1.78,1415,631,55.41,42.97,43.67
26179000ZE0038,2.1,2.0,0.601,0.519,1.21,2285,1111,51.38,6.35,17.2
841500000D0158,2.35,1.35,0.53,0.508,2.06,1374,523,61.94,25.11,51.38
830960000B0138,2.55,1.85,0.512,0.49,1.77,412,190,53.88,5.83,43.45
07228000AK0055,2.25,1.95,0.612,0.5,2.08,1203,339,71.82,43.64,52.04
84056000AN0134,2.3,1.2,0.298,0.732,1.84,516,232,55.04,38.57,45.54
84016000BA0030,2.2,1.65,0.509,0.564,5.96,996,93,90.66,83.43,83.23
840160000A0263,2.0,1.65,0.446,0.757,1.65,547,252,53.93,39.12,39.31
26345000BK0269,2.3,1.2,0.502,0.579,4.68,879,154,82.48,69.74,78.61
13072000AX0152,2.55,2.0,0.575,0.414,2.73,518,132,74.52,38.42,63.32
26071000AB0259,2.6,1.1,0.283,0.597,1.6,415,240,42.17,3.13,37.59
83047000AZ0089,2.25,2.0,0.477,0.677,1.47,638,360,43.57,16.61,31.82
830510000F0180,2.0,2.15,0.597,0.45,5.24,9376,960,89.76,77.25,80.93
831540000E1341,2.35,2.0,0.5,0.473,6.99,713,52,92.71,84.57,85.69
130510000E1044,2.0,2.0,0.604,0.469,1.36,19173,8417,56.1,6.45,26.57
830250000B0006,,,,,,,,,,
840890000C1119,2.45,1.15,0.492,0.521,3.33,1173,296,74.77,51.58,69.99
840390000H0450,2.3,1.65,0.567,0.53,1.72,1090,408,62.57,29.36,42.02
84050000AC0238,1.0,1.35,0.205,0.407,131.44,2103,11,99.48,98.72,99.24
84141000BA0182,2.2,1.35,0.366,0.611,1.65,334,173,48.2,15.27,39.52
840940000E0352,2.55,1.4,0.52,0.46,4.16,345,64,81.45,59.71,75.94
841360000C0736,2.2,1.15,0.4,0.471,18.96,967,41,95.76,91.0,94.73
830210000D0003,2.45,1.7,0.473,0.324,17.91,2938,100,96.6,89.48,94.42
841220000B0823,2.1,1.15,0.409,0.434,29.89,2391,66,97.24,93.64,96.65
841300000B0774,2.2,1.25,0.366,0.802,2.53,661,198,70.05,62.63,60.51
07042000AI0111,2.15,1.4,0.516,0.564,1.49,814,429,47.3,6.51,32.68
83096000AI0031,2.3,2.0,0.619,0.457,1.32,660,303,54.09,0.0,24.09
26179000ZD0111,2.6,2.15,0.577,0.387,5.18,2596,271,89.56,73.0,80.7
830310000F1068,2.35,2.15,0.637,0.459,1.42,870,332,61.84,16.9,29.43
07042000AD0112,2.5,1.4,0.532,0.49,4.04,2309,384,83.37,66.05,75.23
840290000D0637,,,,,,,,,,
840870000K0401,2.5,1.45,0.437,0.697,1.46,3221,1731,46.26,22.94,31.48
830830000B0186,2.0,1.95,0.598,0.485,1.24,1002,490,51.1,0.0,19.56
840490000B0148,2.15,1.65,0.527,0.429,5.62,1865,225,87.94,71.9,82.2
26179000ZA0077,2.5,1.35,0.359,0.66,1.26,850,558,34.35,0.47,20.94
830460000F0479,2.45,2.15,0.398,0.347,3.67,121,17,85.95,59.5,72.73
83097000AB0267,2.5,2.1,0.562,0.477,1.82,1660,717,56.81,9.52,44.94
84135000BP0052,2.55,1.4,0.537,0.541,2.3,1413,466,67.02,39.0,56.48
263570000D0273,2.3,1.4,0.457,0.699,1.61,10430,4777,54.2,34.47,38.06
84004000AB0120,2.2,1.25,0.521,0.552,3.52,1350,311,76.96,58.3,71.56
831080000D0084,2.55,2.15,0.502,0.63,1.23,1636,1024,37.41,0.61,19.01
84072000CL0018,2.5,1.65,0.554,0.505,3.15,1060,206,80.57,61.51,68.3
830270000B1482,2.5,1.95,0.472,0.397,11.49,471,23,95.12,87.69,91.3
84028000AZ0050,1.95,1.2,0.308,0.733,2.35,120,44,63.33,50.0,57.5
840870000L0660,2.1,1.65,0.511,0.506,1.66,651,282,56.68,14.44,39.78
841220000A0672,2.25,1.3,0.5,0.583,6.66,1391,151,89.14,81.38,84.97
26377000AY0002,2.45,1.25,0.395,0.387,22.86,1623,46,97.17,92.67,95.63
07228000AC0040,2.0,1.85,0.587,0.499,1.24,926,478,48.38,0.0,19.44
830560000D0175,2.4,1.5,0.364,0.55,1.63,6457,3538,45.21,0.29,38.53
26071000AC0142,2.55,1.8,0.403,0.425,10.12,263,17,93.54,84.79,90.11
83023000CD0149,,,,,,,,,,
26071000AB0258,2.05,1.4,0.513,0.466,1.78,445,206,53.71,0.67,43.82
840470000D0770,2.55,1.65,0.566,0.432,2.06,2814,868,69.15,28.61,51.42
841330000F0945,2.3,1.35,0.529,0.505,2.89,827,230,72.19,44.98,65.42
84073000AD0203,2.45,1.35,0.49,0.516,8.33,1308,113,91.36,83.26,88.0
840770000A0186,2.4,1.45,0.458,0.424,13.05,1344,73,94.57,87.2,92.34
841370000D0143,2.5,1.4,0.543,0.451,2.08,573,212,63.0,17.98,51.83
26038000ZM0006,2.2,2.0,0.602,0.435,1.3,7610,3318,56.4,0.0,23.18
261820000F0666,2.45,1.4,0.428,0.684,2.75,955,290,69.63,55.6,63.66
84135000AD0021,2.45,1.4,0.52,0.475,2.73,858,214,75.06,47.44,63.4
831480000I0262,2.45,2.0,0.568,0.359,3.01,1461,285,80.49,45.72,66.8
830460000F1142,2.45,1.9,0.402,0.286,4.89,176,26,85.23,48.3,79.55
840870000O0412,2.25,1.4,0.525,0.522,1.46,1213,639,47.32,0.0,31.33
07228000AA0124,1.55,1.6,0.461,0.456,1.51,2588,1185,54.21,0.0,33.96
84082000AE0200,2.45,1.55,0.536,0.435,1.88,630,241,61.75,12.06,46.67
840960000B0481,2.0,1.25,0.489,0.507,1.61,1398,711,49.14,0.0,37.77
830320000B1229,2.4,1.95,0.53,0.57,3.81,1495,257,82.81,69.83,73.78
830650000A4426,2.2,2.15,0.502,0.384,2.29,2340,764,67.35,15.0,56.24
840150000B0688,1.95,1.25,0.398,0.512,28.38,1419,43,96.97,94.08,96.48
831060000B0301,2.4,2.05,0.583,0.459,1.46,547,222,59.41,11.52,31.63
83097000AO0308,2.35,2.1,0.455,0.329,43.74,2012,24,98.81,96.37,97.71
840510000G0512,,,,,,,,,,
26377000AN0197,2.1,1.35,0.47,0.491,6.96,501,57,88.62,76.85,85.63
830850000C0680,1.9,1.95,0.571,0.414,1.41,29266,12114,58.61,0.02,29.05
830970000D0398,2.05,2.1,0.581,0.397,1.8,2118,733,65.39,12.89,44.43
841000000B0121,2.45,1.15,0.455,0.444,2.16,54,24,55.56,0.0,53.7
071690000C0822,2.0,1.95,0.592,0.503,1.33,470,235,50.0,0.64,24.68
84031000AL0295,2.25,1.65,0.436,0.659,1.74,900,409,54.56,31.0,42.44
072340000A0710,2.2,1.1,0.443,0.514,1.85,403,207,48.64,0.0,45.91
841360000A0272,2.05,1.35,0.471,0.591,10.02,1333,94,92.95,88.07,90.02
070090000C0743,2.25,1.25,0.366,0.613,1.43,1697,1013,40.31,2.59,30.23
830180000C0649,2.2,1.95,0.565,0.427,9.52,5552,343,93.82,85.54,89.5
831000000E0107,1.9,1.5,0.526,0.496,1.38,8769,4376,50.1,0.0,27.43
13082000BX0007,2.65,2.1,0.585,0.293,2.35,31638,8108,74.37,12.56,57.41
84149000AZ0067,2.3,1.25,0.352,0.607,13.29,279,17,93.91,89.96,92.47
841500000E0602,2.35,1.4,0.483,0.673,3.96,2810,491,82.53,74.02,74.73
840960000B0822,1.85,1.4,0.429,0.733,2.21,190,74,61.05,46.84,54.74
841120000K0357,2.5,1.2,0.419,0.559,1.54,444,248,44.14,0.0,34.91
841380000H0272,2.6,1.4,0.535,0.501,6.15,3362,365,89.14,78.35,83.73
830190000G2077,2.45,2.15,0.622,0.523,2.37,545,135,75.23,52.66,57.8
840910000D0082,2.2,1.2,0.488,0.591,4.09,613,120,80.42,66.88,75.53
841220000B0174,2.15,1.35,0.517,0.532,3.88,1852,337,81.8,65.82,74.24
261790000B0251,2.45,1.1,0.335,0.661,1.31,1544,1032,33.16,0.0,23.64
07042000BK0051,2.3,1.15,0.422,0.5,12.09,822,55,93.31,86.62,91.73
26179000ZP0070,1.95,1.5,0.545,0.516,1.42,2367,1209,48.92,0.93,29.4
13079000AR0006,2.0,1.55,0.541,0.464,1.56,4467,2049,54.13,1.14,35.82
26345000AZ0043,2.65,1.4,0.543,0.437,1.91,880,330,62.5,14.09,47.73
07264000AT0053,2.35,1.4,0.537,0.454,2.01,1671,630,62.3,16.94,50.27
830450000G0270,2.55,2.0,0.57,0.468,4.54,427,59,86.18,70.49,77.99
13035000AZ0002,2.4,2.05,0.574,0.322,2.7,103745,23992,76.87,28.14,62.98
84012000AP0043,2.15,1.05,0.329,0.86,5.59,2089,259,87.6,85.59,82.1
073080000F0262,1.5,1.25,0.375,0.634,1.36,225,137,39.11,4.0,26.67
840420000F0829,2.45,1.35,0.535,0.475,2.71,4473,1186,73.49,44.22,63.16
830490000F0279,2.4,2.0,0.613,0.617,1.65,2186,833,61.89,38.29,39.34
841460000C0257,2.3,1.4,0.489,0.457,5.68,932,117,87.45,72.53,82.4
830310000F1284,,,,,,,,,,
83097000AO0270,2.4,1.95,0.563,0.457,2.36,574,145,74.74,44.77,57.67
84149000AZ0061,2.4,1.4,0.476,0.519,11.04,1159,68,94.13,88.7,90.94
831110000A0155,2.45,2.0,0.504,0.747,4.26,311,59,81.03,74.6,76.53
84031000AK0173,2.3,1.65,0.379,0.68,3.96,3215,651,79.75,70.23,74.77
840300000E0728,2.3,1.65,0.58,0.566,2.97,199,47,76.38,58.29,66.33
840980000A1460,1.55,1.15,0.266,0.469,19.91,458,15,96.72,93.01,94.98
830730000G0461,2.5,2.1,0.497,0.709,2.18,1192,409,65.69,51.59,54.03
840510000A0340,2.05,1.35,0.485,0.435,4.03,1779,367,79.37,52.61,75.21
13082000AN0024,2.5,1.95,0.576,0.431,1.55,1335,543,59.33,5.54,35.28
84012000AC0046,2.0,1.05,0.434,0.605,6.76,1698,216,87.28,78.98,85.22
840140000C0126,2.45,1.35,0.5,0.478,1.8,1102,475,56.9,9.8,44.37
263220000A0119,2.4,1.4,0.34,0.698,1.44,629,389,38.16,11.45,30.37
830430000H0468,2.1,2.15,0.545,0.456,2.91,611,157,74.3,43.7,65.63
840370000E0028,1.95,1.5,0.526,0.497,1.53,574,286,50.17,0.0,34.49
841380000Q0095,,,,,,,,,,
83104000AW0181,2.15,2.05,0.61,0.497,1.34,1378,591,57.11,13.72,25.62
840390000H1846,2.4,1.65,0.568,0.59,4.65,1121,138,87.69,79.13,78.5
830830000C1379,1.8,1.3,0.306,0.52,101.17,2327,13,99.44,98.93,99.01
840720000C0451,2.2,1.45,0.31,0.617,1.6,133,79,40.6,3.76,37.59
840530000C0810,2.35,1.4,0.399,0.644,2.53,576,174,69.79,53.12,60.42
840160000A0630,2.0,1.3,0.318,0.641,1.36,935,605,35.29,0.0,26.2
840200000C0945,2.5,1.35,0.518,0.546,3.3,3798,835,78.01,59.77,69.69
830450000H0303,2.55,1.85,0.473,0.549,5.68,568,84,85.21,73.06,82.39
131150000E0040,2.35,1.95,0.609,0.459,1.81,1407,468,66.74,27.51,44.85
07056000AE0445,1.95,1.6,0.54,0.509,1.43,502,267,46.81,0.0,29.88
840390000F0386,2.5,1.45,0.528,0.48,2.54,716,203,71.65,40.92,60.61
840160000A2014,2.1,1.55,0.354,0.71,4.22,249,44,82.33,75.1,76.31
830370000B0078,2.2,2.05,0.559,0.447,7.33,2126,151,92.9,84.1,86.36
840390000F0700,2.5,1.45,0.523,0.548,2.75,947,250,73.6,51.85,63.67
841340000C0308,2.5,1.4,0.548,0.487,1.98,1347,478,64.51,27.1,49.37
841160000A0860,2.25,1.2,0.455,0.49,12.19,1475,94,93.63,86.98,91.8
84032000AS0137,2.4,1.6,0.39,0.564,1.58,313,177,43.45,0.0,36.74
840390000D0046,2.45,1.65,0.587,0.467,1.53,981,419,57.29,8.46,34.45
840370000E0597,2.15,1.65,0.572,0.554,1.22,2411,1295,46.29,3.07,18.29
13079000AM0072,2.6,2.1,0.62,0.482,2.07,819,204,75.09,48.35,51.65
841170000C0251,2.2,1.4,0.514,0.444,3.65,2471,516,79.12,52.93,72.6
831080000C0044,2.55,2.1,0.465,0.463,1.76,2934,1281,56.34,5.62,43.05
830320000E1702,2.5,1.95,0.61,0.51,3.11,934,175,81.26,63.28,67.88
07279000AM0086,2.2,1.65,0.409,0.594,1.56,156,85,45.51,8.33,35.9
26179000ZH0065,2.1,2.05,0.617,0.497,1.18,1975,985,50.13,0.0,15.34
83119000AT0082,2.35,2.0,0.568,0.347,2.69,1641,423,74.22,25.72,62.77
841300000B0062,2.1,1.25,0.496,0.57,5.07,2102,320,84.78,73.31,80.26
073450000A0377,1.85,1.3,0.458,0.463,1.78,994,458,53.92,0.5,43.86
83123000AC0662,2.2,1.95,0.587,0.461,5.15,5726,670,88.3,74.64,80.6
26367000AI0066,2.0,1.4,0.463,0.517,9.03,361,30,91.69,83.93,88.92
831540000C0213,2.1,1.9,0.391,0.556,25.32,557,10,98.2,96.77,96.05
263770000H0567,2.3,1.35,0.53,0.519,1.87,1450,596,58.9,20.76,46.41
840390000A0026,2.0,1.55,0.444,0.703,1.19,12747,9036,29.11,0.0,15.82
840870000M0357,2.0,1.3,0.341,0.686,1.25,407,282,30.71,0.0,19.9
840720000F0401,2.4,1.45,0.379,0.328,21.97,747,20,97.32,91.83,95.45
830250000G0094,2.5,1.9,0.538,0.512,4.31,289,42,85.47,71.63,76.82
840370000C1111,,,,,,,,,,
840780000C0246,2.2,1.4,0.538,0.481,2.07,794,297,62.59,22.29,51.76
840870000K0286,2.45,1.65,0.582,0.467,1.91,2370,766,67.68,30.84,47.68
26377000ZA0134,2.1,1.35,0.513,0.476,1.65,2731,1295,52.58,0.37,39.25
26054000AM0068,2.15,1.4,0.54,0.517,1.58,1001,482,51.85,6.79,36.56
84118000AW0718,2.5,1.5,0.361,0.656,1.32,672,440,34.52,0.15,24.4
840370000E0861,2.4,1.45,0.241,0.333,5.9,59,6,89.83,69.49,83.05
830450000F0263,2.3,2.15,0.58,0.327,1.84,28079,9162,67.37,0.35,45.63
83097000AR0053,,,,,,,,,,
84028000AV0147,1.95,1.4,0.384,0.741,1.29,894,594,33.56,10.29,22.71
841060000C0549,2.0,1.4,0.533,0.602,1.51,894,451,49.55,16.22,33.56
26220000AC0107,2.5,1.4,0.378,0.625,1.65,507,260,48.72,17.95,39.45
07042000AI0374,2.15,1.4,0.409,0.685,1.7,1081,531,50.88,28.31,41.17
26165000AZ0243,2.5,1.4,0.531,0.47,2.66,824,226,72.57,41.63,62.38
26220000AH0056,2.3,1.2,0.457,0.654,2.44,1464,452,69.13,52.8,59.08
840170000C1687,2.2,1.65,0.562,0.477,1.45,3103,1387,55.3,6.28,30.91
13087000AM0175,2.15,1.95,0.595,0.421,1.5,2800,1164,58.43,1.25,33.43
830830000B0055,2.5,2.1,0.604,0.512,2.5,643,144,77.6,56.3,60.03
841170000B0426,2.3,1.2,0.44,0.6,4.38,359,63,82.45,70.75,77.16
83116000AI0045,2.05,2.0,0.621,0.481,1.37,406,195,51.97,0.25,26.85
840160000A0931,,,,,,,,,,
841480000E0335,2.0,1.25,0.402,0.675,60.97,4634,52,98.88,98.34,98.36
841220000B0708,1.95,1.15,0.436,0.546,6.6,997,125,87.46,77.03,84.85
831400000E0595,1.85,1.8,0.543,0.454,1.35,2765,1266,54.21,0.0,25.75
840970000C0130,2.4,1.4,0.396,0.702,3.17,1519,356,76.56,66.62,68.47
840150000A0152,2.45,1.15,0.309,0.464,16.21,227,13,94.27,87.67,93.83
831080000D0406,2.0,1.7,0.567,0.527,1.25,619,328,47.01,0.0,20.03
26377000AN0017,2.2,1.35,0.484,0.518,4.05,595,101,83.03,67.23,75.29
841130000B0750,2.4,1.35,0.504,0.474,2.4,2626,817,68.89,34.31,58.42
07313000AH0375,2.05,2.0,0.581,0.418,1.78,357,142,60.22,4.76,43.7
840370000B0078,1.8,1.65,0.443,0.841,2.07,1020,365,64.22,57.45,51.76
261920000B0466,2.5,1.4,0.469,0.565,3.95,1908,354,81.45,67.19,74.69
83148000BX0102,2.4,2.0,0.583,0.5,5.05,2600,296,88.62,77.23,80.19
26345000AP0292,2.45,1.4,0.493,0.542,4.25,651,104,84.02,70.51,76.5
840030000F0828,2.4,1.35,0.461,0.484,1.92,3502,1484,57.62,12.54,47.94
840940000C0201,2.45,1.4,0.531,0.496,1.89,2053,813,60.4,20.12,47.05
84137000AP0482,1.95,1.4,0.476,0.489,3.86,572,115,79.9,58.92,74.13
261160000C1755,2.1,1.65,0.556,0.478,1.72,26046,8882,65.9,28.68,41.95
840200000A1744,2.3,1.35,0.499,0.524,7.97,1968,164,91.67,84.1,87.45
830350000B0096,2.25,1.95,0.493,0.62,3.58,1816,412,77.31,63.44,72.08
84024000AL0139,2.35,1.35,0.51,0.448,3.14,3036,743,75.53,45.39,68.15
07042000AI0444,2.35,1.35,0.536,0.507,2.62,1191,346,70.95,42.65,61.8
830850000D0332,2.35,2.05,0.595,0.483,3.08,832,138,83.41,65.62,67.55
831000000E0095,2.45,2.0,0.581,0.463,3.79,474,82,82.7,62.66,73.63
841460000A0756,2.45,1.35,0.351,0.783,2.09,96,36,62.5,52.08,52.08
830490000A0744,2.2,1.95,0.568,0.429,3.35,992,173,82.56,59.38,70.16
84055000AI0014,2.05,1.4,0.414,0.612,2.88,2591,679,73.79,57.16,65.26
841220000A0552,2.15,1.35,0.541,0.64,2.57,1439,411,71.44,55.39,61.01
841500000B1009,2.0,1.4,0.434,0.445,10.29,1183,81,93.15,84.62,90.28
261920000A0556,2.15,1.35,0.472,0.6,5.89,1674,192,88.53,80.88,83.03
263770000H0090,2.45,1.35,0.502,0.572,1.92,5505,2205,59.95,29.99,47.83
840290000E0281,2.15,1.4,0.537,0.51,1.81,1820,748,58.9,19.34,44.84
84031000BC0069,2.3,1.65,0.565,0.514,1.61,1734,675,61.07,24.22,38.0
830640000A3187,,,,,,,,,,
07168000AM0296,2.2,1.65,0.488,0.635,4.55,6585,948,85.6,77.34,78.03
130770000C1340,,,,,,,,,,
84073000AK0058,2.4,1.35,0.539,0.479,2.17,763,256,66.45,30.01,54.0
84069000AT0050,2.25,1.65,0.513,0.519,3.7,710,124,82.54,66.34,72.96
070150000C0460,2.25,2.0,0.613,0.521,1.68,684,243,64.47,31.87,40.35
830890000B0119,2.05,1.85,0.571,0.438,1.51,1262,547,56.66,1.11,33.91
840200000B1297,,,,,,,,,,
84106000AC0011,1.95,1.4,0.392,0.654,3.36,1806,431,76.14,63.51,70.21
840870000I1321,2.3,1.65,0.572,0.497,1.81,1559,585,62.48,24.44,44.9
263570000L0086,2.2,1.4,0.537,0.527,3.7,7674,1415,81.56,65.01,72.96
830910000B0261,2.4,2.05,0.503,0.721,1.49,647,341,47.3,26.89,32.77
840720000E0134,2.1,1.45,0.533,0.561,1.62,1051,482,54.14,18.27,38.15
831080000D0097,2.5,2.15,0.49,0.604,1.39,719,411,42.84,5.42,28.09
830490000D0408,2.4,2.05,0.495,0.664,1.4,1239,691,44.23,16.06,28.81
83068000CZ0014,2.3,2.05,0.59,0.467,1.77,1259,440,65.05,25.1,43.45
840390000H0035,2.05,1.6,0.4,0.716,7.05,656,68,89.63,85.52,85.82
07324000AY0588,1.85,1.75,0.512,0.419,1.74,1312,558,57.47,0.0,42.45
83116000BR0214,2.25,2.15,0.602,0.402,2.01,22793,6150,73.02,32.94,50.23
840120000A0281,2.2,1.25,0.421,0.654,1.65,5638,2725,51.67,26.09,39.57
841450000K0081,2.4,1.45,0.377,0.625,1.37,1312,810,38.26,1.22,26.75
13079000AX0026,2.35,2.0,0.601,0.412,1.88,1459,459,68.54,23.58,46.68
840160000L0819,2.1,1.5,0.227,0.784,1.38,163,116,28.83,9.2,27.61
07042000BK0170,2.2,1.4,0.355,0.782,2.29,1141,383,66.43,57.06,56.27
83096000AC0053,2.4,1.25,0.311,0.738,1.17,552,397,28.08,2.54,14.49
840390000F1300,,,,,,,,,,
84041000AL0117,2.55,1.65,0.525,0.345,5.04,5032,681,86.47,60.79,80.15
840300000D0248,2.2,1.65,0.416,0.674,1.53,1398,764,45.35,18.88,34.48
83023000AH0338,2.5,2.05,0.562,0.589,2.14,1292,392,69.66,48.53,53.17
26345000BL0290,2.2,1.4,0.469,0.45,2.78,267,76,71.54,36.7,64.04
261100000A0950,1.85,1.35,0.484,0.499,1.56,1852,951,48.65,0.0,35.8
26345000BK0317,2.05,1.2,0.465,0.716,4.42,592,101,82.94,76.18,77.36
830750000A0157,2.4,2.05,0.485,0.376,2.37,2699,837,68.99,17.41,57.8
840160000L1088,2.0,1.6,0.317,0.542,4.61,106,13,87.74,77.36,78.3
841380000T0055,2.5,1.4,0.54,0.48,3.06,1790,405,77.37,52.91,67.32
840770000C0273,2.4,1.6,0.561,0.465,1.99,519,181,65.13,25.05,49.71
261820000G0403,2.45,1.4,0.535,0.474,2.54,1825,516,71.73,40.33,60.66
831430000E1880,2.25,2.15,0.532,0.292,29.84,13280,244,98.16,93.7,96.65
840720000E0062,2.35,1.65,0.568,0.462,1.63,889,378,57.48,7.87,38.81
84073000AI0391,2.4,1.3,0.51,0.492,3.27,1250,309,75.28,49.76,69.44
13079000AH0185,2.05,1.95,0.589,0.566,1.7,712,246,65.45,38.9,41.15
13081000AM0020,2.05,1.95,0.557,0.482,5.48,1315,134,89.81,78.86,81.75
83148000AK0048,2.5,2.05,0.579,0.463,2.52,267,69,74.16,44.19,60.3
840370000E0579,2.2,1.65,0.57,0.496,1.73,1118,429,61.63,22.63,42.31
830630000B0281,1.9,1.75,0.529,0.419,1.65,8272,3470,58.05,0.0,39.28
830330000E1233,2.4,2.15,0.597,0.43,1.55,1565,624,60.13,7.28,35.53
84129000AM0055,2.0,1.65,0.532,0.641,2.69,2509,629,74.93,60.9,62.89
840170000D0583,2.45,1.65,0.575,0.483,1.68,766,300,60.84,18.93,40.6
84072000CL0046,2.15,1.65,0.468,0.662,1.7,1594,722,54.71,31.56,41.34
840440000A0712,2.45,1.65,0.566,0.445,2.21,4678,1307,72.06,37.24,54.81
831250000C0326,2.0,1.8,0.58,0.462,1.33,2619,1229,53.07,0.0,24.97
841330000A0182,2.4,1.35,0.495,0.472,7.69,2547,233,90.85,80.6,87.0
07245000AT0015,1.8,1.6,0.503,0.499,1.49,686,340,50.44,0.73,33.09
070150000C0379,1.35,1.2,0.38,0.584,1.27,753,440,41.57,0.0,21.51
830690000E0932,1.6,1.5,0.455,0.449,1.47,85592,38327,55.22,0.18,31.85
830040000G1267,1.95,2.0,0.585,0.487,1.23,1075,524,51.26,0.0,18.42
073120000B1213,1.9,2.0,0.527,0.601,1.47,556,307,44.78,8.09,32.01
830180000A0835,2.0,2.05,0.57,0.463,7.51,3739,264,92.94,84.76,86.68
830040000B1211,1.95,1.85,0.567,0.467,1.34,2010,920,54.23,1.89,25.62
830720000C0706,2.4,2.05,0.544,0.372,3.81,941,146,84.48,58.34,73.75
130510000E0687,2.1,1.4,0.531,0.475,1.75,379,180,52.51,0.0,42.74
26345000AP0315,1.25,0.95,0.257,0.679,113.43,3403,19,99.44,99.18,99.12
13051000AN0084,1.75,1.2,0.448,0.499,1.54,1066,542,49.16,0.0,35.18
840960000B0006,1.9,1.4,0.467,0.553,10.97,2491,152,93.9,88.96,90.89
841160000C0778,2.3,1.4,0.534,0.491,1.85,3484,1380,60.39,19.26,45.98
830850000E0068,2.1,1.25,0.525,0.467,1.81,723,328,54.63,2.77,44.81
841060000A0266,2.5,1.4,0.54,0.518,2.56,642,175,72.74,47.35,60.9
840960000F0115,2.0,1.25,0.27,0.842,11.27,248,16,93.55,92.34,91.13
830670000C1255,2.5,2.15,0.586,0.372,1.93,993,330,66.77,10.57,48.24
840960000E0068,1.95,1.4,0.525,0.559,2.49,1975,572,71.04,48.2,59.8
840290000D0860,2.5,1.4,0.505,0.493,6.61,1275,136,89.33,78.35,84.86
830940000D0713,2.3,2.15,0.51,0.624,1.5,1502,724,51.8,22.77,33.49
84069000AB0245,2.3,1.45,0.546,0.459,2.32,223,79,64.57,22.87,56.95
261800000C0470,1.25,1.2,0.291,0.612,17.95,1113,30,97.3,95.6,94.43
84082000AN0057,2.3,1.25,0.407,0.628,1.28,1709,1065,37.68,0.7,21.88
83107000BS0123,2.3,2.15,0.621,0.502,2.37,1992,387,80.57,61.3,57.73
262750000I0393,2.5,1.4,0.346,0.683,1.32,2662,1725,35.2,5.07,23.97
841500000B0305,2.45,1.4,0.527,0.429,2.49,29337,7751,73.58,38.43,59.81
840720000I0064,2.35,1.4,0.418,0.418,29.22,1198,28,97.66,94.41,96.58
84041000AB0175,2.15,1.65,0.576,0.613,1.96,204,76,62.75,39.22,49.02
841500000E0456,2.1,1.4,0.527,0.472,1.76,353,152,56.94,8.78,43.06
830270000C1217,2.35,2.1,0.588,0.379,1.8,1577,555,64.81,7.04,44.39
841460000B0435,2.35,1.2,0.444,0.694,2.22,1459,468,67.92,53.8,54.97
840710000B0014,2.35,1.35,0.53,0.501,5.35,10740,1424,86.74,73.52,81.31
13079000AM0040,2.3,2.15,0.62,0.489,1.9,1808,449,75.17,49.17,47.4
261560000D0290,2.05,2.15,0.6,0.455,1.73,3207,1120,65.08,23.23,42.25
07279000AM0269,2.25,1.65,0.558,0.469,1.68,4167,1565,62.44,19.87,40.63
073430000E0479,2.5,1.65,0.528,0.436,2.52,166,48,71.08,33.73,60.24
83063000AS0346,2.4,1.55,0.369,0.642,1.32,449,296,34.08,0.0,24.28
830730000A1004,2.3,1.85,0.539,0.559,8.51,885,57,93.56,88.47,88.25
840160000L0937,2.3,1.65,0.494,0.705,2.51,579,177,69.43,56.65,60.1
830460000F0013,2.0,1.9,0.483,0.526,11.05,1149,60,94.78,90.08,90.95
830270000C0377,2.2,2.05,0.486,0.669,1.52,603,325,46.1,19.4,34.16
84102000AE0008,,,,,,,,,,
840390000C0683,2.1,1.65,0.394,0.768,1.8,471,212,54.99,41.4,44.37
84024000AI0045,2.3,1.35,0.519,0.459,2.3,1607,560,65.15,24.14,56.5
26054000AM0050,2.45,1.4,0.486,0.388,3.63,1609,310,80.73,50.28,72.47
841090000B0070,2.2,1.65,0.398,0.703,1.32,2054,1279,37.73,11.44,24.29
841400000C0370,2.3,1.35,0.51,0.469,13.52,9868,536,94.57,88.43,92.6
840870000K0882,2.4,1.65,0.502,0.488,5.81,912,83,90.9,81.36,82.79
84118000AS0165,2.3,1.6,0.548,0.532,2.81,902,227,74.83,52.66,64.41
840170000B1699,2.5,1.65,0.573,0.542,2.46,1079,293,72.85,49.86,59.31
840720000A0666,2.25,1.65,0.573,0.515,1.44,2659,1203,54.76,12.07,30.5
84036000AY0338,2.15,1.4,0.508,0.519,2.32,2784,916,67.1,36.6,56.93
26038000ZB0192,2.45,2.0,0.613,0.436,1.33,3112,1357,56.39,0.0,25.06
840680000A0485,2.2,1.35,0.529,0.509,2.36,1754,556,68.3,37.74,57.7
830320000B0455,2.3,2.0,0.564,0.432,14.72,3548,114,96.79,92.56,93.21
830330000C1403,2.4,1.95,0.479,0.625,1.59,2449,1230,49.78,19.64,37.04
841060000C1314,2.55,1.4,0.538,0.522,2.64,243,71,70.78,44.03,62.14
130510000D0055,2.45,2.05,0.508,0.58,1.54,489,265,45.81,6.54,35.17
13035000BL0019,2.45,2.0,0.48,0.605,3.19,488,127,73.98,56.97,68.65
830430000H0475,,,,,,,,,,
83116000AW0205,1.85,1.15,0.482,0.483,1.8,4961,2401,51.6,0.0,44.47
840390000F1724,2.35,1.45,0.527,0.506,2.4,266,85,68.05,36.84,58.27
841260000C0415,2.05,1.4,0.434,0.615,5.8,58,8,86.21,77.59,82.76
83097000AH0003,2.5,1.9,0.568,0.434,2.59,1973,541,72.58,36.85,61.38
130850000H0083,1.95,1.65,0.547,0.463,1.42,6832,3164,53.69,0.04,29.58
840560000A0397,2.5,1.4,0.535,0.511,2.81,1324,340,74.32,49.7,64.35
83096000AB0325,1.95,2.0,0.591,0.594,1.84,340,111,67.35,45.0,45.59
84149000AD0004,2.35,1.4,0.542,0.526,2.71,2577,670,74.0,50.56,63.06
83099000BC0268,2.1,2.0,0.61,0.477,1.55,375,183,51.2,0.0,35.47
840290000B0659,2.05,1.4,0.483,0.685,3.07,1334,317,76.24,65.29,67.39
840960000B0707,2.15,1.15,0.469,0.553,1.7,172,94,45.35,1.16,41.28
83136000AW0021,2.4,2.0,0.533,0.404,1.93,348,137,60.63,2.59,48.28
841380000S0611,2.3,1.2,0.301,0.878,5.34,962,129,86.59,84.72,81.29
840020000A0184,2.5,1.35,0.447,0.677,2.14,5764,2007,65.18,48.58,53.26
840870000L0545,2.25,1.65,0.408,0.662,1.63,663,355,46.46,19.16,38.76
070130000B0283,2.0,2.05,0.528,0.652,2.04,554,206,62.82,42.96,50.9
261820000A0154,2.5,1.0,0.221,0.897,18.63,652,26,96.01,95.55,94.63
841500000H1215,2.5,1.35,0.518,0.535,4.6,2417,371,84.65,71.29,78.28
840520000A0749,2.5,1.3,0.52,0.432,3.45,608,147,75.82,44.08,71.05
840170000E1131,2.45,1.5,0.435,0.318,16.86,1079,47,95.64,86.28,94.07
841170000A0764,2.05,1.4,0.524,0.557,2.49,802,248,69.08,44.51,59.85
263480000E0578,2.3,1.4,0.537,0.532,2.47,1768,526,70.25,44.06,59.45
07056000AE0581,2.0,1.4,0.528,0.53,1.43,546,299,45.24,0.0,30.04
84031000AM0130,2.4,1.4,0.267,0.66,8.03,321,31,90.34,85.36,87.54
841480000E0350,2.3,1.45,0.403,0.751,3.98,1573,289,81.63,75.52,74.89
84118000AK0524,2.1,1.65,0.568,0.518,1.93,812,271,66.63,35.59,48.28
830350000E0552,2.2,1.9,0.56,0.472,2.97,1566,385,75.42,47.89,66.35
072680000B0622,2.1,1.4,0.525,0.517,3.12,5526,1198,78.32,58.11,67.93
830730000F1059,2.45,2.05,0.619,0.443,1.52,1164,446,61.68,13.49,34.36
841150000B0595,2.3,1.65,0.436,0.741,7.08,460,43,90.65,87.39,85.87
840370000G0184,2.15,1.65,0.569,0.548,2.82,1674,363,78.32,60.39,64.58
841500000G0711,2.25,1.4,0.511,0.442,2.66,786,229,70.87,34.1,62.34
261560000C0544,1.95,1.7,0.552,0.469,1.37,1065,515,51.64,0.0,26.85
831480000D0201,2.35,1.85,0.473,0.297,5.47,613,79,87.11,56.61,81.73
26377000AI0035,2.3,1.35,0.498,0.45,3.35,780,182,76.67,48.21,70.13
26317000AD0028,2.35,1.4,0.524,0.58,1.65,460,210,54.35,21.3,39.57
840960000B0410,2.25,1.4,0.466,0.447,6.51,1511,173,88.55,74.39,84.65
263480000D0148,2.45,1.4,0.496,0.614,2.92,9618,2324,75.84,60.65,65.79
840220000D0110,2.35,1.35,0.38,0.643,2.83,263,81,69.2,52.09,64.64
83063000AX0129,2.4,1.7,0.449,0.463,21.97,835,25,97.01,93.53,95.45
84028000AD0289,2.2,1.4,0.514,0.534,6.1,3677,378,89.72,80.75,83.6
830260000C0231,2.35,2.15,0.547,0.329,4.08,1138,160,85.94,57.21,75.48
840370000C0641,2.2,1.55,0.485,0.545,5.33,522,73,86.02,74.33,81.23
84105000AB0188,2.3,1.35,0.529,0.447,2.22,1663,608,63.44,18.28,54.96
830830000C0044,1.95,1.9,0.56,0.444,1.7,345,142,58.84,7.25,41.16
071330000B0167,2.2,1.5,0.392,0.837,5.77,1471,180,87.76,85.38,82.66
84086000AM0159,2.5,1.35,0.528,0.471,2.55,4818,1354,71.9,40.29,60.81
263480000D0841,2.45,1.4,0.481,0.385,2.74,244,77,68.44,18.03,63.52
830450000H0469,2.15,1.9,0.421,0.301,26.81,1126,22,98.05,93.52,96.27
26054000AM0385,2.2,1.4,0.426,0.699,1.5,3837,2032,47.04,24.24,33.46
831000000A0313,2.4,1.9,0.547,0.409,2.37,161,54,66.46,18.01,57.76
84104000AD0206,2.45,1.4,0.51,0.433,2.81,840,232,72.38,36.19,64.4
261560000B0421,1.35,1.55,0.418,0.478,1.52,909,462,49.17,0.0,34.1
840140000E0308,2.1,1.35,0.519,0.484,2.46,2911,885,69.6,37.2,59.43
830250000H0318,2.0,2.1,0.594,0.534,5.9,4396,372,91.54,84.14,83.05
830480000B3755,2.2,2.15,0.577,0.347,1.9,32998,10590,67.91,7.53,47.26
840940000A0005,2.15,1.4,0.554,0.577,2.06,670,235,64.93,39.25,51.49
84024000AL0177,2.55,1.35,0.473,0.535,1.58,1872,964,48.5,3.79,36.75
83071000AC0083,2.35,1.9,0.584,0.449,1.66,1126,479,57.46,5.24,39.79
841110000A0288,2.4,1.4,0.53,0.472,2.74,252,76,69.84,36.11,63.49
07324000AE0406,2.05,1.75,0.548,0.473,1.65,405,193,52.35,0.0,39.51
840870000G0546,2.25,1.65,0.244,0.63,65.72,1183,17,98.56,97.72,98.48
83148000BT0080,,,,,,,,,,
840870000I1615,2.0,1.65,0.426,0.736,3.26,1782,420,76.43,67.96,69.36
26220000AB0062,2.55,1.4,0.527,0.419,2.17,6345,2209,65.19,16.88,53.82
841090000B0109,2.25,1.65,0.399,0.63,2.45,762,260,65.88,45.8,59.19
840960000E0131,2.2,1.1,0.206,0.965,2.08,1231,580,52.88,51.18,51.83
841090000A0561,2.25,1.65,0.405,0.726,1.93,634,254,59.94,44.79,48.11
262750000B0316,2.25,1.4,0.346,0.745,1.56,1149,587,48.91,31.42,35.94
840370000E0992,2.4,1.65,0.568,0.451,1.77,191,78,59.16,9.42,43.46
830040000A1447,,,,,,,,,,
840870000L0073,2.1,1.65,0.563,0.521,2.21,1427,437,69.38,41.28,54.73
840160000A1358,2.5,1.6,0.473,0.724,2.16,186,71,61.83,47.31,53.76
840390000H0233,2.2,1.65,0.559,0.48,2.0,659,234,64.49,25.95,49.92
13080000BB0277,2.4,2.1,0.577,0.355,3.5,577,109,81.11,46.79,71.4
13110000CI0022,2.0,1.7,0.563,0.457,1.45,4601,2120,53.92,0.0,30.95
831100000A0602,2.55,2.1,0.599,0.396,1.95,3362,973,71.06,26.92,48.72
830670000D0680,2.05,1.95,0.573,0.388,1.75,1839,716,61.07,0.0,42.74
840490000B0038,2.25,1.3,0.413,0.628,26.93,1104,27,97.55,96.11,96.29
841260000A0097,2.25,1.2,0.447,0.474,9.7,1329,92,93.08,85.4,89.69
84082000AK0047,2.25,1.45,0.537,0.558,1.66,1035,476,54.01,17.58,39.71
830420000A0814,1.95,1.4,0.528,0.504,1.54,3179,1595,49.83,0.41,34.92
831000000D0457,2.05,2.05,0.605,0.456,1.36,1934,874,54.81,0.83,26.73
830490000F0550,2.5,1.95,0.504,0.81,2.84,1833,448,75.56,69.83,64.81
840160000L0488,2.2,1.15,0.312,0.756,1.09,293,223,23.89,0.0,8.53
83136000AS0299,2.25,2.0,0.503,0.314,4.47,304,37,87.83,61.18,77.63
130510000B2008,2.1,2.1,0.604,0.449,1.37,854,371,56.56,3.16,26.93
840450000A0194,2.55,1.35,0.517,0.523,1.74,1087,495,54.46,12.88,42.5
840440000C0775,2.05,1.65,0.543,0.562,5.12,1095,145,86.76,76.44,80.46
840760000E0027,2.35,1.35,0.535,0.455,2.48,25191,7422,70.54,35.22,59.7
840720000B0223,2.45,1.65,0.587,0.466,1.52,1106,475,57.05,7.87,34.09
841500000B0794,2.45,1.4,0.544,0.47,3.4,5958,1195,79.94,57.3,70.61
84004000AM0017,2.2,1.25,0.507,0.516,1.79,9105,4157,54.34,11.47,44.1
072340000A0774,2.0,1.7,0.574,0.509,1.42,455,236,48.13,0.0,29.67
841000000C0202,2.3,1.25,0.445,0.532,4.35,270,50,81.48,65.19,77.04
830320000E1859,,,,,,,,,,
07264000AM0066,2.4,1.4,0.546,0.484,2.21,937,326,65.21,28.07,54.75
830040000C1042,2.0,1.95,0.586,0.433,1.5,5295,2288,56.79,0.32,33.16
841000000C0028,2.15,1.25,0.449,0.632,2.56,815,256,68.59,50.31,60.98
83112000DH0031,2.1,1.95,0.513,0.41,6.03,567,57,89.95,75.49,83.42
840980000A0089,2.15,1.4,0.469,0.405,6.79,1148,136,88.15,70.73,85.28
26054000AD0102,2.0,1.4,0.537,0.537,1.53,783,416,46.87,1.02,34.74
262850000D0208,2.3,1.4,0.517,0.418,2.48,1444,459,68.21,23.89,59.7
840300000D0850,2.15,1.65,0.533,0.797,5.32,367,55,85.01,81.2,81.2
84046000AD0002,2.2,1.65,0.562,0.456,2.21,1131,344,69.58,33.24,54.73
83123000AD0263,2.0,2.1,0.624,0.535,1.76,3317,1085,67.29,38.83,43.17
84028000AY0058,2.25,1.4,0.529,0.543,2.16,2509,802,68.04,41.17,53.81
84118000AX0001,2.35,1.6,0.567,0.509,2.41,1698,461,72.85,46.64,58.42
830350000E0355,2.25,2.15,0.619,0.45,1.73,187,72,61.5,14.44,42.25
830850000B0859,2.55,2.15,0.583,0.419,1.89,3346,923,72.41,34.13,47.04
840420000F0209,1.35,0.95,0.153,0.714,571.38,4571,5,99.89,99.85,99.82
830350000E0810,2.05,2.15,0.6,0.472,1.86,572,191,66.61,29.2,46.33
830670000C0934,2.45,1.95,0.546,0.582,1.38,1030,605,41.26,0.0,27.28
840770000B0310,2.5,1.45,0.52,0.463,2.11,418,151,63.88,22.01,52.63
26345000AN0263,2.15,1.2,0.5,0.584,1.89,945,417,55.87,24.44,47.2
84036000BB0139,2.1,1.4,0.541,0.517,1.63,1388,650,53.17,9.37,38.76
840960000B0408,2.0,1.4,0.36,0.701,1.54,2375,1280,46.11,23.16,35.03
841490000A0252,2.25,1.35,0.501,0.556,6.74,1436,155,89.21,80.57,85.17
262330000C0322,2.4,1.4,0.394,0.728,3.88,1878,340,81.9,75.13,74.23
840370000F0789,2.05,1.65,0.577,0.554,2.23,2523,727,71.19,47.96,55.21
13110000BD0020,2.1,2.05,0.628,0.547,1.71,2033,625,69.26,43.78,41.47
840390000H0437,1.85,1.65,0.475,0.617,1.43,334,200,40.12,2.99,29.94
831200000A1516,2.5,2.1,0.55,0.593,1.48,1597,775,51.47,18.1,32.31
840260000F0485,2.3,1.35,0.548,0.528,2.26,876,297,66.1,35.84,55.82
840390000H0731,2.1,1.65,0.557,0.569,3.52,927,168,81.88,68.18,71.63
26345000AH0012,2.05,1.4,0.514,0.56,8.66,3327,252,92.43,86.47,88.46
841500000H0143,2.2,1.4,0.525,0.543,3.21,1919,415,78.37,60.19,68.89
83136000AY0113,,,,,,,,,,
84016000AC0083,2.4,1.65,0.568,0.466,1.96,696,238,65.8,26.58,48.99
84008000AS0546,2.55,1.65,0.557,0.477,3.36,683,136,80.09,58.27,70.28
84149000BC0010,2.4,1.4,0.522,0.497,7.2,4096,377,90.8,81.49,86.11
840390000H0726,,,,,,,,,,
841460000C0354,2.45,1.4,0.525,0.509,2.45,1983,625,68.48,38.12,59.15
13001000MD0250,2.5,2.05,0.506,0.656,1.7,1936,852,55.99,32.95,41.01
263480000D0542,2.3,1.4,0.531,0.531,2.43,535,165,69.16,41.87,58.88
830490000C2988,2.3,1.95,0.575,0.506,4.41,648,91,85.96,72.22,77.31
073430000D0436,2.5,1.65,0.543,0.513,5.37,1358,173,87.26,75.18,81.37
84127000AA0009,2.4,1.4,0.546,0.474,1.59,1865,859,53.94,2.84,37.1
84028000AM0072,2.05,1.4,0.478,0.608,7.3,599,59,90.15,83.81,86.31
261800000C0698,2.3,1.4,0.518,0.589,2.94,420,112,73.33,54.76,65.95
831100000A0861,2.4,2.0,0.462,0.677,1.24,2165,1464,32.38,0.09,19.08
841060000E0252,2.2,1.4,0.527,0.525,1.79,1107,458,58.63,21.14,44.17
840370000F0533,2.0,1.65,0.472,0.668,1.79,2471,1068,56.78,35.29,44.11
84028000AR0067,2.35,1.4,0.521,0.551,5.83,1667,188,88.72,79.54,82.84
841330000F0131,2.4,1.35,0.385,0.69,2.38,1458,494,66.12,50.89,58.02
263220000A0140,2.3,1.4,0.474,0.487,1.77,646,285,55.88,9.44,43.34
83096000AE0070,2.05,1.95,0.598,0.584,3.2,2187,360,83.54,71.83,68.72
84046000AB0158,2.3,1.6,0.429,0.728,1.96,1097,415,62.17,48.04,48.95
830450000D0422,2.5,2.15,0.604,0.448,3.99,7828,931,88.11,73.44,74.92
84029000AI0022,2.2,1.4,0.347,0.702,1.41,3914,2343,40.14,14.77,29.08
263570000N0265,2.0,1.4,0.529,0.523,1.38,2770,1414,48.95,2.31,27.62
841380000F0550,2.45,1.4,0.429,0.532,2.46,853,280,67.17,38.34,59.32
841380000R0158,2.45,1.2,0.434,0.559,5.53,398,57,85.68,74.37,81.91
830880000D0315,2.5,2.1,0.528,0.565,1.51,634,311,50.95,13.25,33.91
840650000B0624,2.5,1.35,0.434,0.711,2.11,2380,856,64.03,49.41,52.69
13056000DS0106,2.5,1.9,0.494,0.641,1.55,994,523,47.38,17.91,35.51
830250000H0174,2.45,2.15,0.607,0.46,4.74,6835,648,90.52,79.39,78.9
26377000ZB0054,2.5,1.3,0.339,0.719,1.29,949,595,37.3,12.86,22.34
840720000I0482,2.1,1.6,0.59,0.567,1.97,126,51,59.52,28.57,49.21
83136000AV0076,1.25,1.95,0.263,0.214,43.88,746,9,98.79,94.37,97.72
830650000B0392,2.5,2.15,0.553,0.327,8.53,2577,156,93.95,81.49,88.28
831400000B0710,2.15,1.9,0.457,0.5,33.33,2133,42,98.03,96.06,97.0
841500000H0698,2.2,1.1,0.309,0.658,1.33,4412,2862,35.13,1.45,25.02
830720000D0376,2.45,2.15,0.613,0.447,1.79,355,109,69.3,31.27,44.23
841460000B0445,2.1,1.4,0.51,0.449,2.17,2560,892,65.16,22.46,53.98
26345000AP0385,2.2,1.4,0.404,0.713,1.68,1401,675,51.82,32.41,40.33
840200000B1330,,,,,,,,,,
263570000L0311,2.55,1.4,0.488,0.375,2.3,561,194,65.42,7.84,56.51
071260000G0314,2.2,1.45,0.373,0.773,2.24,1470,517,64.83,54.49,55.31
841060000A1117,2.3,1.4,0.368,0.691,1.25,962,622,35.34,6.44,20.27
840300000E1616,2.2,1.6,0.568,0.54,1.59,889,388,56.36,19.24,37.12
070090000C0052,1.8,2.0,0.554,0.541,1.26,408,220,46.08,0.25,20.83
840870000G0524,1.9,1.65,0.458,0.794,2.32,482,150,68.88,60.79,56.85
261820000E0239,2.45,1.4,0.524,0.498,2.75,837,215,74.31,48.39,63.68
831080000D0222,2.0,1.9,0.605,0.54,1.19,1359,719,47.09,1.99,15.75
071520000A0629,1.5,1.15,0.411,0.537,1.43,993,520,47.63,2.52,29.91
84122000AD0020,2.25,1.35,0.538,0.483,2.02,1310,499,61.91,21.15,50.61
840440000C0285,2.1,1.55,0.53,0.585,3.26,679,144,78.79,63.77,69.37
830320000E1819,2.05,2.05,0.609,0.489,1.28,1901,873,54.08,6.0,21.94
830490000F0983,1.5,1.95,0.384,0.214,94.22,848,6,99.29,96.7,98.94
84012000AS0110,2.4,1.25,0.5,0.523,6.89,2495,267,89.3,79.52,85.49
84072000BY0024,1.95,1.65,0.556,0.506,1.33,3805,1922,49.49,0.16,24.57
830850000C0004,2.15,2.15,0.611,0.43,1.31,9175,3679,59.9,6.7,23.76
830830000C0457,2.05,2.0,0.585,0.493,1.63,358,137,61.73,22.35,38.55
840720000A0330,2.3,1.65,0.571,0.532,1.6,4725,1866,60.51,25.82,37.69
262750000F0449,1.35,1.15,0.211,0.333,56.73,851,6,99.29,97.88,98.24
072340000A0082,2.25,2.0,0.586,0.586,1.49,437,228,47.83,10.98,32.72
840260000C0742,2.45,1.35,0.484,0.562,1.53,1584,819,48.3,8.02,34.47
841170000C0656,2.5,1.4,0.534,0.435,2.51,864,263,69.56,30.09,60.19
07042000BK0074,2.25,1.4,0.44,0.536,2.05,1498,599,60.01,25.37,51.2
84090000AD0158,2.5,1.3,0.311,0.667,1.31,1187,779,34.37,1.6,23.67
830270000B0888,2.2,1.95,0.527,0.626,1.51,1167,597,48.84,18.34,33.76
841060000A0915,2.15,1.3,0.529,0.545,1.43,883,486,44.96,0.0,29.9
840870000D0657,2.1,1.45,0.441,0.401,7.38,672,57,91.52,78.87,86.46
83068000AY0047,2.0,1.5,0.537,0.474,1.55,10829,5062,53.26,1.47,35.4
261100000B0262,1.65,1.7,0.478,0.527,1.39,1995,1049,47.42,0.15,27.97
073080000F0078,1.95,1.85,0.549,0.4,1.69,1726,697,59.62,0.0,40.85
07279000AK0264,2.2,1.5,0.369,0.685,1.32,253,159,37.15,8.3,24.11
130910000C1587,2.4,2.05,0.616,0.44,1.7,4046,1247,69.18,29.91,41.15
071520000D0022,1.8,1.3,0.486,0.61,1.36,320,192,40.0,1.56,26.25
830670000B0044,1.9,2.15,0.471,0.391,8.94,590,45,92.37,80.51,88.81
26327000AC0167,2.3,2.35,0.483,0.531,9.05,1954,186,90.48,82.09,88.95
261800000B0514,2.45,1.4,0.526,0.457,4.71,881,139,84.22,65.49,78.77
840220000B0684,2.35,1.4,0.46,0.521,2.1,334,135,59.58,22.46,52.4
841060000B0263,2.0,1.35,0.526,0.633,2.2,576,200,65.28,45.14,54.51
840970000C0188,2.2,1.4,0.524,0.54,4.16,2052,354,82.75,68.03,75.97
13087000AI0251,2.5,1.6,0.448,0.509,1.58,2521,1267,49.74,1.27,36.57
831250000C0016,2.0,2.0,0.607,0.457,1.4,504,231,54.17,0.0,28.37
261820000F0568,2.15,1.4,0.538,0.486,1.78,2350,974,58.55,14.68,43.87
841060000C0423,2.0,1.2,0.336,0.805,1.57,793,389,50.95,39.09,36.32
841260000A0083,2.35,1.4,0.461,0.392,7.9,1106,105,90.51,75.77,87.34
830180000C0625,2.5,2.0,0.555,0.326,4.7,2731,348,87.26,60.89,78.73
13032000BK0012,2.45,2.05,0.59,0.377,1.89,2578,812,68.5,16.45,46.97
263570000H0697,2.1,1.4,0.34,0.721,1.14,2629,1905,27.54,0.0,12.1
26220000AC0275,2.4,1.15,0.263,0.722,6.6,99,13,86.87,81.82,84.85
840390000D0185,2.0,1.45,0.559,0.608,1.32,501,289,42.32,5.19,24.35
830510000D0391,2.45,1.75,0.431,0.404,5.47,175,23,86.86,67.43,81.71
830190000G0985,2.05,2.0,0.59,0.421,1.47,7762,3286,57.67,0.0,32.03
83112000DH0019,2.35,1.95,0.597,0.511,1.78,636,217,65.88,33.18,43.71
830450000B0452,1.9,1.6,0.346,0.485,26.85,725,16,97.79,95.45,96.28
26054000AC0263,2.25,1.4,0.362,0.752,1.2,346,242,30.06,6.94,16.47
840370000D0597,2.3,1.65,0.562,0.489,1.37,942,459,51.27,0.42,27.07
841160000A1235,2.4,1.4,0.496,0.398,2.89,1788,468,73.83,34.28,65.44
830210000L0294,2.45,1.85,0.515,0.426,8.5,910,60,93.41,84.51,88.24
841460000C0134,2.35,1.4,0.503,0.429,5.08,3777,527,86.05,67.46,80.3
07317000AC0191,1.85,1.55,0.505,0.458,1.52,588,267,54.59,0.85,34.01
830040000A1449,1.8,1.7,0.311,0.429,95.83,1725,9,99.48,98.78,98.96
073120000C0326,2.45,1.95,0.562,0.453,1.63,662,294,55.59,1.96,38.82
07174000AB0017,2.15,1.2,0.288,0.69,1.23,1408,968,31.25,0.43,18.47
840370000B0022,2.15,1.65,0.563,0.497,1.55,1283,587,54.25,8.03,35.46
073430000D0228,2.3,1.65,0.486,0.376,4.73,284,47,83.45,55.99,78.87
84012000AS0338,2.1,1.25,0.431,0.497,6.45,755,85,88.74,77.35,84.5
84019000BK0047,2.15,1.4,0.526,0.585,1.62,560,271,51.61,17.32,38.21
070130000B0262,2.4,2.1,0.539,0.5,1.76,355,140,60.56,21.13,43.1
840570000D0276,2.3,1.6,0.466,0.346,19.43,2098,79,96.23,89.13,94.85
841400000D0284,2.4,1.35,0.523,0.402,1.97,6759,2745,59.39,0.0,49.21
830320000E1561,,,,,,,,,,
83035000AE0197,2.3,1.85,0.482,0.542,8.71,566,39,93.11,87.28,88.52
841220000B1112,2.15,1.35,0.492,0.467,4.97,1358,204,84.98,67.82,79.9
84018000AH0241,1.65,1.4,0.346,0.385,78.39,2587,15,99.42,98.49,98.72
84031000AM0063,,,,,,,,,,
830830000B0025,2.65,2.15,0.508,0.326,8.33,1000,60,94.0,81.6,88.0
840490000C0096,2.05,1.65,0.566,0.515,1.44,1010,498,50.69,4.26,30.79
073080000A1519,1.45,1.55,0.438,0.557,1.39,266,146,45.11,1.5,28.2
841260000A0722,2.35,1.4,0.531,0.483,2.47,712,210,70.51,38.9,59.55
830460000B0263,2.15,2.0,0.503,0.298,4.71,386,45,88.34,60.88,78.76
840160000K0374,2.1,1.25,0.525,0.514,1.66,286,145,49.3,1.4,39.86
840530000C0277,2.4,1.4,0.538,0.486,1.6,1321,624,52.76,2.73,37.62
840220000A0416,2.45,1.35,0.34,0.792,1.45,338,194,42.6,27.51,31.07
263570000H0165,2.15,1.2,0.523,0.54,2.06,2068,813,60.69,27.22,51.55
83116000BW0125,2.5,2.05,0.497,0.592,1.43,1156,678,41.35,0.87,29.93
070090000B1326,2.0,1.85,0.528,0.414,1.96,351,144,58.97,0.85,49.0
262750000G0087,2.15,1.4,0.547,0.526,1.61,842,383,54.51,13.54,38.0
840720000B0190,2.0,1.65,0.569,0.561,1.84,1871,640,65.79,39.07,45.54
84102000AE0006,,,,,,,,,,
83107000BK0170,1.95,1.7,0.554,0.491,1.3,3043,1512,50.31,0.0,23.07
84104000AC0120,2.05,1.3,0.535,0.556,1.48,775,434,44.0,0.0,32.52
830350000E2349,2.2,2.15,0.491,0.462,3.85,77,12,84.42,66.23,74.03
840940000B0128,2.4,1.4,0.492,0.43,6.33,1506,193,87.18,70.19,84.2
830690000J0182,2.15,2.1,0.605,0.442,1.58,7254,2491,65.66,22.29,36.89
831000000F1088,1.85,1.7,0.526,0.492,1.32,698,349,50.0,0.0,24.21
840470000D0633,2.0,1.6,0.541,0.682,3.44,582,122,79.04,69.24,70.96
830720000F0309,2.35,2.15,0.573,0.433,5.12,1213,113,90.68,78.48,80.46
841170000B0128,1.95,1.4,0.466,0.472,6.64,877,102,88.37,75.37,84.95
262750000C0181,2.05,1.4,0.515,0.619,3.04,501,120,76.05,61.28,67.07
072910000B0596,2.3,1.1,0.301,0.778,27.21,517,14,97.29,96.52,96.32
263770000B0212,2.15,1.35,0.479,0.502,3.99,699,132,81.12,62.37,74.96
841450000J0161,2.35,1.65,0.487,0.646,1.62,3599,1674,53.49,28.04,38.12
841270000C0536,2.45,1.4,0.495,0.446,7.12,2562,246,90.4,78.45,85.95
263770000H0542,1.6,1.35,0.325,0.524,20.5,328,11,96.65,93.6,95.12
831000000D0240,2.25,2.0,0.6,0.46,1.31,1484,668,54.99,2.16,23.92
070090000B0709,2.4,2.05,0.524,0.526,4.81,149,20,86.58,74.5,79.19
830260000D0374,1.95,1.95,0.501,0.462,15.14,1090,36,96.7,92.84,93.39
841370000A0745,2.25,1.4,0.44,0.683,1.65,2476,1181,52.3,30.17,39.46
84028000AO0010,2.0,1.4,0.45,0.709,2.59,2607,715,72.57,61.3,61.37
830990000C0075,2.15,2.15,0.577,0.349,1.81,4032,1390,65.53,1.12,44.82
26071000AC0015,2.6,1.5,0.508,0.469,1.55,452,220,51.33,0.0,35.62
841490000A0456,2.05,1.4,0.499,0.626,1.64,5338,2419,54.68,27.61,38.98
841380000M0141,2.4,1.4,0.518,0.507,4.11,4951,831,83.22,66.9,75.66
830270000B0095,2.3,1.95,0.576,0.425,1.71,1719,667,61.2,8.61,41.42
26345000BE0061,2.2,1.4,0.501,0.68,2.77,7728,1977,74.42,62.36,63.88
841060000C0924,2.15,1.4,0.544,0.56,2.47,2410,701,70.91,48.05,59.5
07152000ZB0108,1.3,1.35,0.384,0.553,1.45,329,182,44.68,0.0,31.0
84008000AO0140,2.5,1.65,0.534,0.371,2.83,1362,309,77.31,38.84,64.61
840220000A0054,2.25,1.4,0.479,0.702,2.5,1042,308,70.44,57.87,60.08
26345000AL0119,2.2,1.4,0.412,0.638,1.85,506,231,54.35,28.46,45.85
830180000C0378,,,,,,,,,,
13079000AT0126,2.0,1.9,0.58,0.459,1.35,1307,599,54.17,0.23,26.01
830260000F0429,2.4,2.1,0.501,0.387,10.31,897,43,95.21,87.63,90.3
830690000C0602,2.05,1.8,0.535,0.354,1.95,799,285,64.33,0.0,48.69
262330000C0180,2.4,1.4,0.432,0.648,3.73,1801,341,81.07,70.79,73.18
841260000B0534,2.25,1.4,0.527,0.443,3.05,13038,3093,76.28,46.4,67.22
841060000E1148,2.0,1.35,0.544,0.58,1.36,2051,1196,41.69,0.0,26.67
840150000A0373,2.35,1.4,0.292,0.64,4.54,381,64,83.2,73.75,77.95
830940000F0880,2.45,2.1,0.586,0.401,2.06,959,255,73.41,33.68,51.41
841370000A1192,2.4,1.4,0.391,0.689,3.48,937,199,78.76,69.16,71.29
840490000D1052,2.2,1.65,0.427,0.653,1.54,2428,1293,46.75,18.41,35.13
830720000I0104,2.25,2.15,0.587,0.408,3.94,4742,626,86.8,67.65,74.61
07042000BE0046,2.45,1.35,0.498,0.501,6.87,1792,187,89.56,79.19,85.44
841220000B0346,2.35,1.35,0.52,0.501,2.54,596,176,70.47,41.11,60.57
840960000F0310,2.1,1.4,0.492,0.417,3.03,725,197,72.83,34.9,67.03
840940000F0462,2.3,1.4,0.503,0.453,2.26,1336,446,66.62,26.35,55.69
840370000F0015,2.0,1.45,0.326,0.62,1.43,202,127,37.13,0.0,30.2
840960000C0170,2.1,1.4,0.375,0.578,2.18,546,199,63.55,37.0,54.03
13079000AZ0261,2.3,1.95,0.589,0.4,1.57,501,189,62.28,5.79,36.13
830180000B0468,1.8,1.8,0.451,0.495,15.74,1354,48,96.45,92.84,93.65
830120000G0054,1.8,1.75,0.397,0.377,67.44,3372,29,99.14,97.72,98.52
84124000AB0025,2.45,1.45,0.475,0.346,15.09,1796,83,95.38,86.64,93.37
83107000BK0090,2.45,2.0,0.614,0.468,2.78,1430,303,78.81,54.69,63.99
840950000B0166,,,,,,,,,,
07056000AE0195,2.0,1.35,0.454,0.586,1.38,213,126,40.85,0.0,27.7
840950000B1944,2.45,1.35,0.527,0.452,3.5,18343,3704,79.81,55.3,71.42
840390000E0275,1.7,1.2,0.451,0.473,1.62,3294,1570,52.34,0.0,38.19
841460000D0029,2.25,1.4,0.549,0.535,1.95,1974,733,62.87,30.6,48.78
84137000AC0077,2.45,1.4,0.532,0.558,1.88,468,192,58.97,26.5,46.79
263800000D0614,,,,,,,,,,
841360000C0723,2.1,1.3,0.329,0.77,1.63,797,398,50.06,35.13,38.52
840290000F0679,,,,,,,,,,
26377000AP0031,1.05,0.95,0.233,0.522,42.93,1975,24,98.78,97.67,97.67
830260000F1239,2.4,2.0,0.489,0.693,2.01,1000,377,62.3,45.6,50.3
84028000AM0128,2.25,1.3,0.274,0.907,5.4,3598,593,83.52,81.82,81.49
83101000AE0280,2.4,2.15,0.609,0.422,1.48,1289,444,65.55,18.46,32.27
84122000AM0041,2.55,1.3,0.432,0.63,1.36,1429,905,36.67,0.0,26.38
84127000AH0015,2.25,1.4,0.392,0.657,1.86,1572,719,54.26,30.41,46.37
84106000AB0086,2.1,1.4,0.521,0.646,1.97,1731,628,63.72,43.85,49.34
830210000L0165,,,,,,,,,,
26179000ZB0078,2.05,2.0,0.578,0.383,1.66,12335,4687,62.0,0.81,39.92
84036000BE0251,2.4,1.4,0.533,0.516,2.43,1332,373,72.0,45.72,58.86
830180000C0200,2.2,2.0,0.574,0.391,2.33,3090,885,71.36,26.8,57.06
840390000F0485,2.15,1.6,0.501,0.798,2.61,269,79,70.63,63.2,61.71
84028000AM0040,2.1,1.4,0.542,0.624,3.01,9934,2057,79.29,66.8,66.81
840200000I0049,1.35,0.85,0.227,0.333,243.11,6564,16,99.76,99.27,99.59
073120000B1203,,,,,,,,,,
071260000H0921,2.4,1.65,0.55,0.433,2.72,2916,684,76.54,45.78,63.24
26054000AK0235,2.2,1.4,0.536,0.477,1.64,3360,1553,53.78,3.1,39.14
841500000A0011,2.25,1.4,0.523,0.569,5.88,6852,837,87.78,78.52,83.0
263220000B0173,2.35,1.25,0.403,0.358,24.26,1383,54,96.1,89.08,95.88
840720000B0486,2.25,1.65,0.4,0.784,1.93,345,134,61.16,50.43,48.12
13087000AS0055,2.35,2.15,0.549,0.374,22.06,5073,122,97.6,93.57,95.47
07324000AX0078,2.0,1.95,0.595,0.47,1.42,388,179,53.87,1.8,29.64
26038000ZC0149,2.2,1.8,0.375,0.75,1.47,22,15,31.82,9.09,31.82
840370000C0964,2.3,1.65,0.56,0.474,1.8,7441,2754,62.99,21.92,44.34
83048000AZ0101,2.05,1.75,0.564,0.438,1.63,2357,1017,56.85,1.44,38.82
841260000F0365,2.15,1.1,0.309,0.855,8.55,1342,112,91.65,90.24,88.3
83112000DD0042,2.25,2.0,0.484,0.63,2.43,1408,447,68.25,49.57,58.88
070890000C1001,1.35,1.6,0.427,0.472,1.59,389,187,51.93,0.0,37.28
840530000C1068,2.35,1.4,0.421,0.691,1.34,4703,2879,38.78,11.42,25.39
840300000D1396,2.0,1.65,0.546,0.53,1.47,318,150,52.83,11.01,31.76
840960000F0278,2.1,1.4,0.507,0.573,3.19,980,215,78.06,61.73,68.67
831000000A1283,1.95,2.0,0.582,0.423,1.48,4650,1995,57.1,0.0,32.39
841090000C0032,1.95,1.5,0.38,0.404,18.73,562,19,96.62,91.64,94.66
840960000E0597,2.35,1.4,0.543,0.528,1.91,1361,507,62.75,29.39,47.69
84081000BE0038,2.05,1.4,0.405,0.58,2.04,774,303,60.85,32.56,51.03
07264000AS0202,2.2,1.4,0.531,0.516,1.68,2460,1044,57.56,17.68,40.45
840450000C0141,2.25,1.4,0.517,0.525,3.28,656,157,76.07,54.42,69.51
26367000AI0020,2.4,1.4,0.546,0.49,2.06,2567,897,65.06,28.67,51.5
26377000AH0090,2.35,1.35,0.533,0.477,2.79,3714,1008,72.86,43.08,64.11
84118000AR0338,2.45,1.65,0.562,0.428,1.64,1189,483,59.38,5.05,39.11
26054000AM0010,2.4,1.4,0.366,0.765,1.57,625,326,47.84,31.84,36.16
830490000D0244,2.45,2.1,0.518,0.619,1.26,742,451,39.22,1.75,20.62
830830000C0146,2.5,2.0,0.569,0.8,2.55,303,96,68.32,60.4,60.73
840370000E0595,2.4,1.65,0.57,0.535,2.07,2230,654,70.67,45.2,51.75
840370000G0289,2.0,1.4,0.543,0.507,1.58,659,337,48.86,0.0,36.87
84082000AK0107,2.35,1.65,0.504,0.64,1.62,938,449,52.13,25.16,38.27
84104000AI0002,2.2,1.4,0.527,0.507,2.2,7010,2255,67.83,36.6,54.47
830490000E1541,2.0,2.05,0.604,0.467,1.3,3775,1744,53.8,1.03,23.1
841380000Q0439,2.5,1.4,0.492,0.418,5.69,700,89,87.29,69.57,82.43
841380000S0371,1.55,0.85,0.246,0.526,330.6,4959,10,99.8,99.62,99.7
07042000AZ0219,2.35,1.4,0.539,0.461,1.69,1680,778,53.69,0.0,40.71
26038000ZB0054,1.9,2.0,0.589,0.502,1.23,962,488,49.27,0.0,18.92
840300000D0596,2.15,1.65,0.545,0.604,2.69,333,90,72.97,55.26,62.76
840260000E0414,2.5,1.15,0.451,0.467,11.72,1863,133,92.86,84.7,91.47
84118000AP0153,2.3,1.65,0.562,0.488,1.74,731,278,61.97,22.02,42.54
84028000AO0201,2.25,1.4,0.536,0.546,2.62,1451,382,73.67,51.83,61.82
830460000E1715,2.5,2.1,0.606,0.42,1.94,4391,1137,74.11,38.37,48.53
830420000A0509,2.2,2.15,0.59,0.373,2.36,3696,939,74.59,31.93,57.58
072590000A1658,2.5,1.4,0.419,0.675,2.41,2706,848,68.66,53.55,58.5
070130000B0813,1.85,1.25,0.51,0.521,1.7,656,337,48.63,1.37,41.01
840390000G0871,2.25,1.65,0.574,0.526,2.27,1492,390,73.86,50.27,55.97
262330000C0707,2.45,1.4,0.517,0.716,2.57,737,204,72.32,61.33,61.06
841170000B1029,2.1,1.4,0.426,0.739,3.91,1741,317,81.79,75.36,74.44
83104000BV0053,2.3,2.05,0.597,0.397,1.76,839,300,64.24,10.01,43.03
84031000AD0092,2.25,1.65,0.551,0.475,1.88,595,210,64.71,25.71,46.72
841480000E0166,,,,,,,,,,
831540000E1655,,,,,,,,,,
261560000B0807,1.4,1.45,0.386,0.659,1.26,710,466,34.37,0.42,20.56
070890000C1000,1.85,1.75,0.5,0.402,1.73,999,410,58.96,0.0,42.34
26377000AM0050,2.4,1.35,0.496,0.523,3.45,1561,345,77.9,57.72,71.04
13050000BP0042,2.5,2.05,0.62,0.427,1.75,7169,2187,69.49,28.5,42.89
840100000A0090,2.4,1.35,0.527,0.475,2.69,1524,411,73.03,43.18,62.8
830560000C0254,2.25,1.85,0.466,0.452,7.28,233,14,93.99,86.7,86.27
830670000D0683,2.45,1.5,0.484,0.548,1.5,2960,1607,45.71,0.98,33.34
840940000E0623,2.4,1.4,0.519,0.439,4.83,4645,675,85.47,66.87,79.29
13079000AH0019,2.55,2.05,0.559,0.376,2.21,3135,907,71.07,23.06,54.77
841500000G0437,2.2,1.15,0.322,0.64,1.33,1997,1254,37.21,1.9,24.99
830940000B0472,2.45,2.05,0.598,0.497,1.68,1200,392,67.33,34.33,40.5
840160000K1088,2.1,1.65,0.57,0.536,1.48,2482,1102,55.6,17.16,32.31
840960000B0009,2.3,1.4,0.504,0.419,3.18,2013,477,76.3,43.42,68.55
84138000BB0002,2.5,1.4,0.559,0.486,1.64,950,455,52.11,1.37,38.84
840370000E0688,2.05,1.65,0.529,0.577,1.55,1316,580,55.93,23.56,35.49
840470000D0530,2.25,1.45,0.515,0.576,2.88,524,133,74.62,55.92,65.27
830350000A1055,2.35,2.1,0.577,0.399,2.87,2664,612,77.03,42.38,65.13
840490000C0105,2.5,1.45,0.524,0.512,4.06,2190,369,83.15,67.12,75.34
840960000B0413,2.05,1.4,0.531,0.573,1.62,1234,603,51.13,14.75,38.09
263800000C0645,2.05,1.85,0.535,0.432,1.79,235,101,57.02,0.43,44.26
841160000C0162,2.2,1.4,0.518,0.616,3.76,252,53,78.97,65.87,73.41
26377000AM0405,2.35,1.35,0.51,0.396,2.45,714,235,67.09,16.95,59.24
830310000H0175,2.4,2.15,0.57,0.337,5.6,5692,511,91.02,73.38,82.15
840390000G0337,2.1,1.65,0.582,0.559,1.26,926,520,43.84,0.0,20.73
830920000A0676,2.25,2.15,0.56,0.381,1.91,1197,419,65.0,8.02,47.62
84104000AB0059,2.1,1.2,0.436,0.685,9.39,2066,161,92.21,88.63,89.35
261790000C0242,1.95,2.0,0.578,0.615,3.15,557,104,81.33,69.66,68.22
84046000AM0376,2.65,1.65,0.375,0.625,1.82,20,10,50.0,20.0,45.0
83062000AL0207,2.5,2.1,0.609,0.411,1.39,2869,1179,58.91,0.07,27.85
84127000AY0024,2.25,1.35,0.494,0.376,3.95,312,68,78.21,41.99,74.68
840390000G1198,1.95,1.6,0.431,0.707,1.77,145,65,55.17,36.55,43.45
841360000A0122,2.05,1.15,0.385,0.514,15.81,822,38,95.38,91.0,93.67
830570000D0307,1.8,1.4,0.454,0.453,1.66,397,192,51.64,0.0,39.8
072680000B0341,2.45,1.4,0.55,0.511,3.25,1446,308,78.7,58.3,69.23
830260000C0212,2.45,1.95,0.583,0.501,3.51,2579,379,85.3,70.65,71.5
263800000C0732,1.85,1.85,0.543,0.521,1.35,710,374,47.32,0.0,25.77
070150000C0830,2.5,1.8,0.552,0.452,1.7,359,154,57.1,5.01,41.23
840720000C0172,2.15,1.45,0.533,0.547,3.26,1357,312,77.01,58.0,69.34
841160000A1186,2.25,1.05,0.354,0.61,25.44,1043,36,96.55,94.34,96.07
262330000B0370,2.45,1.4,0.485,0.436,2.47,5885,1837,68.79,28.43,59.46
84004000AP0095,1.9,1.25,0.45,0.487,10.54,3087,213,93.1,85.84,90.51
84106000AR0017,2.4,1.4,0.55,0.558,2.61,735,217,70.48,47.07,61.63
840720000A0116,2.1,1.65,0.556,0.57,1.98,283,106,62.54,34.28,49.47
830270000G1843,2.35,2.0,0.591,0.442,2.24,2207,612,72.27,37.25,55.32
841130000C0683,2.3,1.35,0.528,0.465,2.12,1186,432,63.58,21.67,52.78
840520000C0083,2.4,1.35,0.528,0.467,2.59,1884,547,70.97,37.85,61.41
263480000D0121,2.45,1.4,0.527,0.48,1.81,576,249,56.77,9.9,44.62
840140000J0363,2.5,1.35,0.48,0.56,2.06,16725,6212,62.86,33.67,51.51
830310000C0090,2.4,1.5,0.448,0.446,31.55,1546,29,98.12,95.8,96.83
84082000AZ0045,2.35,1.4,0.223,0.24,99.44,895,6,99.33,97.21,98.99
830350000B0744,2.1,2.15,0.617,0.523,1.27,674,314,53.41,10.98,21.36
07143000AL0525,1.75,1.15,0.466,0.531,1.58,581,313,46.13,0.0,36.66
261560000C0076,2.15,2.1,0.593,0.379,1.84,986,338,65.72,9.63,45.74
84122000AP0106,2.4,1.35,0.386,0.409,12.12,485,27,94.43,86.39,91.75
83050000BM0297,2.4,2.15,0.561,0.449,3.41,464,89,80.82,57.33,70.69
840560000B0053,2.35,1.4,0.528,0.516,2.67,2784,738,73.49,48.64,62.61
840370000E1476,2.2,1.65,0.553,0.59,4.05,1784,268,84.98,74.55,75.28
840720000E0125,2.2,1.65,0.568,0.492,1.43,1877,851,54.66,7.88,29.94
830080000E0577,2.4,2.0,0.531,0.413,7.12,854,78,90.87,77.87,85.95
841500000E0799,2.25,1.4,0.383,0.69,1.47,5475,2963,45.88,21.53,31.78
84018000AH0040,2.3,1.65,0.584,0.542,2.37,386,122,68.39,41.71,57.77
830260000D0208,2.05,2.0,0.401,0.583,53.87,1616,14,99.13,98.51,98.14
263770000B0072,2.35,1.35,0.528,0.525,3.54,5360,1071,80.02,61.92,71.72
830850000A0678,2.0,1.4,0.526,0.451,1.83,731,327,55.27,0.82,45.28
831250000D0183,2.3,2.05,0.617,0.481,1.36,1033,428,58.57,13.94,26.23
830260000F0660,2.45,1.75,0.276,0.417,19.73,217,5,97.7,94.47,94.93
841460000A0428,2.4,1.35,0.534,0.54,2.25,243,95,60.91,27.57,55.56
07228000AC0106,2.2,2.15,0.606,0.494,1.63,1136,357,68.57,36.36,38.64
263570000Y0059,2.1,1.4,0.493,0.712,2.97,1195,296,75.23,65.19,66.36
07264000AL0004,2.15,1.4,0.482,0.615,14.06,1617,83,94.87,91.65,92.89
840020000A0635,2.0,1.35,0.524,0.485,1.82,2257,987,56.27,9.75,45.15
830940000F0458,2.45,2.15,0.588,0.349,2.13,1300,400,69.23,11.92,53.0
26054000AD0097,1.95,1.15,0.504,0.515,1.66,1083,566,47.74,0.0,39.7
831250000C0133,2.25,2.1,0.627,0.47,1.23,658,299,54.56,3.34,18.84
262330000A0269,2.4,1.4,0.476,0.65,1.95,1534,617,59.78,38.14,48.7
830490000F0291,2.65,2.05,0.566,0.549,3.11,333,56,83.18,69.37,67.87
831400000B0958,2.1,2.0,0.555,0.566,4.25,501,73,85.43,74.25,76.45
841380000K0372,2.4,1.4,0.407,0.71,1.42,2649,1533,42.13,18.5,29.6
830730000F0736,2.05,1.95,0.548,0.42,6.91,1278,113,91.16,78.95,85.52
840970000E0277,2.2,1.4,0.541,0.507,1.7,1894,833,56.02,13.31,41.24
830730000D0129,2.45,1.95,0.527,0.298,6.57,1334,130,90.25,67.32,84.78
840570000D0277,,,,,,,,,,
841380000M0289,,,,,,,,,,
830880000B0049,2.05,2.15,0.615,0.476,1.49,996,394,60.44,16.97,32.73
840770000C0269,2.25,1.6,0.554,0.53,1.81,1241,482,61.16,26.67,44.88
841260000F1997,2.65,1.4,0.533,0.464,2.05,611,228,62.68,19.64,51.23
263570000P0236,2.0,1.35,0.543,0.587,1.47,417,236,43.41,3.6,32.13
830370000A0055,,,,,,,,,,
840510000G0291,,,,,,,,,,
830910000C0459,2.4,1.9,0.532,0.504,1.51,577,295,48.87,0.0,33.97
841160000A0938,2.4,1.4,0.456,0.551,4.63,5329,840,84.24,71.4,78.38
84039000AA0001,2.0,1.65,0.387,0.678,1.35,1139,705,38.1,8.69,25.9
840720000F1022,2.35,1.6,0.548,0.506,2.6,1520,359,76.38,53.36,61.58
830510000F0590,2.35,1.7,0.435,0.434,32.59,1043,23,97.79,94.92,96.93
83101000AD0813,2.4,1.95,0.609,0.449,1.68,11342,3727,67.14,26.81,40.32
070150000A0233,1.8,1.2,0.479,0.512,1.5,874,463,47.03,0.0,33.52
26071000AC0260,2.45,2.05,0.489,0.723,2.06,107,47,56.07,39.25,51.4
26220000AT0015,2.4,1.4,0.539,0.467,1.83,2428,987,59.35,13.01,45.26
83096000AC0561,2.4,2.15,0.523,0.579,1.96,2052,857,58.24,27.83,48.88
261820000G0676,2.25,1.4,0.513,0.433,2.82,5070,1245,75.44,43.25,64.56
840370000F0629,2.45,1.65,0.578,0.536,3.38,1233,252,79.56,61.88,70.4
263800000D0810,2.0,1.55,0.549,0.515,1.52,502,259,48.41,0.0,34.06
841260000A0769,2.0,1.4,0.37,0.731,1.48,5146,2800,45.59,25.55,32.34
26271000ZB0316,2.5,2.0,0.599,0.392,1.59,3771,1469,61.04,0.66,37.2
072640000B0106,2.15,1.2,0.487,0.688,7.96,899,97,89.21,84.32,87.43
84104000AI0393,,,,,,,,,,
840490000E1052,2.15,1.65,0.418,0.567,1.62,359,191,46.8,6.13,38.44
841360000A0176,2.3,1.35,0.53,0.52,2.13,3046,1047,65.63,33.91,53.05
840160000A2182,2.4,1.65,0.568,0.456,2.31,3259,909,72.11,38.78,56.7
840520000F0977,2.5,1.35,0.478,0.46,2.89,3633,1009,72.23,39.64,65.35
073170000C0338,2.65,1.95,0.508,0.456,1.79,211,94,55.45,2.37,44.08
840490000C0120,2.15,1.65,0.565,0.496,1.46,1800,806,55.22,9.78,31.28
84088000BL0255,2.15,1.65,0.535,0.598,1.77,1701,660,61.2,35.16,43.62
26360000ZC0156,2.3,1.65,0.545,0.429,3.26,7762,1486,80.86,55.36,69.3
83130000BB0017,,,,,,,,,,
841080000B0840,2.15,1.65,0.565,0.499,2.22,3324,970,70.82,41.52,55.05
84028000AI0082,2.2,1.4,0.504,0.576,3.07,11824,2697,77.19,60.39,67.43
840960000B0934,2.3,1.4,0.543,0.493,2.92,4375,1084,75.22,49.78,65.76
84145000AE0151,2.0,1.65,0.558,0.46,1.54,3826,1737,54.6,1.25,34.89
26377000AK0204,2.4,1.35,0.514,0.497,1.98,2744,1044,61.95,23.47,49.53
840560000A0367,2.4,1.2,0.467,0.541,20.85,3107,112,96.4,93.34,95.2
841500000F0428,2.35,1.35,0.473,0.453,2.14,122,48,60.66,13.11,53.28
07279000AN0152,2.35,1.65,0.562,0.508,2.73,1391,317,77.21,55.14,63.34
83112000CW0076,2.3,2.0,0.535,0.478,2.66,450,110,75.56,48.89,62.44
840290000E0603,2.45,1.4,0.543,0.464,1.97,1236,462,62.62,19.5,49.27
841260000F1728,2.5,1.4,0.53,0.597,4.28,428,71,83.41,72.2,76.64
840450000C1386,2.5,1.4,0.519,0.378,2.34,4038,1304,67.71,14.64,57.36
830490000G1130,2.3,1.9,0.549,0.464,1.65,284,124,56.34,5.99,39.44
261820000G0103,2.5,1.4,0.471,0.619,2.58,761,227,70.17,51.77,61.24
84122000CA0155,2.35,1.35,0.53,0.441,1.82,19366,7791,59.77,8.72,45.2
83086000AK0326,2.5,1.95,0.596,0.533,2.89,807,160,80.17,62.83,65.43
071690000B0721,2.3,2.05,0.563,0.344,2.26,2397,729,69.59,11.51,55.82
830260000F0555,2.2,2.1,0.547,0.455,7.82,1533,97,93.67,86.11,87.21
841330000C0794,2.3,1.35,0.522,0.475,4.02,6741,1210,82.05,62.17,75.15
841260000F1535,2.2,1.4,0.521,0.569,2.85,1569,407,74.06,54.43,64.95
830270000C0190,2.3,2.15,0.592,0.375,1.73,1677,571,65.95,9.24,42.04
841500000C0021,2.3,1.4,0.49,0.589,1.34,5261,3132,40.47,0.0,25.39
84104000AI0121,2.2,1.25,0.363,0.489,30.21,1752,44,97.49,94.86,96.69
841500000D0208,2.15,1.4,0.508,0.537,2.11,524,180,65.65,36.07,52.67
840140000I0118,2.5,1.35,0.467,0.528,2.58,6875,2023,70.57,44.23,61.22
840250000C0118,2.4,1.65,0.57,0.448,1.54,8498,3428,59.66,10.03,35.23
07143000AK0633,1.65,1.8,0.495,0.497,1.52,144,76,47.22,0.0,34.03
830250000D0080,2.15,1.9,0.521,0.329,16.3,4401,175,96.02,87.91,93.87
13001000NP0073,2.5,2.0,0.537,0.572,1.43,8156,4318,47.06,7.47,30.06
830490000D2072,2.35,2.05,0.581,0.483,4.74,2779,322,88.41,76.03,78.91
263220000A0270,2.05,1.4,0.462,0.411,6.94,708,76,89.27,73.87,85.59
840490000C0157,1.65,1.35,0.413,0.465,20.43,6230,185,97.03,93.61,95.1
262750000A0204,2.5,1.35,0.477,0.416,15.47,2553,116,95.46,89.07,93.54
263570000I0236,2.5,1.4,0.518,0.487,7.43,3262,294,90.99,81.48,86.54
26345000BL0189,2.0,1.3,0.428,0.458,1.78,1284,594,53.74,0.0,43.69
841380000L0218,2.25,1.4,0.479,0.482,4.46,967,157,83.76,66.29,77.56
26071000ZE0091,1.95,1.25,0.517,0.506,1.67,13945,7082,49.21,0.0,40.08
83097000AR0006,2.5,1.95,0.573,0.496,1.44,2301,1131,50.85,0.96,30.38
840870000C0511,2.5,1.65,0.404,0.717,1.7,936,461,50.75,31.3,41.24
841500000A0047,2.45,1.4,0.529,0.489,4.12,3194,512,83.97,67.25,75.74
840720000I0827,2.3,1.6,0.473,0.733,1.68,363,165,54.55,38.02,40.5
072590000A1563,2.25,1.4,0.53,0.498,2.77,5207,1321,74.63,49.07,63.84
262850000C0855,2.3,1.4,0.502,0.542,2.94,1113,271,75.65,55.08,65.95
840370000A0164,2.25,1.65,0.584,0.552,1.36,1204,578,51.99,13.04,26.41
84118000AW0714,2.1,1.6,0.573,0.493,1.51,714,327,54.2,7.14,33.75
830350000A1029,2.25,2.0,0.546,0.45,4.16,728,113,84.48,65.52,75.96
07042000AI0176,2.25,1.4,0.431,0.708,1.87,2731,1122,58.92,42.0,46.65
830510000F0423,2.45,2.15,0.574,0.355,3.58,2063,313,84.83,57.25,72.03
830480000B4896,2.55,2.05,0.473,0.375,4.55,519,95,81.7,51.25,78.03
830320000B0153,2.5,2.0,0.605,0.448,2.3,1101,252,77.11,48.86,56.49
840160000F0538,,,,,,,,,,
830040000A0302,2.15,1.95,0.267,0.429,53.17,638,6,99.06,97.81,98.12
84104000AI0133,2.05,1.4,0.54,0.508,1.54,2485,1244,49.94,1.53,34.93
840890000B0127,2.2,1.35,0.53,0.513,2.64,6015,1622,73.03,47.46,62.18
84008000AS0514,2.45,1.6,0.532,0.373,2.2,110,41,62.73,0.0,54.55
26054000AE0242,2.15,1.35,0.522,0.5,1.65,1290,634,50.85,1.63,39.22
841500000G0561,2.5,1.4,0.495,0.369,2.27,605,223,63.14,0.0,56.03
84028000BC0126,2.1,1.4,0.52,0.602,3.82,879,168,80.89,68.26,73.83
84118000AP0015,2.45,1.6,0.405,0.623,1.32,53,33,37.74,0.0,24.53
13079000AZ0016,2.35,1.95,0.605,0.521,1.85,1471,436,70.36,43.1,46.09
130910000C1600,2.0,1.5,0.556,0.491,1.54,2671,1318,50.66,0.0,35.16
841370000B0430,2.45,1.4,0.546,0.496,1.94,1790,699,60.95,21.28,48.55
840510000D0401,,,,,,,,,,
840020000B0466,2.45,1.35,0.391,0.727,2.47,1385,440,68.23,56.32,59.57
840420000E0203,,,,,,,,,,
841150000C0353,2.25,1.6,0.42,0.823,2.8,1282,345,73.09,67.32,64.27
840940000A0090,2.5,1.4,0.533,0.457,2.58,9880,2619,73.49,42.03,61.23
840170000F2609,2.35,1.55,0.544,0.521,2.35,324,100,69.14,40.74,57.41
840720000A0371,2.1,1.55,0.529,0.601,4.33,1082,164,84.84,74.77,76.89
830580000I0007,2.45,2.15,0.569,0.582,1.5,2156,1082,49.81,13.78,33.12
840960000E0282,1.9,0.95,0.304,0.65,21.93,329,13,96.05,93.92,95.44
840170000E0929,2.25,1.6,0.515,0.505,4.98,1722,208,87.92,76.07,79.91
840780000E1016,2.5,1.4,0.534,0.45,2.09,1707,608,64.38,20.91,52.26
073080000D0358,2.35,1.95,0.436,0.432,1.95,1352,585,56.73,0.0,48.82
830310000H0090,2.4,1.9,0.494,0.704,10.28,1131,76,93.28,90.45,90.27
84106000AB0089,2.0,1.2,0.369,0.746,4.1,1836,317,82.73,76.85,75.6
83148000BV0163,2.2,2.1,0.594,0.457,5.22,2225,224,89.93,77.98,80.85
26317000AE0267,2.55,1.4,0.524,0.542,2.85,610,160,73.77,51.64,64.92
26317000AL0049,2.45,1.4,0.535,0.487,3.35,1145,235,79.48,57.82,70.13
84122000AS0245,2.4,1.35,0.531,0.501,2.82,1857,497,73.24,46.58,64.57
841060000C0863,2.15,1.4,0.539,0.526,1.47,1426,716,49.79,4.49,31.91
073130000B0734,1.85,1.35,0.505,0.517,1.52,352,185,47.44,0.0,34.38
84018000AD0268,2.5,1.65,0.509,0.445,13.43,1222,57,95.34,89.53,92.55
84041000AD0286,2.1,1.45,0.505,0.58,7.77,497,47,90.54,83.7,87.12
830920000A0071,2.5,2.1,0.57,0.304,2.23,3050,906,70.3,2.13,55.25
84106000ZC0005,1.4,1.15,0.292,0.535,33.44,1371,23,98.32,96.86,97.01
840300000D0580,2.2,1.65,0.42,0.782,2.57,504,161,68.06,59.13,61.11
840960000B0032,2.1,1.4,0.54,0.531,1.84,2022,826,59.15,23.05,45.65
840440000D1489,2.35,1.65,0.46,0.67,2.62,1465,415,71.67,57.75,61.84
831430000E0124,,,,,,,,,,
263800000D0618,2.3,1.95,0.504,0.552,1.77,39,16,58.97,25.64,43.59
830320000A0497,2.05,2.0,0.412,0.321,24.94,873,17,98.05,93.93,95.99
831340000B0492,2.35,2.1,0.6,0.398,3.32,17923,2908,83.78,59.2,69.84
26038000ZE0015,2.35,2.15,0.591,0.367,1.98,7782,2262,70.93,20.89,49.46
263570000X0406,2.1,1.4,0.355,0.689,1.77,3373,1492,55.77,35.75,43.34
13082000BL0024,2.5,1.65,0.501,0.537,1.5,3528,1869,47.02,1.39,33.36
07228000AL0151,2.0,2.0,0.595,0.483,1.5,327,153,53.21,3.06,33.33
830910000A0538,2.5,1.95,0.551,0.343,6.81,4012,334,91.67,75.72,85.32
84069000AK0070,2.1,1.65,0.491,0.6,14.76,1904,75,96.06,93.43,93.22
84078000ZL0152,2.25,1.4,0.41,0.737,1.8,8414,3603,57.18,41.93,44.39
840370000C0140,2.05,1.65,0.576,0.676,2.81,312,73,76.6,65.38,64.42
26345000AZ0100,2.1,1.4,0.546,0.59,1.79,2172,812,62.62,36.6,44.24
840830000B0154,2.2,1.35,0.5,0.592,3.14,220,58,73.64,55.45,68.18
840260000B0070,,,,,,,,,,
830910000C0721,2.3,1.95,0.52,0.554,2.11,285,108,62.11,31.58,52.63
84053000ZH0031,2.5,1.4,0.408,0.711,1.46,2250,1234,45.16,22.84,31.29
84028000AH0211,2.0,1.4,0.498,0.637,6.73,1245,128,89.72,83.86,85.14
841360000C0671,2.15,1.35,0.372,0.756,1.57,1674,827,50.6,34.65,36.2
070970000C0346,2.45,2.05,0.567,0.461,1.81,226,82,63.72,21.24,44.69
841170000B0538,2.35,1.4,0.542,0.497,2.53,3461,980,71.68,43.08,60.44
840370000D0462,2.15,1.65,0.554,0.465,1.49,7489,3302,55.91,5.26,32.87
263570000B0417,2.2,1.4,0.503,0.574,2.51,1746,509,70.85,49.2,60.19
07042000BC0280,,,,,,,,,,
13113000BK0206,2.6,2.1,0.597,0.351,2.37,5422,1283,76.34,32.61,57.89
840490000A0323,2.45,1.65,0.574,0.491,2.31,522,144,72.41,43.87,56.7
84012000AH0119,2.2,1.25,0.398,0.741,4.35,1892,327,82.72,76.69,77.01
261190000C1645,1.65,1.5,0.482,0.59,1.31,228,135,40.79,0.0,23.68
84081000AV0081,2.6,1.4,0.522,0.44,2.6,723,203,71.92,36.24,61.55
840490000B0390,2.2,1.65,0.524,0.565,3.5,952,166,82.56,69.12,71.43
840960000B0910,,,,,,,,,,
840840000C0770,2.0,1.35,0.528,0.479,1.67,1271,603,52.56,0.87,40.28
841460000B0199,2.2,1.35,0.364,0.765,3.49,272,62,77.21,70.22,71.32
073450000A0095,1.3,1.6,0.435,0.509,1.65,282,144,48.94,0.0,39.36
830490000D0829,2.1,2.05,0.617,0.481,1.19,1384,674,51.3,0.0,15.82
840520000F0829,2.55,1.35,0.497,0.434,2.16,4022,1465,63.58,16.06,53.78
83097000AK0082,2.05,2.1,0.587,0.436,1.93,747,244,67.34,25.03,48.19
840420000C1282,2.5,1.35,0.522,0.461,1.95,9733,3756,61.41,16.37,48.82
841330000D1197,2.4,1.35,0.513,0.459,2.01,5587,2167,61.21,15.55,50.13
840370000F0313,2.05,1.6,0.512,0.592,3.12,212,45,78.77,64.15,67.92
830350000B0709,2.2,2.0,0.444,0.642,4.68,674,111,83.53,74.33,78.64
262750000L0296,2.0,1.4,0.378,0.681,1.97,2950,1204,59.19,40.1,49.29
261920000B0196,2.45,1.4,0.504,0.404,4.5,2411,373,84.53,61.72,77.77
263570000D0126,2.35,1.4,0.53,0.474,1.73,1774,837,52.82,0.45,42.28
830310000F0426,2.0,2.05,0.599,0.56,2.5,877,182,79.25,62.94,59.98
84008000AC0140,2.15,1.6,0.543,0.498,1.52,1355,662,51.14,1.99,34.24
840720000I0070,2.25,1.65,0.442,0.709,2.74,1677,467,72.15,60.7,63.57
840890000I0588,2.15,1.35,0.536,0.524,3.07,7262,1698,76.62,55.36,67.46
261800000C0480,2.35,1.4,0.419,0.746,1.64,574,270,52.96,36.93,38.85
841400000D0117,2.5,1.35,0.501,0.377,2.49,8370,2552,69.51,19.03,59.87
26377000ZA0073,2.45,1.35,0.517,0.467,4.79,1849,274,85.18,68.25,79.12
830510000D0161,2.45,2.15,0.568,0.38,4.32,1429,156,89.08,71.31,76.84
841260000C0074,2.4,1.4,0.514,0.48,5.45,3394,431,87.3,73.54,81.64
840220000B0416,2.15,1.4,0.519,0.473,2.22,2625,865,67.05,30.32,54.9
841060000A0967,2.15,1.4,0.541,0.533,1.55,2212,1086,50.9,7.87,35.44
261820000G1344,2.35,1.4,0.451,0.566,1.57,2376,1249,47.43,7.07,36.15
840390000F1101,2.15,1.55,0.507,0.622,5.13,770,97,87.4,79.74,80.52
84129000AV0066,2.0,1.5,0.457,0.533,5.71,440,56,87.27,76.14,82.5
26345000BK0250,2.05,1.4,0.495,0.729,2.23,788,274,65.23,52.28,55.2
07228000AA0404,1.85,2.0,0.475,0.375,9.74,750,42,94.4,85.07,89.73
84141000BA0314,1.7,1.1,0.302,0.594,16.57,464,19,95.91,93.1,93.97
07143000AB0399,1.3,1.1,0.359,0.524,1.43,969,527,45.61,0.0,30.24
830310000B0208,2.1,1.95,0.571,0.58,6.13,3335,261,92.17,86.51,83.69
84012000AD0036,2.1,1.25,0.519,0.573,3.13,2226,543,75.61,57.46,68.06
26054000AK0248,2.45,1.4,0.513,0.482,1.69,460,211,54.13,4.78,40.87
840490000A0579,2.2,1.65,0.507,0.517,4.2,1610,272,83.11,67.33,76.21
830480000B1008,1.95,1.85,0.58,0.507,1.29,1129,587,48.01,0.0,22.59
840970000C0430,2.05,1.4,0.541,0.56,2.01,7524,2663,64.61,36.84,50.33
263220000A0273,2.4,1.4,0.48,0.387,5.19,1758,248,85.89,63.54,80.72
263480000E0305,2.4,1.4,0.393,0.664,1.88,8738,3585,58.97,38.22,46.8
841380000H0282,2.45,1.15,0.449,0.539,7.15,665,76,88.57,78.8,86.02
263570000N0088,2.25,1.4,0.543,0.51,1.79,2549,1036,59.36,20.36,44.13
841090000C0297,1.35,1.0,0.293,0.651,54.06,2541,28,98.9,98.31,98.15
26220000AH0093,2.4,1.4,0.511,0.447,8.83,4563,349,92.35,82.91,88.67
841380000B0036,1.65,1.2,0.412,0.644,22.32,5023,130,97.41,95.98,95.52
841500000E0446,2.45,1.4,0.518,0.422,3.11,4800,1087,77.35,46.38,67.85
26220000AK0088,2.5,1.4,0.499,0.467,2.62,8304,2336,71.87,39.73,61.87
263570000Y0316,2.1,1.4,0.366,0.729,1.64,966,475,50.83,32.51,38.92
840870000K0755,2.0,1.65,0.498,0.618,2.31,4923,1435,70.85,52.85,56.77
262850000D0461,2.35,1.4,0.544,0.542,3.2,445,109,75.51,54.83,68.76
830260000D0256,2.3,2.05,0.597,0.399,2.95,12594,2283,81.87,54.6,66.09
830040000B0947,1.3,1.3,0.295,0.629,68.32,2801,22,99.21,98.75,98.54
84073000AN0409,2.25,1.35,0.353,0.71,10.13,2886,201,93.04,90.19,90.12
262750000C0621,2.05,1.4,0.503,0.557,6.77,2524,235,90.69,83.28,85.22
841330000A0281,2.4,1.35,0.522,0.508,2.93,1053,266,74.74,50.24,65.91
263570000Y0293,,,,,,,,,,
841060000E0032,2.05,0.95,0.238,0.778,13.04,365,21,94.25,92.6,92.33
26271000ZE0093,2.5,2.05,0.628,0.423,1.45,718,276,61.56,9.19,31.06
26367000AB0290,2.5,1.4,0.546,0.521,2.93,2908,683,76.51,54.95,65.82
840300000B0449,2.4,1.65,0.578,0.539,3.11,1208,234,80.63,64.07,67.88
13087000AP0108,2.0,1.65,0.561,0.461,1.44,3589,1689,52.94,0.0,30.31
840160000A1571,2.15,1.6,0.551,0.543,1.95,547,196,64.17,34.0,48.63
26345000BC0131,2.25,1.35,0.445,0.691,2.83,3052,915,70.02,56.59,64.68
830960000A0068,2.0,1.95,0.618,0.673,3.02,564,115,79.61,69.68,66.84
072450000D0815,1.4,1.5,0.43,0.503,1.44,2458,1239,49.59,0.0,30.68
841150000B0025,2.15,1.65,0.445,0.549,1.71,803,375,53.3,14.94,41.59
263570000M0017,2.0,1.4,0.54,0.59,2.12,2383,808,66.09,42.51,52.87
84036000AZ0135,2.05,1.4,0.454,0.568,2.51,316,105,66.77,41.46,60.13
830420000B0819,2.4,2.15,0.525,0.695,1.74,1311,533,59.34,41.5,42.41
13110000BY0022,2.65,2.05,0.433,0.365,2.54,117,42,64.1,1.71,60.68
84050000AL0191,2.4,1.65,0.531,0.488,4.96,1056,120,88.64,76.7,79.83
261790000A0103,2.45,1.9,0.569,0.392,2.47,705,196,72.2,29.08,59.43
261920000B0029,2.35,1.4,0.511,0.573,2.65,373,118,68.36,44.77,62.2
841220000A0680,2.5,1.35,0.433,0.455,6.56,164,20,87.8,73.17,84.76
841170000A0085,2.15,1.4,0.459,0.672,1.41,2067,1137,44.99,18.19,28.93
830940000E0685,1.6,1.35,0.469,0.541,1.61,113,60,46.9,1.77,38.05
84036000BC0074,2.3,1.4,0.536,0.478,2.16,1241,417,66.4,29.65,53.75
263570000L0266,2.05,1.4,0.53,0.581,2.41,1154,323,72.01,51.82,58.58
840660000A0516,2.4,1.6,0.518,0.398,4.1,1453,265,81.76,54.23,75.64
841460000D0758,2.3,1.4,0.355,0.809,1.67,1134,549,51.59,40.12,40.12
13050000BS0042,2.5,2.15,0.484,0.579,5.06,476,66,86.13,76.05,80.25
830670000D1219,2.35,1.55,0.435,0.654,1.25,314,214,31.85,0.0,20.06
26345000AP0095,2.15,1.4,0.495,0.469,2.17,1162,414,64.37,24.01,53.87
841500000D0162,2.3,1.4,0.419,0.603,1.67,4007,1742,56.53,27.9,40.1
07345000ZC0331,2.55,1.65,0.541,0.544,1.53,253,143,43.48,0.0,34.78
831000000F0995,2.1,2.0,0.578,0.394,2.43,27663,7442,73.1,31.67,58.81
840940000A0072,2.4,1.35,0.52,0.6,1.68,1088,502,53.86,23.16,40.62
841220000H0011,2.2,1.35,0.323,0.718,1.56,1706,921,46.01,24.85,35.93
84135000AZ0025,2.5,1.25,0.401,0.376,16.62,798,35,95.61,88.35,93.98
840490000D0231,2.5,1.65,0.552,0.449,4.17,1740,259,85.11,66.84,76.03
262330000B0282,2.3,1.2,0.526,0.524,2.4,1192,428,64.09,31.46,58.39
831540000B0067,2.45,1.9,0.578,0.483,1.54,486,221,54.53,5.76,34.98
261800000A0214,2.3,1.4,0.46,0.607,4.58,220,37,83.18,72.27,78.18
840290000E0501,2.5,1.1,0.401,0.48,18.04,938,36,96.16,92.0,94.46
840290000F0445,2.5,1.4,0.481,0.653,1.58,1854,981,47.09,18.93,36.52
84012000AR0158,2.1,0.95,0.344,0.571,8.0,168,20,88.1,79.17,87.5
840370000D0138,2.45,1.65,0.558,0.514,2.24,338,108,68.05,37.87,55.33
840960000B0307,1.7,1.2,0.366,0.584,12.68,1293,66,94.9,91.26,92.11
84008000AO0154,2.25,1.65,0.496,0.373,4.86,1167,156,86.63,64.18,79.43
84106000AA0083,2.35,1.4,0.538,0.569,4.6,2445,351,85.64,74.76,78.28
071690000B0424,2.0,1.95,0.573,0.464,1.49,872,386,55.73,4.59,32.91
841300000B0495,2.2,1.25,0.518,0.57,2.27,535,192,64.11,37.01,55.89
261560000C0385,1.8,1.55,0.504,0.481,1.37,690,332,51.88,0.0,27.25
840300000B0218,2.5,1.45,0.549,0.502,2.47,390,124,68.21,36.67,59.49
841480000E0440,2.1,1.55,0.497,0.662,6.53,914,94,89.72,84.46,84.68
263570000M0275,1.9,1.4,0.489,0.649,4.94,1112,137,87.68,81.03,79.77
840960000E0061,1.9,1.4,0.468,0.636,11.28,1038,56,94.61,91.52,91.14
07228000AC0025,2.15,2.05,0.621,0.507,1.31,1566,735,53.07,7.34,23.75
840220000A0161,2.4,1.4,0.487,0.472,3.29,659,159,75.87,48.86,69.65
26377000AC0023,2.45,1.35,0.5,0.555,3.63,1571,320,79.63,63.27,72.44
840560000A0746,2.0,1.4,0.489,0.588,19.46,5605,194,96.54,94.11,94.86
840700000D1249,2.45,1.45,0.52,0.486,2.81,1020,255,75.0,48.53,64.41
07059000ZA0082,2.4,1.75,0.43,0.417,7.32,278,25,91.01,78.42,86.33
071690000C0810,2.6,2.05,0.536,0.421,1.92,136,45,66.91,21.32,47.79
83016000AH0060,2.05,1.8,0.476,0.373,2.36,59,22,62.71,0.0,57.63
261800000C0697,2.35,1.4,0.512,0.541,8.06,2216,180,91.88,84.97,87.59
83096000AC0033,2.45,2.05,0.534,0.4,2.93,827,205,75.21,38.09,65.9
840760000A0063,2.25,1.35,0.514,0.439,2.64,22178,5801,73.84,40.4,62.14
840960000B0146,2.3,1.4,0.351,0.733,1.34,2923,1775,39.27,17.17,25.18
26271000ZC0030,1.95,1.1,0.5,0.513,1.86,7534,3883,48.46,0.0,46.24
831000000A1435,2.05,1.7,0.557,0.437,1.56,1140,514,54.91,0.0,36.05
130030000F0278,2.3,1.95,0.504,0.703,1.84,358,166,53.63,34.08,45.53
841500000H1016,2.15,1.4,0.433,0.647,3.28,6980,1677,75.97,62.87,69.51
830350000C0787,2.2,2.05,0.588,0.417,1.9,167,68,59.28,2.4,47.31
831340000A0613,,,,,,,,,,
83096000AB0177,2.35,1.9,0.585,0.414,1.49,777,320,58.82,0.51,33.08
840390000C0379,2.2,1.45,0.42,0.719,1.91,1274,506,60.28,44.74,47.65
26367000AL0113,2.5,1.35,0.532,0.469,2.55,1096,350,68.07,31.84,60.77
840370000E0240,2.0,1.4,0.503,0.622,8.24,2208,179,91.89,86.96,87.86
84024000AK0043,2.35,1.35,0.522,0.439,2.66,1308,381,70.87,33.72,62.39
07042000AI0034,2.15,1.4,0.482,0.665,1.58,985,480,51.27,26.7,36.55
84122000AS0269,2.0,1.35,0.432,0.684,1.53,2347,1264,46.14,21.26,34.55
84104000AK0046,2.4,1.4,0.539,0.565,3.72,346,78,77.46,60.12,73.12
07042000BK0023,2.15,1.35,0.412,0.65,1.72,237,117,50.63,24.05,41.77
070990000C0046,2.2,1.65,0.548,0.506,1.57,1837,862,53.08,7.24,36.2
830940000E0032,2.0,1.9,0.582,0.496,1.38,471,235,50.11,0.0,27.39
830330000C1521,2.0,1.85,0.585,0.482,1.29,4435,2146,51.61,0.0,22.55
263570000K0120,1.25,0.9,0.205,0.381,152.58,5798,16,99.72,99.28,99.34
841330000G0150,2.3,1.35,0.523,0.437,2.77,20401,5230,74.36,41.37,63.92
13087000AP0331,2.05,2.0,0.604,0.468,1.32,1521,692,54.5,2.76,24.13
84046000AK0117,2.45,1.65,0.544,0.412,1.99,331,129,61.03,5.44,49.85
84149000AP0007,2.1,1.4,0.43,0.698,1.99,4427,1754,60.38,43.23,49.67
262850000D0750,2.5,1.2,0.329,0.714,2.13,984,382,61.18,45.63,52.95
841060000C0695,1.15,1.2,0.339,0.537,46.79,11650,115,99.01,98.16,97.86
830510000B0051,2.35,1.75,0.449,0.448,19.39,853,30,96.48,92.15,94.84
841330000F0881,2.65,1.35,0.527,0.465,2.39,1547,495,68.0,31.22,58.11
83068000AR0015,2.35,2.05,0.498,0.534,3.76,944,189,79.98,62.5,73.41
261820000F0793,2.15,1.4,0.54,0.515,1.95,942,378,59.87,22.08,48.73
840530000C0530,2.35,1.35,0.344,0.744,2.03,1531,638,58.33,44.02,50.75
84129000AT0001,2.2,1.65,0.56,0.501,1.86,2810,1002,64.34,28.83,46.3
830730000A0503,2.4,1.95,0.572,0.392,3.73,1934,341,82.37,55.07,73.16
841460000A0800,2.25,1.4,0.352,0.753,1.38,105,64,39.05,19.05,27.62
263480000D0176,2.15,1.35,0.485,0.542,3.48,490,109,77.76,58.98,71.22
830490000D0621,2.15,1.95,0.596,0.522,3.96,1499,228,84.79,70.85,74.72
841170000C0709,2.55,1.4,0.452,0.39,11.26,901,57,93.67,83.8,91.12
26377000AP0007,2.25,1.3,0.499,0.503,4.58,1407,240,82.94,66.1,78.18
072590000B0122,2.0,1.4,0.525,0.613,8.41,8017,620,92.27,87.38,88.11
13050000BY0111,2.45,1.95,0.513,0.339,46.52,4047,39,99.04,97.16,97.85
840170000F0667,2.3,1.5,0.48,0.409,12.15,1944,95,95.11,88.07,91.77
840290000B0259,2.45,1.4,0.538,0.472,1.55,1931,908,52.98,0.41,35.58
840400000C0510,2.35,1.6,0.517,0.498,3.95,1168,215,81.59,63.01,74.66
26345000BD0012,2.1,1.4,0.449,0.801,4.06,1613,274,83.01,78.8,75.39
261790000A1039,2.25,1.3,0.419,0.582,1.49,1200,710,40.83,0.0,32.67
840520000A0421,2.25,1.15,0.403,0.503,12.39,1524,93,93.9,87.86,91.93
840720000D1081,2.35,1.35,0.288,0.643,3.22,119,27,77.31,64.71,68.91
261880000B0587,2.4,1.4,0.536,0.6,5.56,1124,147,86.92,78.2,82.03
13087000AM0069,2.3,1.95,0.58,0.398,3.32,5936,1082,81.77,54.25,69.85
830210000F0063,2.45,2.05,0.591,0.44,1.96,2987,800,73.22,39.1,48.88
830950000G0047,1.85,1.65,0.463,0.545,50.4,5342,54,98.99,98.15,98.02
07317000AC0335,1.65,1.95,0.548,0.49,1.45,811,386,52.4,2.84,31.2
840720000E0019,2.35,1.6,0.539,0.456,1.96,843,299,64.53,22.18,48.99
840960000B0829,2.1,1.4,0.289,0.838,3.88,423,88,79.2,75.18,74.23
840870000K0109,2.4,1.3,0.369,0.509,13.02,547,29,94.7,89.58,92.32
263260000X0049,2.0,1.65,0.571,0.526,1.29,4527,2290,49.41,3.78,22.31
263570000Y0058,1.95,1.35,0.504,0.634,5.29,1248,170,86.38,78.53,81.09
26345000AZ0267,2.4,1.4,0.542,0.476,2.06,1071,369,65.55,27.54,51.45
84118000AX0180,2.5,1.45,0.544,0.434,3.84,940,190,79.79,53.4,73.94
07264000AZ0093,2.3,1.35,0.344,0.361,6.94,236,22,90.68,74.15,85.59
261190000C0601,1.95,1.65,0.537,0.417,1.74,1397,577,58.7,0.93,42.66
13080000CE0014,2.15,2.0,0.591,0.381,1.85,11824,3862,67.34,14.26,45.84
841060000A0458,2.0,1.15,0.527,0.54,1.75,531,286,46.14,0.19,42.94
83023000AM0088,2.4,2.1,0.56,0.387,5.06,1750,164,90.63,75.77,80.23
841360000A0118,2.0,1.35,0.339,0.773,9.24,767,58,92.44,90.22,89.18
840220000A0192,2.25,1.0,0.296,0.458,46.93,704,11,98.44,96.59,97.87
83097000AN0093,2.45,2.0,0.489,0.558,1.48,2410,1350,43.98,0.0,32.28
84028000AZ0139,2.25,1.4,0.543,0.52,2.2,3263,1049,67.85,38.22,54.49
841370000A0985,2.65,1.25,0.494,0.401,3.48,585,145,75.21,38.12,71.28
840490000A0904,2.2,1.65,0.557,0.582,1.91,531,198,62.71,35.97,47.65
83148000BV0118,2.1,1.85,0.525,0.429,13.28,1381,51,96.31,91.38,92.47
840960000F0589,2.1,1.4,0.408,0.717,1.42,1554,869,44.08,22.01,29.79
830950000H0546,,,,,,,,,,
841500000A0505,2.05,1.4,0.541,0.541,1.59,1863,955,48.74,5.26,36.93
13082000AK0038,2.0,1.9,0.575,0.424,1.51,3324,1406,57.7,0.27,33.97
261880000A1248,,,,,,,,,,
07070000AL0087,2.0,0.95,0.175,0.429,24.0,264,9,96.59,92.05,95.83
840890000A0464,2.45,1.35,0.403,0.632,8.1,988,79,92.0,87.35,87.65
13034000CH0252,2.5,2.15,0.59,0.343,2.81,24366,4704,80.69,43.71,64.39
840250000D0400,2.1,1.6,0.548,0.62,4.1,1107,178,83.92,74.07,75.61
830850000B0045,2.1,2.05,0.592,0.396,1.56,8058,3147,60.95,1.38,36.0
830190000C0264,2.0,1.9,0.571,0.421,1.48,2813,1211,56.95,0.0,32.31
26377000AK0138,2.3,1.35,0.527,0.492,1.84,972,414,57.41,13.48,45.68
073300000A0993,2.2,1.65,0.556,0.553,3.54,852,156,81.69,66.9,71.71
830350000B0676,1.95,1.9,0.599,0.521,1.26,723,382,47.16,0.0,20.47
840170000G1822,2.35,1.6,0.474,0.687,2.82,1417,367,74.1,62.31,64.57
840870000D0149,,,,,,,,,,
841150000C0190,2.6,1.6,0.51,0.417,7.31,841,65,92.27,81.45,86.33
831340000A0132,2.05,1.85,0.441,0.418,18.77,1070,33,96.92,92.62,94.67
13032000AK0211,2.4,2.0,0.591,0.402,1.75,972,330,66.05,15.53,42.8
840700000C0786,2.2,1.65,0.554,0.434,1.74,2038,778,61.83,12.02,42.39
83062000AT0688,2.25,1.9,0.541,0.414,6.14,1731,169,90.24,76.43,83.71
840960000E0365,2.45,1.4,0.535,0.489,2.03,565,204,63.89,26.19,50.62
13032000BE0201,1.95,2.0,0.603,0.513,1.4,786,362,53.94,10.18,28.75
841340000C0095,2.0,1.35,0.382,0.821,3.39,5646,1121,80.15,75.82,70.51
840190000D1728,2.25,1.4,0.453,0.642,7.39,650,61,90.62,85.38,86.46
263570000D0096,2.0,1.35,0.527,0.49,1.6,3117,1534,50.79,0.0,37.66
84088000AN0167,2.25,1.65,0.544,0.548,1.45,10305,4737,54.03,16.06,31.21
84118000AV0021,2.5,1.6,0.541,0.448,2.68,1389,346,75.09,44.35,62.71
841380000Q0394,2.3,1.4,0.391,0.647,1.64,4740,2377,49.85,22.45,38.92
830970000D0149,,,,,,,,,,
830910000B0697,1.85,1.5,0.52,0.495,1.5,397,193,51.39,1.76,33.25
26317000AB0043,,,,,,,,,,
84102000CB0051,2.2,1.6,0.511,0.538,6.78,847,84,90.08,81.58,85.24
840870000K0348,2.0,1.65,0.4,0.674,1.69,1396,751,46.2,20.13,40.69
841220000A0983,2.15,1.35,0.518,0.57,4.7,3217,446,86.14,75.66,78.71
830830000C0468,2.5,2.15,0.574,0.483,3.93,476,57,88.03,75.21,74.58
263480000D0332,2.35,1.4,0.526,0.517,2.19,2172,744,65.75,33.79,54.24
830180000C0070,2.1,2.1,0.581,0.644,6.49,694,56,91.93,87.46,84.58
840470000D0840,2.5,1.65,0.548,0.491,3.55,686,137,80.03,59.33,71.87
840260000F1190,2.55,1.15,0.499,0.604,2.4,852,293,65.61,43.08,58.33
841300000A0348,2.15,1.25,0.421,0.642,2.94,3808,989,74.03,59.53,66.02
07143000AD0635,1.7,2.0,0.513,0.713,2.17,341,129,62.17,46.92,53.96
840220000B0525,,,,,,,,,,
07324000AY0406,2.05,2.0,0.601,0.502,1.38,2657,1262,52.5,5.38,27.32
83035000AC0001,2.3,2.15,0.556,0.577,1.9,671,263,60.8,32.04,47.24
830720000F1218,2.4,1.95,0.6,0.513,3.14,1898,331,82.56,66.02,68.12
831540000E0379,2.5,1.95,0.515,0.291,12.29,2680,150,94.4,80.78,91.87
26377000AT0346,2.3,1.35,0.359,0.738,1.63,1691,827,51.09,33.71,38.56
07345000ZC0408,1.65,1.85,0.489,0.396,2.12,719,282,60.78,0.97,52.85
84106000ZC0090,2.05,1.4,0.521,0.49,1.54,10378,4579,55.88,9.94,35.08
841160000D0367,2.25,1.35,0.44,0.739,3.41,2626,542,79.36,72.09,70.68
261790000B0601,2.0,1.95,0.599,0.495,1.22,501,259,48.3,0.0,17.76
26071000ZH0044,,,,,,,,,,
840020000A0851,2.5,1.35,0.526,0.52,3.31,443,106,76.07,53.95,69.75
840560000B0072,2.15,1.4,0.415,0.694,1.33,1663,1053,36.68,8.72,24.95
840290000A1122,,,,,,,,,,
840680000A0146,2.5,1.35,0.35,0.647,3.77,750,150,80.0,69.07,73.47
070700000B1037,1.75,1.6,0.402,0.544,49.15,2949,37,98.75,97.69,97.97
840450000B0219,2.35,1.4,0.459,0.518,3.5,1055,233,77.91,57.35,71.47
84007000BS0094,2.2,1.35,0.531,0.476,1.73,875,413,52.8,0.91,42.29
130510000D0046,2.35,1.95,0.594,0.434,1.5,416,171,58.89,5.29,33.17
26250000ZC0065,1.9,1.8,0.564,0.493,1.19,2081,1064,48.87,0.0,15.95
841470000C0917,2.5,1.35,0.486,0.47,5.7,593,70,88.2,74.87,82.46
830270000C0053,2.05,1.7,0.571,0.499,1.41,1824,913,49.95,0.0,29.17
07143000AK0324,1.95,1.6,0.541,0.464,1.69,249,116,53.41,0.0,40.96
13037000AV0049,2.5,1.5,0.352,0.587,1.43,4415,2641,40.18,0.0,30.12
830560000C0669,2.45,1.9,0.567,0.554,5.42,629,72,88.55,79.33,81.56
071690000B0407,2.0,1.95,0.581,0.471,1.5,825,383,53.58,1.45,33.33
841500000B0801,2.1,1.4,0.518,0.512,2.41,940,294,68.72,38.94,58.51
84003000CI0101,2.55,1.35,0.524,0.482,3.54,793,173,78.18,54.73,71.75
840390000H1922,2.3,1.65,0.567,0.539,2.34,1403,379,72.99,49.89,57.31
840510000F0989,1.55,1.15,0.39,0.607,19.97,5311,173,96.74,94.63,94.99
830510000E0878,2.6,1.95,0.563,0.42,4.08,754,124,83.55,60.88,75.46
07264000AC0167,2.25,1.4,0.542,0.525,1.82,1315,533,59.47,22.74,45.02
070130000B0249,2.35,2.0,0.601,0.443,1.72,210,81,61.43,12.86,41.9
840490000C0295,2.25,1.6,0.55,0.473,1.9,1149,401,65.1,26.28,47.26
840170000H0790,2.3,1.65,0.535,0.481,2.96,1349,296,78.06,54.41,66.2
07324000AY0274,1.3,1.05,0.368,0.551,1.3,1176,654,44.39,0.0,22.79
840490000D0929,2.0,1.45,0.487,0.623,5.93,362,43,88.12,80.94,83.15
840300000A0138,2.45,1.65,0.566,0.494,3.81,2051,315,84.64,68.89,73.72
841160000B0057,2.4,1.4,0.522,0.52,4.39,1797,294,83.64,68.56,77.24
07264000AL0008,2.15,1.15,0.437,0.677,14.29,7589,394,94.81,92.33,93.0
07143000AK0617,1.9,1.1,0.499,0.554,1.63,294,165,43.88,0.0,38.78
26317000AM0175,2.35,1.4,0.51,0.579,2.14,820,299,63.54,37.07,53.29
840390000F0018,2.0,1.5,0.241,0.78,1.27,155,117,24.52,3.23,21.29
841060000A0088,2.45,1.4,0.538,0.513,2.48,2674,769,71.24,43.94,59.69
84106000AB0047,2.2,1.4,0.538,0.496,1.54,1960,930,52.55,4.34,35.05
840720000F0475,2.05,1.65,0.569,0.51,1.87,8631,2933,66.02,33.33,46.54
840870000I2274,2.3,1.6,0.443,0.398,20.69,1117,33,97.05,92.57,95.17
07042000BK0010,1.0,1.05,0.116,0.5,37.43,524,6,98.85,97.71,97.33
841360000A0823,2.25,1.15,0.337,0.752,6.59,4058,448,88.96,85.31,84.82
841330000D0129,2.45,1.35,0.511,0.497,2.27,3183,1003,68.49,36.6,55.95
841330000B0218,2.1,1.35,0.52,0.506,2.38,4063,1284,68.4,37.48,57.91
84137000AH0958,2.2,1.4,0.464,0.724,2.04,1487,549,63.08,49.02,51.04
830910000C0017,2.4,2.15,0.518,0.67,1.26,621,390,37.2,6.28,20.61
840670000D0225,2.0,1.6,0.56,0.498,1.44,2575,1237,51.96,3.61,30.72
84137000AX0094,1.8,1.25,0.115,0.25,104.43,731,3,99.59,98.36,99.04
840370000E0350,1.9,1.45,0.396,0.768,1.79,552,229,58.51,46.01,44.2
07345000ZC0055,1.9,1.3,0.516,0.513,1.58,414,213,48.55,0.0,36.71
263220000B0528,2.3,1.4,0.541,0.49,2.01,8756,3139,64.15,26.77,50.37
841330000C0170,2.05,1.35,0.522,0.502,2.81,2937,805,72.59,45.45,64.39
840660000A0471,2.5,1.65,0.458,0.412,2.2,840,282,66.43,18.57,54.64
841060000E0299,2.25,1.35,0.477,0.582,7.43,3062,278,90.92,84.39,86.54
830490000D0287,2.15,2.05,0.602,0.418,1.55,2616,1075,58.91,1.61,35.36
13050000BT0103,2.45,2.0,0.594,0.438,1.71,2522,876,65.27,20.62,41.63
840940000E0239,2.4,1.4,0.516,0.525,2.62,565,169,70.09,43.01,61.77
840960000C0426,1.7,1.4,0.457,0.567,8.1,3546,259,92.7,87.11,87.65
830460000F0451,2.15,2.0,0.515,0.614,9.26,880,54,93.86,90.0,89.2
84089000BC0093,2.5,1.35,0.538,0.466,2.33,2963,958,67.67,30.61,57.17
84104000AO0196,2.05,1.2,0.354,0.81,2.36,1757,555,68.41,61.01,57.54
84118000AD0287,2.55,1.6,0.421,0.654,3.46,909,208,77.12,65.02,71.07
07042000BK0233,2.25,1.4,0.545,0.605,5.51,2859,370,87.06,78.59,81.85
26377000AE0048,2.5,1.35,0.519,0.498,3.02,1598,385,75.91,51.63,66.83
840390000F0084,2.15,1.6,0.509,0.667,4.0,192,34,82.29,73.44,75.0
262750000I0254,2.2,1.4,0.351,0.67,1.37,2655,1597,39.85,10.17,26.78
84069000AD0229,2.0,1.4,0.52,0.48,1.76,2054,939,54.28,4.77,43.14
261560000D0468,1.8,1.4,0.486,0.532,1.37,1578,880,44.23,0.0,27.06
830730000D0650,2.4,2.0,0.579,0.46,4.21,1175,145,87.66,73.19,76.26
830300000D0367,1.9,2.0,0.473,0.294,54.86,3182,32,98.99,96.57,98.18
26317000AC0074,2.5,1.4,0.525,0.437,2.55,1095,310,71.69,35.25,60.73
830720000F1112,,,,,,,,,,
830910000E0044,2.0,2.0,0.597,0.439,1.37,5562,2467,55.65,0.0,26.9
830060000A0183,2.4,2.0,0.558,0.477,3.29,714,115,83.89,66.25,69.61
840170000G0949,2.35,1.6,0.43,0.65,4.15,647,115,82.23,72.64,75.89
840290000B0628,2.45,1.4,0.534,0.51,1.77,439,178,59.45,20.5,43.51
841490000A0457,2.15,1.4,0.454,0.674,2.94,7628,1824,76.09,64.54,66.02
841500000B0618,,,,,,,,,,
830250000H0106,2.1,2.1,0.589,0.528,1.92,534,153,71.35,45.69,47.94
83096000AI0136,2.0,1.55,0.552,0.465,1.59,2566,1235,51.87,0.0,37.1
840870000B0048,2.25,1.65,0.546,0.457,4.97,10109,1221,87.92,73.56,79.87
84122000AS0132,2.5,1.35,0.535,0.526,2.05,113,41,63.72,30.97,51.33
262330000B0256,2.45,1.4,0.419,0.516,1.67,1611,791,50.9,4.9,40.16
263480000D0360,2.45,1.4,0.393,0.704,1.34,1063,643,39.51,14.02,25.49
84081000BM0045,1.75,1.0,0.223,0.692,89.0,1068,9,99.16,98.78,98.88
841380000O0484,2.55,1.4,0.489,0.644,4.44,1514,242,84.02,75.17,77.48
83107000AX0020,2.45,2.1,0.62,0.423,1.94,3085,784,74.59,39.87,48.43
840390000H0314,2.25,1.45,0.574,0.539,1.36,809,439,45.74,0.0,26.58
073080000C0176,2.15,2.05,0.583,0.464,1.49,864,369,57.29,7.99,32.99
840870000K0494,1.9,1.65,0.45,0.848,1.93,1554,587,62.23,55.47,48.13
83136000AO0080,1.15,1.1,0.162,0.312,96.67,870,5,99.43,98.16,98.97
840290000C0316,2.3,1.4,0.515,0.441,3.64,233,52,77.68,49.36,72.53
26054000AD0166,2.2,1.1,0.133,0.974,4.87,370,76,79.46,78.92,79.46
83112000CX0041,2.15,2.15,0.601,0.421,1.6,4557,1710,62.48,10.77,37.41
831000000D0319,2.15,1.4,0.528,0.518,1.47,336,177,47.32,0.0,32.14
263570000O0111,2.45,1.4,0.566,0.491,2.09,194,82,57.73,13.92,52.06
261560000B0215,1.35,1.0,0.358,0.557,1.35,2046,1170,42.82,0.0,25.66
070970000B1891,,,,,,,,,,
13035000BD0088,2.0,2.1,0.595,0.404,1.44,10753,4321,59.82,0.46,30.72
26377000AI0291,2.15,1.35,0.513,0.676,4.53,240,46,80.83,71.67,77.92
83096000AK0228,2.0,2.1,0.595,0.437,1.34,2163,948,56.17,0.0,25.29
830830000C0228,2.5,1.85,0.554,0.809,3.07,329,89,72.95,66.57,67.48
07264000AN0071,2.5,1.35,0.485,0.517,6.46,808,93,88.49,77.72,84.53
840940000C0113,2.3,1.4,0.516,0.507,4.83,2415,332,86.25,72.88,79.3
13110000BR0037,2.45,2.0,0.604,0.393,1.64,3268,1246,61.87,2.88,39.14
840680000E0102,2.3,1.0,0.293,0.265,44.18,486,9,98.15,93.0,97.74
84118000AI0154,2.4,1.65,0.552,0.426,1.82,1034,381,63.15,13.54,45.07
841450000J0047,2.0,1.55,0.536,0.517,1.96,616,227,63.15,28.73,49.03
840720000B0612,2.25,1.65,0.571,0.537,3.25,965,190,80.31,63.32,69.22
841300000A0131,2.1,1.25,0.4,0.669,2.89,364,103,71.7,57.69,65.38
84129000BI0017,2.35,1.45,0.484,0.477,4.81,745,123,83.49,65.37,79.19
840220000D0023,2.25,1.4,0.513,0.55,2.92,2203,566,74.31,53.25,65.73
072680000B0323,2.65,1.4,0.507,0.462,4.42,1626,251,84.56,66.61,77.37
830730000A0993,2.1,2.15,0.421,0.319,33.38,868,15,98.27,94.59,97.0
840160000E0360,,,,,,,,,,
84050000DN0073,2.2,1.35,0.416,0.59,71.85,3952,36,99.09,98.46,98.61
840870000D1591,1.6,1.25,0.356,0.582,14.36,30132,1774,94.11,89.88,93.03
261820000A0983,2.5,1.4,0.505,0.372,2.56,2295,675,70.59,20.96,60.87
830350000C0539,1.95,2.0,0.567,0.517,4.57,1349,178,86.81,74.5,78.13
263570000O0204,2.4,1.4,0.484,0.522,4.08,400,71,82.25,66.0,75.5
84024000AC0139,2.15,1.35,0.511,0.468,2.12,996,371,62.75,20.38,52.91
070130000C0582,2.05,1.15,0.342,0.721,1.16,210,158,24.76,0.0,13.81
83104000BV0039,2.55,1.7,0.419,0.456,1.9,1104,502,54.53,0.18,47.28
26377000AW0011,2.5,1.35,0.515,0.469,3.79,3984,710,82.18,61.97,73.64
830490000F0991,2.35,1.9,0.584,0.475,1.35,405,203,49.88,0.0,26.17
26054000AM0268,2.25,1.4,0.376,0.569,1.55,770,414,46.23,5.45,35.58
840940000E0145,2.35,1.4,0.4,0.663,2.08,1394,532,61.84,42.47,51.94
840390000D0349,1.0,1.05,0.214,0.591,81.38,2360,13,99.45,99.07,98.77
830180000D0227,2.3,2.1,0.588,0.532,4.16,862,101,88.28,77.96,75.99
840780000B0588,2.2,1.2,0.387,0.482,6.48,797,96,87.95,75.03,84.57
840220000A0419,2.45,1.4,0.37,0.675,2.07,945,349,63.07,45.29,51.75
830570000B0064,1.9,1.7,0.55,0.499,1.3,706,349,50.57,0.85,23.09
840170000G1686,2.25,1.55,0.544,0.602,2.31,173,56,67.63,46.24,56.65
830350000A1433,2.3,1.95,0.583,0.463,2.44,454,133,70.7,36.78,59.03
840960000C0555,2.05,1.4,0.538,0.596,2.46,552,170,69.2,48.37,59.42
841110000C0207,2.2,1.4,0.508,0.476,3.14,1185,278,76.54,50.72,68.19
841260000F0522,,,,,,,,,,
072340000A0723,2.0,1.55,0.552,0.508,1.37,1807,938,48.09,0.0,27.06
26317000AC0111,2.5,1.4,0.515,0.458,8.15,3628,296,91.84,82.19,87.73
840930000A0079,2.35,1.35,0.509,0.437,9.38,27652,1978,92.85,83.64,89.34
261560000B0450,1.95,1.2,0.481,0.49,1.72,779,390,49.94,0.0,41.85
840610000B0410,2.1,1.4,0.361,0.665,1.26,3096,2076,32.95,0.0,20.35
26367000AR0392,2.45,1.3,0.464,0.696,10.52,1410,94,93.33,90.43,90.5
831410000D0850,1.95,1.55,0.515,0.414,1.75,951,403,57.62,0.0,43.01
841400000C0192,2.4,1.35,0.44,0.652,4.69,7784,1285,83.49,74.68,78.67
841010000C0164,2.4,1.45,0.479,0.348,5.83,2217,276,87.55,64.23,82.86
840190000H0955,2.5,1.4,0.504,0.507,6.75,1519,153,89.93,80.12,85.19
830510000E0608,2.25,1.7,0.47,0.437,25.27,1668,31,98.14,95.74,96.04
830830000B0592,2.5,2.0,0.527,0.617,5.74,3683,395,89.28,82.62,82.57
840140000H0720,2.35,1.35,0.534,0.449,2.1,3831,1424,62.83,17.12,52.31
841150000B0564,2.2,1.4,0.356,0.682,1.21,2056,1402,31.81,0.0,17.36
83042000AY0113,2.2,2.05,0.568,0.438,4.05,1450,188,87.03,70.41,75.31
841260000A0415,2.5,1.4,0.53,0.556,3.35,308,70,77.27,59.09,70.13
84086000AC0235,2.15,1.35,0.499,0.427,4.78,11410,1755,84.62,63.98,79.09
83101000AI0372,2.45,2.0,0.586,0.392,1.68,912,330,63.82,7.79,40.46
26377000AH0216,2.6,1.35,0.5,0.481,2.92,377,99,73.74,45.36,65.78
13085000AP0040,2.2,1.7,0.504,0.534,18.4,3072,95,96.91,94.21,94.56
130510000E0058,2.5,1.95,0.579,0.477,2.02,1047,315,69.91,36.87,50.43
841380000O0621,2.05,1.4,0.52,0.502,4.93,16828,2357,85.99,72.08,79.74
840650000B0279,2.05,1.35,0.521,0.57,5.44,2504,322,87.14,77.44,81.63
840290000D0175,,,,,,,,,,
83101000AI0143,2.45,1.85,0.576,0.456,1.47,4178,1902,54.48,0.17,31.91
073080000E0097,2.4,1.4,0.375,0.664,1.3,408,261,36.03,3.68,22.79
831080000D0052,2.05,2.05,0.606,0.487,1.25,563,271,51.87,1.07,20.25
841060000E0272,2.25,1.4,0.507,0.591,3.17,3455,739,78.61,63.79,68.48
840390000B1288,1.95,1.65,0.558,0.531,1.23,1184,656,44.59,0.0,18.58
830320000E0417,2.2,2.1,0.553,0.495,3.0,207,49,76.33,52.17,66.67
130030000D0044,2.5,2.0,0.589,0.555,1.69,285,106,62.81,32.98,40.7
841170000A0432,2.4,1.2,0.461,0.579,2.78,1086,310,71.45,50.74,64.0
840170000B0750,2.0,1.55,0.548,0.503,1.48,1186,577,51.35,3.37,32.63
070970000B1483,1.8,1.85,0.515,0.517,1.36,201,104,48.26,0.0,26.37
84050000AO0008,2.4,1.6,0.547,0.485,3.59,456,95,79.17,57.02,72.15
830570000H0023,2.45,2.15,0.589,0.428,1.87,5163,1545,70.08,30.04,46.52
261190000C1082,1.75,1.55,0.491,0.488,1.48,715,347,51.47,0.56,32.59
840720000E0472,2.45,1.65,0.54,0.438,2.44,1105,288,73.94,40.45,59.0
841080000A0229,2.4,1.65,0.554,0.427,3.02,4835,1018,78.95,50.73,66.85
840960000B0220,2.0,1.4,0.414,0.75,2.88,5724,1437,74.9,66.51,65.23
831350000E0272,,,,,,,,,,
841380000S0470,2.05,1.4,0.528,0.554,2.43,1879,548,70.84,47.37,58.86
84046000AC0044,2.25,1.55,0.499,0.421,11.24,2136,128,94.01,85.77,91.1
840910000D0439,2.1,1.4,0.525,0.541,2.34,1277,374,70.71,45.89,57.32
84012000AP0062,2.1,1.05,0.418,0.781,8.78,869,75,91.37,88.95,88.61
840390000G2005,2.5,1.65,0.575,0.509,1.76,1196,418,65.05,31.27,43.31
830040000F0487,2.3,2.15,0.572,0.567,2.55,9494,2258,76.22,58.03,60.81
84104000AI0292,2.15,1.35,0.354,0.779,5.5,715,102,85.73,81.68,81.82
26377000AW0083,2.15,1.35,0.523,0.58,3.46,1659,325,80.41,66.24,71.07
840450000A0247,2.4,1.4,0.387,0.712,1.47,1953,1095,43.93,21.2,31.75
840490000C0198,2.3,1.65,0.546,0.434,2.93,874,195,77.69,48.63,65.9
84118000AC0242,,,,,,,,,,
841360000A0546,2.2,1.35,0.477,0.489,2.81,295,87,70.51,39.66,64.41
830390000C0076,2.5,1.85,0.539,0.425,8.75,1103,82,92.57,82.5,88.58
83107000AX0146,2.5,1.85,0.465,0.645,1.27,1042,677,35.03,0.0,21.5
840720000C0575,2.2,1.65,0.567,0.499,1.4,3136,1410,55.04,9.82,28.79
830270000G1823,2.15,1.95,0.525,0.485,3.83,578,81,85.99,71.11,73.88
071520000A0638,2.0,1.7,0.52,0.553,1.69,120,63,47.5,5.0,40.83
830320000E0077,2.45,2.0,0.54,0.371,2.81,304,75,75.33,33.55,64.47
830670000D0276,2.4,1.85,0.409,0.602,1.43,719,428,40.47,1.11,29.9
83097000AN0053,2.55,2.0,0.617,0.457,1.48,2237,821,63.3,19.76,32.45
83019000BS0090,2.35,1.95,0.562,0.4,4.47,961,138,85.64,64.1,77.63
84102000BD0034,2.15,1.45,0.471,0.426,13.16,2961,152,94.87,87.94,92.4
830640000C0167,2.55,2.0,0.603,0.478,1.39,1112,479,56.92,9.8,28.06
841380000D0229,2.45,1.4,0.498,0.435,8.6,1900,157,91.74,81.0,88.37
263570000P0112,2.1,1.4,0.542,0.546,1.76,1660,728,56.14,19.64,43.31
840020000B0788,2.35,1.35,0.529,0.504,3.32,3093,668,78.4,57.16,69.84
840490000E0831,2.1,1.45,0.506,0.634,8.72,2442,170,93.04,89.03,88.53
13079000AW0060,2.1,1.9,0.587,0.465,1.46,1327,585,55.92,5.2,31.5
26345000AK0093,2.1,1.4,0.444,0.657,1.68,1018,482,52.65,27.9,40.47
841340000E0174,1.95,1.35,0.527,0.516,1.54,379,198,47.76,0.0,35.09
830270000B0149,2.15,2.15,0.615,0.518,2.14,1081,321,70.31,42.65,53.38
840390000A0311,,,,,,,,,,
262750000G0235,2.0,1.4,0.479,0.608,2.98,11717,2785,76.23,60.88,66.41
84028000AY0131,2.05,1.1,0.348,0.664,4.98,593,95,83.98,75.89,79.93
830120000K0051,2.2,2.1,0.614,0.46,1.62,271,98,63.84,21.4,38.38
130260000D0072,2.45,1.95,0.583,0.41,1.96,1096,364,66.79,18.98,48.91
26038000ZC0095,,,,,,,,,,
26345000BK0280,2.1,1.4,0.404,0.784,4.68,454,69,84.8,80.62,78.63
840190000D1305,2.15,1.4,0.484,0.621,1.57,2348,1154,50.85,20.87,36.2
13110000BD0024,2.5,2.0,0.586,0.51,1.68,3732,1395,62.62,26.74,40.3
830320000A0713,2.45,1.95,0.537,0.577,3.12,200,45,77.5,61.0,68.0
072910000B0586,2.25,1.65,0.458,0.665,2.84,2136,547,74.39,61.47,64.75
840770000A0124,2.55,1.65,0.507,0.521,3.87,205,38,81.46,64.39,74.15
830570000A0479,1.8,1.75,0.258,0.444,53.38,694,8,98.85,97.41,98.13
841500000D0351,2.25,1.4,0.373,0.693,1.76,1362,622,54.33,34.07,43.32
26377000AS0397,2.5,1.35,0.354,0.745,1.41,1735,988,43.05,23.52,29.11
841470000E0559,2.5,1.35,0.519,0.463,2.38,1823,604,66.87,28.41,57.98
26345000BH0014,1.95,1.2,0.484,0.578,3.22,1701,414,75.66,57.91,68.9
84104000AH0579,1.2,1.2,0.28,0.281,69.86,1467,9,99.39,97.82,98.57
841330000B1473,2.55,1.35,0.488,0.496,1.92,9670,3900,59.67,18.65,47.91
263570000M0074,2.15,1.2,0.492,0.597,4.68,1291,216,83.27,71.96,78.62
841340000B0395,2.1,1.2,0.302,0.756,1.37,522,325,37.74,17.62,27.01
130480000B1085,,,,,,,,,,
84050000AR0345,2.1,1.65,0.562,0.497,1.75,1629,610,62.55,24.68,42.97
840160000A2139,2.25,1.65,0.446,0.724,2.17,5695,1895,66.73,54.03,53.92
831430000E1606,2.35,1.9,0.417,0.209,40.41,889,14,98.43,92.46,97.53
263570000X0010,2.1,1.4,0.355,0.734,2.24,2796,1110,60.3,45.92,55.44
83047000AC0173,2.5,2.0,0.603,0.378,1.65,11994,4186,65.1,7.6,39.57
83035000AH0857,2.55,2.15,0.577,0.374,2.86,800,179,77.62,40.25,65.0
830180000C0012,2.35,1.9,0.487,0.349,2.82,48,15,68.75,10.42,64.58
84028000AX0086,2.15,1.4,0.518,0.544,7.03,3486,313,91.02,83.51,85.77
07264000AB0034,2.15,1.4,0.539,0.501,2.11,5665,1889,66.65,33.45,52.6
261880000A0656,2.3,1.4,0.365,0.676,2.09,1632,612,62.5,44.55,52.27
840440000A0949,2.0,1.65,0.566,0.561,2.27,1131,321,71.62,49.43,55.88
83097000AC0827,2.5,1.95,0.595,0.378,1.77,791,300,62.07,0.0,43.36
071690000C1325,2.2,1.9,0.455,0.576,2.02,105,49,53.33,19.05,50.48
840570000C0206,,,,,,,,,,
830250000C0124,2.55,2.05,0.594,0.381,3.63,1740,263,84.89,60.34,72.47
841060000B0451,2.65,1.4,0.526,0.433,2.8,937,234,75.03,42.26,64.25
84003000AC0066,,,,,,,,,,
13050000BD0134,2.1,1.95,0.587,0.539,3.11,736,145,80.3,63.45,67.8
830060000A0081,2.4,1.75,0.526,0.631,1.29,250,161,35.6,0.0,22.4
830670000D0186,2.5,1.45,0.362,0.685,1.23,689,478,30.62,0.0,19.01
840510000G0424,,,,,,,,,,
830710000B3040,1.95,1.5,0.526,0.453,1.63,5350,2420,54.77,0.24,38.5
840960000A0006,2.1,1.4,0.499,0.429,3.92,1651,321,80.56,54.63,74.5
831000000A0826,2.45,2.15,0.593,0.374,1.9,1691,484,71.38,23.54,47.43
84018000AI0222,2.3,1.45,0.513,0.495,16.99,7236,266,96.32,92.58,94.11
830790000A1231,1.7,1.55,0.474,0.432,1.61,9700,4207,56.63,0.0,38.07
830040000G1283,2.3,2.05,0.618,0.53,1.87,725,223,69.24,41.93,46.62
263570000L0117,2.4,1.3,0.425,0.472,19.19,614,25,95.93,91.37,94.79
840980000B0422,2.5,1.4,0.41,0.664,1.95,689,286,58.49,37.45,48.62
83097000AD0230,2.4,2.15,0.564,0.695,1.92,770,283,63.25,47.14,47.79
831080000E0239,,,,,,,,,,
83048000BD0004,2.1,2.15,0.533,0.328,2.7,538,143,73.42,18.96,63.01
840160000L0489,2.15,1.25,0.413,0.731,1.17,219,160,26.94,0.0,14.61
13079000AX0003,2.45,2.0,0.608,0.423,2.1,2743,732,73.31,36.89,52.35
840220000D0235,2.4,1.4,0.54,0.49,2.18,3032,1019,66.39,31.43,54.02
840220000B0932,2.4,1.4,0.534,0.525,3.76,1026,181,82.36,66.37,73.39
84028000AX0058,2.4,1.4,0.477,0.549,14.07,1941,96,95.05,90.98,92.89
840160000A0560,2.4,1.45,0.392,0.52,6.38,102,13,87.25,75.49,84.31
841380000O0811,2.45,1.4,0.525,0.489,3.41,2328,468,79.9,58.85,70.7
830040000C1072,2.05,1.15,0.509,0.512,1.77,837,430,48.63,0.0,43.61
84091000AM0004,2.25,1.4,0.517,0.542,3.01,1825,433,76.27,56.22,66.79
830450000B0132,2.35,1.5,0.39,0.702,51.78,2330,33,98.58,97.98,98.07
26179000ZH0156,2.45,2.1,0.595,0.391,2.66,9390,2191,76.67,40.32,62.34
84039000AB0015,2.1,1.65,0.556,0.59,4.68,2179,268,87.7,79.16,78.61
84046000AE0077,2.35,1.65,0.458,0.699,1.63,941,443,52.92,32.62,38.47
830350000C0275,2.25,1.7,0.419,0.543,1.59,1003,546,45.56,0.0,37.19
262330000D0054,2.5,1.4,0.539,0.458,2.14,2057,711,65.44,24.6,53.38
840890000H1050,2.6,1.35,0.53,0.395,2.15,6756,2387,64.67,10.46,53.46
840490000A0202,1.85,1.4,0.408,0.6,18.08,1573,54,96.57,94.28,94.47
840200000D0499,2.2,1.3,0.453,0.451,8.55,966,83,91.41,80.95,88.3
84012000AS0302,2.15,1.25,0.52,0.577,2.55,1190,368,69.08,46.39,60.84
13032000BV0110,1.95,2.0,0.584,0.438,1.43,7476,3249,56.54,0.7,29.94
84149000AS0029,2.15,1.4,0.542,0.552,1.99,832,322,61.3,29.93,49.76
26345000AI0044,2.4,1.4,0.534,0.513,2.28,493,156,68.36,38.34,56.19
830450000H0480,2.45,2.15,0.519,0.347,4.76,457,61,86.65,61.49,78.99
840170000D0089,1.95,1.65,0.555,0.495,1.44,1823,866,52.5,4.0,30.77
83098000AA0052,2.25,2.0,0.528,0.494,4.15,1246,202,83.79,67.17,75.92
263570000B0443,2.05,1.4,0.396,0.72,13.48,1105,59,94.66,92.58,92.58
840370000B0209,2.0,1.65,0.497,0.837,2.1,612,210,65.69,58.99,52.45
830920000D0344,2.4,1.65,0.406,0.629,1.36,1474,934,36.64,0.0,26.26
840870000D0366,2.2,1.6,0.552,0.538,2.6,1378,350,74.6,52.83,61.47
830910000C0078,2.4,1.95,0.579,0.756,1.96,874,304,65.22,54.0,49.08
840960000B0221,2.0,1.4,0.376,0.766,3.46,826,177,78.57,72.03,71.07
841170000A0128,2.05,1.4,0.529,0.49,2.3,2326,758,67.41,33.53,56.53
830270000G0535,2.2,1.95,0.565,0.488,1.53,5506,2472,55.1,7.92,34.51
840760000B0269,2.3,1.35,0.517,0.502,7.83,4865,431,91.14,82.36,87.24
830570000D0453,2.5,1.2,0.226,0.84,12.56,339,21,93.81,92.63,92.04
26377000AT0259,2.5,1.35,0.386,0.689,6.11,2894,350,87.91,82.45,83.62
26377000AB0042,1.25,1.05,0.316,0.669,23.5,3878,95,97.55,96.34,95.75
841330000G1575,2.45,1.35,0.495,0.469,1.72,112,53,52.68,0.0,41.96
072680000B0462,2.1,1.4,0.538,0.556,2.59,1961,564,71.24,48.24,61.35
261820000G0376,2.3,1.4,0.525,0.506,1.61,1067,504,52.76,6.65,37.86
830570000H0056,2.5,2.15,0.495,0.635,3.14,1563,332,78.76,66.54,68.2
841150000B0543,2.3,1.65,0.558,0.45,1.55,2696,1160,56.97,4.34,35.31
840370000C0702,2.25,1.65,0.548,0.457,2.5,1847,479,74.07,43.31,59.94
840370000H0141,1.9,1.65,0.435,0.598,1.84,2194,940,57.16,28.4,45.58
831000000E0369,2.0,1.85,0.586,0.524,1.19,875,468,46.51,0.0,15.89
13087000AV0661,2.05,2.05,0.563,0.416,9.74,4704,264,94.39,86.5,89.73
841500000E0661,2.1,1.2,0.485,0.54,9.34,4585,368,91.97,85.13,89.29
830860000C0055,2.2,2.1,0.602,0.394,1.64,13896,4566,67.14,16.68,39.07
263570000L0045,2.2,1.4,0.462,0.678,1.42,1594,903,43.35,16.5,29.74
840510000D0360,1.2,0.9,0.283,0.631,42.97,4770,65,98.64,97.84,97.67
13035000BC0010,2.1,1.45,0.553,0.491,1.76,282,133,52.84,3.9,43.26
840400000C0522,2.35,1.6,0.513,0.475,4.72,2017,304,84.93,68.27,78.83
13050000BL0043,2.45,2.1,0.563,0.417,1.82,450,148,67.11,21.11,45.11
84004000BO0070,2.1,1.25,0.524,0.532,2.48,2000,623,68.85,41.45,59.65
841330000A0553,2.4,1.3,0.437,0.647,1.83,879,383,56.43,32.65,45.28
263570000B0341,2.1,1.4,0.519,0.684,3.25,869,195,77.56,67.2,69.28
260330000G0331,2.1,1.55,0.548,0.517,1.6,427,213,50.12,3.51,37.47
070150000A0203,2.2,1.15,0.373,0.613,1.33,1172,752,35.84,0.0,25.0
130510000E1253,1.95,1.75,0.558,0.447,1.48,788,351,55.46,0.25,32.23
831250000C0343,2.5,2.0,0.289,0.25,87.5,525,3,99.43,97.71,98.86
262850000C0417,2.45,1.4,0.539,0.48,2.06,1059,378,64.31,25.59,51.56
071130000B0837,2.5,1.65,0.562,0.493,1.54,1076,489,54.55,7.81,34.94
84081000BL0037,2.65,1.4,0.525,0.484,1.81,2093,895,57.24,11.66,44.62
84003000AC0049,2.05,1.35,0.519,0.476,2.38,5837,1711,70.69,38.44,57.97
840170000C0698,2.35,1.65,0.549,0.413,1.64,1281,526,58.94,0.47,39.03
830560000C0363,2.15,1.3,0.139,0.357,198.43,1389,5,99.64,98.99,99.5
830350000E2753,2.15,2.05,0.584,0.451,1.51,3210,1404,56.26,3.08,33.8
840840000C0323,2.5,1.35,0.414,0.61,1.82,722,353,51.11,19.81,45.15
130850000N0014,2.5,2.15,0.519,0.422,2.06,1974,712,63.93,14.49,51.37
841060000A0624,2.2,1.4,0.466,0.401,7.54,1394,123,91.18,77.98,86.73
841340000C0323,2.2,1.2,0.473,0.617,5.51,2127,327,84.63,75.08,81.85
83097000AO0297,2.3,1.9,0.578,0.411,1.56,364,150,58.79,0.0,35.71
83116000AX0120,,,,,,,,,,
840390000G0176,2.15,1.6,0.541,0.611,1.97,598,214,64.21,41.47,49.33
840720000A0925,2.25,1.65,0.554,0.513,1.51,1866,852,54.34,10.99,33.92
841500000F0032,2.35,1.4,0.53,0.514,1.98,989,374,62.18,26.49,49.44
84082000AX0211,,,,,,,,,,
830920000D0817,2.3,2.1,0.606,0.419,3.12,818,166,79.71,51.59,67.97
13050000AT0026,2.5,2.0,0.476,0.681,4.06,1316,246,81.31,72.57,75.38
841380000L0144,1.95,1.4,0.437,0.687,1.81,3125,1307,58.18,39.14,44.86
07102000BB0174,,,,,,,,,,
840420000D0672,2.15,1.35,0.528,0.47,1.93,1117,450,59.71,14.23,48.08
84106000AS0015,2.1,1.4,0.428,0.813,3.72,2221,421,81.04,76.68,73.12
83123000AZ0068,2.3,2.15,0.591,0.47,4.26,1437,170,88.17,74.81,76.55
840440000D0649,2.35,1.6,0.46,0.787,3.34,314,74,76.43,70.06,70.06
261920000C0588,2.4,1.4,0.538,0.472,2.43,1664,485,70.85,38.22,58.77
840170000E1106,1.95,1.5,0.378,0.5,27.42,658,13,98.02,96.05,96.35
840220000D0293,2.25,1.4,0.534,0.497,2.22,3806,1227,67.76,35.08,55.02
830670000C1259,2.25,2.1,0.604,0.427,1.42,4571,1839,59.77,5.78,29.4
840960000C0072,2.2,1.15,0.393,0.548,7.67,299,34,88.63,79.26,86.96
261880000D0848,1.25,1.05,0.261,0.618,50.0,1900,21,98.89,98.21,98.0
830350000B0699,2.2,2.0,0.529,0.595,1.36,1048,634,39.5,0.0,26.43
841380000H0290,2.3,1.4,0.351,0.725,1.59,1333,676,49.29,30.01,37.13
830350000B0557,2.0,2.0,0.607,0.518,1.31,1333,679,49.06,1.58,23.56
84104000AL0326,2.05,1.05,0.305,0.5,56.67,850,11,98.71,97.41,98.24
83097000AD0010,2.55,2.1,0.517,0.518,1.77,212,102,51.89,7.08,43.4
841500000E0308,2.35,1.3,0.523,0.549,2.77,3569,1046,70.69,46.57,63.88
263480000E0327,2.05,1.4,0.499,0.427,1.85,3283,1391,57.63,0.85,46.02
263770000H0018,2.55,1.35,0.455,0.47,4.31,5358,897,83.26,64.37,76.82
831080000D0254,1.95,1.25,0.511,0.492,1.68,9745,4936,49.35,0.0,40.58
841170000A0485,2.1,1.35,0.411,0.762,5.88,2953,364,87.67,83.81,83.0
84106000ZB0033,2.25,1.4,0.535,0.509,1.45,5400,2717,49.69,1.13,31.15
83136000AY0044,2.55,2.15,0.616,0.392,1.45,1622,587,63.81,7.71,31.01
840170000D0103,2.25,1.6,0.405,0.627,1.48,1255,724,42.31,8.05,32.59
26377000ZA0130,2.0,1.35,0.524,0.541,1.73,821,393,52.13,11.45,42.27
841340000C0152,1.95,1.4,0.462,0.5,7.97,1547,115,92.57,85.13,87.46
840510000C0192,2.5,1.15,0.451,0.544,13.84,2478,137,94.47,89.83,92.78
84028000AC0137,2.2,1.35,0.529,0.516,1.67,430,207,51.86,6.74,40.23
830270000E0059,2.15,1.95,0.51,0.521,2.33,1724,533,69.08,40.66,57.08
830460000C0090,2.55,2.0,0.602,0.413,2.56,2264,494,78.18,47.22,60.95
26367000AK0103,2.4,1.4,0.518,0.51,5.6,1670,226,86.47,73.47,82.16
263570000C0303,1.65,1.1,0.259,0.242,4.6,46,8,82.61,28.26,78.26
84086000AP0018,2.4,1.15,0.451,0.545,6.65,306,42,86.27,74.84,84.97
26367000AR0092,2.25,1.4,0.533,0.55,2.95,2144,510,76.21,56.72,66.04
840220000C0366,2.0,1.4,0.543,0.594,2.38,797,253,68.26,46.55,57.97
840960000B0808,2.35,1.4,0.362,0.732,1.54,396,216,45.45,25.51,35.1
840290000C0242,2.2,1.4,0.341,0.835,5.44,1077,142,86.82,84.22,81.62
830330000E0465,2.4,2.0,0.587,0.419,2.53,1380,347,74.86,39.93,60.43
841170000B0031,2.15,1.4,0.53,0.61,1.85,372,163,56.18,28.23,45.97
072910000A0635,2.2,1.65,0.438,0.766,2.26,629,200,68.2,58.51,55.8
840490000A0060,2.6,1.6,0.512,0.386,3.64,790,146,81.52,52.15,72.53
072910000A0821,2.3,1.5,0.44,0.338,17.03,1192,51,95.72,87.33,94.13
840530000C0281,2.35,1.2,0.423,0.44,15.3,1285,66,94.86,88.33,93.46
841470000A0465,2.0,1.35,0.528,0.472,1.72,11471,5327,53.56,1.53,41.8
070970000A0006,2.0,1.9,0.57,0.649,2.01,155,50,67.74,50.32,50.32
07143000AB0507,1.9,1.2,0.493,0.523,1.61,417,225,46.04,0.0,37.89
84031000AE0066,2.0,1.45,0.543,0.512,1.57,659,331,49.77,1.97,36.27
830350000B1078,1.85,1.85,0.559,0.538,1.2,700,371,47.0,1.43,16.71
131150000D0270,2.3,1.85,0.583,0.582,1.84,272,103,62.13,34.93,45.59
841300000A0396,2.35,1.25,0.491,0.442,4.78,3826,607,84.13,64.09,79.09
831060000D0608,2.4,2.05,0.433,0.515,8.17,890,70,92.13,84.72,87.75
840440000D0923,,,,,,,,,,
841300000B0775,2.2,1.25,0.407,0.695,2.44,591,205,65.31,50.08,59.05
840450000B0270,1.35,1.4,0.322,0.629,23.08,1108,22,98.01,96.84,95.67
830180000D0823,2.4,2.05,0.472,0.579,1.56,668,369,44.76,4.64,35.93
83023000BM0063,,,,,,,,,,
830270000E0214,2.2,1.9,0.502,0.647,1.5,1340,711,46.94,17.99,33.21
263770000B0419,2.4,1.35,0.431,0.408,9.33,504,40,92.06,80.56,89.29
830570000A0626,2.5,1.95,0.391,0.25,57.03,1939,20,98.97,95.87,98.25
840190000C0314,2.25,1.4,0.419,0.736,3.31,1223,248,79.72,72.44,69.83
83096000AB0068,2.0,1.35,0.518,0.521,1.55,1023,548,46.43,0.0,35.48
07070000AL0126,1.8,1.3,0.474,0.508,1.59,1392,706,49.28,0.07,37.21
840100000A0018,2.55,1.35,0.394,0.631,1.87,716,304,57.54,32.68,46.65
831250000D0116,2.3,2.15,0.604,0.399,1.47,1295,502,61.24,2.93,31.81
13110000BW0151,2.5,1.95,0.472,0.521,1.7,2009,1057,47.39,0.0,41.02
84028000BD0298,2.25,1.4,0.387,0.747,2.21,5737,1943,66.13,54.65,54.84
26071000ZA0100,2.45,1.9,0.585,0.481,1.29,1309,631,51.8,0.0,22.77
26377000AE0024,2.5,1.35,0.483,0.6,1.93,9482,3598,62.05,36.73,48.15
840370000D0633,2.2,1.65,0.564,0.526,2.68,1307,306,76.59,55.47,62.66
13056000DR0025,2.15,2.0,0.576,0.405,1.72,3618,1405,61.17,4.01,41.76
840970000B0122,2.35,1.4,0.518,0.497,1.72,8008,3574,55.37,10.23,41.75
13082000AT0060,2.0,1.75,0.573,0.455,1.46,2630,1194,54.6,0.11,31.29
840960000B0222,2.0,1.4,0.366,0.753,1.59,1341,661,50.71,34.53,37.29
130800000B0387,2.5,1.9,0.496,0.554,1.53,3670,1976,46.16,2.89,34.71
841090000A0063,2.5,1.6,0.559,0.427,2.42,640,184,71.25,32.66,58.59
072790000B0106,2.2,1.65,0.555,0.461,1.75,896,349,61.05,15.51,42.97
261560000B0327,1.9,2.0,0.594,0.564,3.2,628,128,79.62,63.85,68.79
83042000AY0012,2.5,2.15,0.606,0.516,2.88,924,161,82.58,66.23,65.26
84106000AD0057,2.55,1.4,0.534,0.444,2.53,5219,1373,73.69,40.72,60.51
07324000AW0028,1.8,1.35,0.487,0.501,1.51,414,209,49.52,0.0,33.82
840190000D0303,2.1,1.4,0.423,0.707,2.14,2199,758,65.53,51.25,53.34
840440000D1123,2.55,1.5,0.547,0.481,2.93,202,52,74.26,46.53,65.84
840890000B0215,2.2,1.35,0.529,0.433,1.8,1779,769,56.77,0.11,44.29
84129000BH0021,2.15,1.5,0.418,0.574,1.6,209,117,44.02,2.39,37.32
830940000F0189,1.9,1.35,0.508,0.524,1.5,705,378,46.38,0.0,33.19
26085000ZN0135,2.1,1.65,0.515,0.465,4.94,1245,181,85.46,68.76,79.76
830320000E1735,2.5,2.15,0.525,0.275,5.53,802,93,88.4,57.86,81.92
830750000B0370,2.35,1.95,0.51,0.775,2.65,440,124,71.82,63.64,62.27
26345000AV0022,2.25,1.35,0.301,0.711,4.44,1390,270,80.58,72.66,77.48
13079000AZ0009,2.05,2.15,0.614,0.522,1.46,1736,656,62.21,27.65,31.62
841480000A0040,2.35,1.4,0.522,0.424,2.04,247,106,57.09,0.0,51.01
841360000B0737,2.35,1.35,0.508,0.581,7.81,2046,190,90.71,84.02,87.19
84012000AS0065,2.15,1.05,0.256,0.828,8.86,1312,101,92.3,90.7,88.72
26317000AB0048,2.35,1.2,0.417,0.493,85.64,3597,34,99.05,98.08,98.83
841360000B0562,2.25,1.35,0.419,0.604,1.99,329,131,60.18,34.04,49.85
84082000AD0047,2.4,1.65,0.565,0.452,1.67,573,236,58.81,8.9,40.14
262750000F0463,2.35,1.4,0.526,0.508,2.53,865,244,71.79,44.51,60.46
07324000AE0175,2.05,1.85,0.58,0.465,1.51,1459,671,54.01,1.03,33.65
84012000AH0038,2.2,1.25,0.484,0.559,7.44,1742,167,90.41,82.84,86.57
831110000B0171,2.4,1.5,0.293,0.246,10.45,230,17,92.61,70.0,90.43
84091000AM0012,2.1,1.4,0.533,0.506,1.45,6225,3012,51.61,4.39,31.16
830640000C0046,2.55,1.65,0.399,0.671,1.24,1080,743,31.2,0.0,19.63
841260000F1211,2.5,1.35,0.543,0.51,1.94,637,263,58.71,19.0,48.35
830330000E0430,2.0,2.1,0.602,0.493,1.24,1212,583,51.9,2.48,19.22
84118000AZ0322,2.5,1.65,0.513,0.509,6.51,6032,580,90.38,81.12,84.63
26038000ZA0206,2.0,1.2,0.518,0.513,1.76,24158,12380,48.75,0.17,43.12
84149000AS0027,2.25,1.4,0.541,0.526,3.14,5005,1156,76.9,56.06,68.17
830510000E0522,1.65,1.8,0.434,0.605,12.0,612,26,95.75,92.97,91.67
073170000B0678,2.5,1.15,0.356,0.663,1.34,1141,743,34.88,1.84,25.33
840560000A0045,2.4,1.4,0.528,0.546,7.15,1952,178,90.88,83.3,86.01
830970000D0925,2.5,2.15,0.575,0.355,3.72,21273,3474,83.67,53.96,73.13
841380000I0164,2.4,1.3,0.482,0.407,2.05,1090,436,60.0,1.65,51.28
841340000D0218,2.5,1.25,0.378,0.376,13.15,513,32,93.76,83.43,92.4
840490000A0798,2.3,1.45,0.498,0.466,4.57,795,139,82.52,62.52,78.11
840840000D0259,2.5,1.35,0.428,0.565,2.47,5291,1813,65.73,39.37,59.57
841500000A0207,2.3,1.4,0.345,0.708,2.82,3236,963,70.24,57.94,64.52
840980000B0264,2.3,1.2,0.312,0.742,1.54,556,308,44.6,25.36,34.89
830350000E1111,2.3,1.9,0.561,0.339,2.87,359,94,73.82,22.84,65.18
07070000AL0102,,,,,,,,,,
830040000G0277,2.45,2.05,0.589,0.447,4.52,4874,568,88.35,73.94,77.86
840490000A0083,2.5,1.65,0.528,0.497,3.41,467,84,82.01,63.81,70.66
263220000B0883,2.2,1.4,0.452,0.579,2.54,2782,837,69.91,48.06,60.68
84024000AI0218,2.5,1.35,0.398,0.661,1.62,6374,3119,51.07,25.95,38.28
840900000D0025,1.55,1.3,0.381,0.384,37.37,5419,98,98.19,95.29,97.32
83123000AM1128,2.25,1.75,0.46,0.374,11.65,1305,61,95.33,87.51,91.42
841500000H0797,2.15,1.4,0.536,0.465,1.55,4876,2215,54.57,2.38,35.54
841360000C1212,2.05,1.35,0.53,0.539,1.5,617,324,47.49,2.59,33.23
840470000D1571,2.35,1.65,0.555,0.376,1.84,5402,2020,62.61,0.48,45.59
07324000AH0101,1.85,1.95,0.553,0.423,1.58,2615,1120,57.17,0.0,36.71
841160000A1141,2.45,1.4,0.393,0.827,5.06,1347,201,85.08,81.96,80.25
841500000H0454,2.25,1.4,0.41,0.776,3.3,2764,615,77.75,71.31,69.68
841380000F0213,2.45,1.4,0.502,0.415,3.21,1241,279,77.52,45.77,68.82
070990000G0412,2.3,1.65,0.562,0.501,5.41,2319,286,87.67,75.38,81.5
830710000C0292,1.5,1.45,0.432,0.446,1.49,19410,8722,55.06,0.0,32.9
830570000F0280,2.05,1.95,0.589,0.571,4.89,2922,300,89.73,82.03,79.57
840390000A0389,1.9,1.55,0.532,0.543,1.34,777,438,43.63,0.0,25.1
071690000C0828,1.6,1.8,0.501,0.493,1.45,1536,758,50.65,0.0,31.25
840870000M0176,2.05,1.65,0.565,0.559,1.31,334,185,44.61,0.9,23.95
830690000D0560,2.4,1.6,0.397,0.603,1.46,1657,970,41.46,2.96,31.5
840510000G0421,,,,,,,,,,
830350000B0581,2.0,2.1,0.589,0.423,1.57,1807,765,57.66,0.0,36.41
840220000D0486,,,,,,,,,,
830310000F1483,2.4,2.05,0.484,0.296,24.08,1830,42,97.7,92.24,95.85
262750000I0346,2.2,1.4,0.358,0.757,1.54,1776,926,47.86,31.08,34.91
261800000C0483,2.2,1.4,0.538,0.563,3.7,615,129,79.02,62.76,73.01
840490000A0482,2.5,1.6,0.518,0.454,4.44,537,79,85.29,67.6,77.47
262330000D0268,2.3,1.4,0.372,0.709,1.28,510,312,38.82,13.73,21.96
840870000I0321,2.0,1.6,0.511,0.616,5.66,4445,461,89.63,83.17,82.34
840470000D0754,2.5,1.6,0.481,0.726,3.46,1208,239,80.22,72.76,71.11
840490000A0270,2.25,1.65,0.454,0.8,2.31,942,304,67.73,59.66,56.69
84050000BY0069,2.05,1.6,0.484,0.43,7.95,1764,150,91.5,80.22,87.41
84102000AO0141,2.3,1.4,0.383,0.68,8.91,1443,115,92.03,88.29,88.77
26179000ZD0042,2.0,1.95,0.599,0.514,1.22,2211,1110,49.8,2.31,18.09
840170000D0185,2.15,1.65,0.546,0.476,7.95,4316,344,92.03,83.27,87.42
840370000G0059,2.4,1.65,0.553,0.487,3.05,870,188,78.39,55.63,67.24
070990000F1154,2.1,1.65,0.553,0.578,7.62,5472,396,92.76,87.48,86.88
84031000AL0257,2.25,1.65,0.401,0.599,1.5,1518,900,40.71,1.05,33.14
830510000A0506,2.4,2.0,0.508,0.702,3.99,471,92,80.47,72.19,74.95
83112000DA0023,2.1,1.95,0.577,0.506,1.44,271,132,51.29,3.69,30.63
070700000A0276,1.55,1.6,0.447,0.518,1.39,448,232,48.21,0.0,28.12
830040000F0832,2.5,2.15,0.597,0.41,2.9,2104,360,82.89,58.32,65.54
841380000K0119,2.4,1.4,0.511,0.489,6.48,2833,291,89.73,79.0,84.57
841380000S0211,2.2,1.35,0.382,0.692,1.49,876,505,42.35,16.67,32.76
26071000ZE0033,2.0,1.0,0.499,0.527,2.0,7975,4175,47.65,0.58,50.01
84073000AV0267,1.4,0.95,0.281,0.553,39.8,1393,21,98.49,97.27,97.49
840870000L0350,2.45,1.65,0.57,0.477,2.1,1676,499,70.23,37.59,52.27
841060000E0178,2.0,1.4,0.362,0.778,1.47,1039,549,47.16,32.05,32.05
840150000B0689,,,,,,,,,,
830270000D0406,2.55,2.0,0.567,0.407,3.72,498,79,84.14,61.04,73.09
841330000G0826,2.6,1.25,0.363,0.622,2.35,160,61,61.88,38.75,57.5
84003000BZ0047,2.0,1.35,0.523,0.454,1.96,1861,782,57.98,7.42,49.06
13082000BN0006,2.05,2.0,0.592,0.573,3.77,1953,286,85.36,74.45,73.48
26054000AK0005,2.45,1.4,0.546,0.482,1.63,641,302,52.89,2.34,38.53
830670000C0274,2.0,2.05,0.592,0.457,1.43,6308,2760,56.25,4.33,30.28
841220000H0460,2.4,1.25,0.474,0.466,9.84,4044,329,91.86,82.54,89.84
26377000AW0110,2.3,1.35,0.468,0.426,4.68,1316,208,84.19,62.92,78.65
26220000AH0051,2.5,1.4,0.529,0.455,2.12,1949,638,67.27,28.01,52.9
263570000N0213,2.45,1.4,0.556,0.499,1.59,450,226,49.78,0.0,37.11
070970000A0065,2.35,2.1,0.574,0.426,2.32,461,143,68.98,27.11,56.83
84012000AC0042,2.25,1.05,0.392,0.408,2.93,132,40,69.7,25.76,65.91
830430000H0735,2.4,2.0,0.598,0.394,1.79,13595,4543,66.58,15.23,44.17
841480000A1168,2.4,1.65,0.504,0.628,1.97,122,54,55.74,29.51,49.18
841300000B0772,2.0,1.25,0.484,0.689,4.24,420,82,80.48,71.67,76.43
263800000C0613,1.6,1.9,0.517,0.492,1.55,314,156,50.32,0.0,35.35
83047000AN0126,2.45,2.1,0.611,0.404,1.62,3061,999,67.36,19.21,38.29
840510000F0492,2.55,1.35,0.349,0.762,3.85,281,61,78.29,71.53,74.02
830910000C0136,2.4,2.05,0.494,0.673,1.46,816,444,45.59,19.12,31.5
830270000C0880,2.2,2.1,0.547,0.573,1.76,2031,846,58.35,27.28,43.18
262330000C0110,2.45,1.4,0.542,0.524,2.33,618,199,67.8,38.51,57.12
840450000A0115,2.35,1.35,0.524,0.56,5.09,1482,225,84.82,72.87,80.36
84004000BB0001,1.5,0.9,0.323,0.589,23.13,2567,89,96.53,94.12,95.68
831480000I0147,2.15,1.9,0.434,0.287,8.08,517,48,90.72,67.7,87.62
841360000B0110,2.1,1.35,0.509,0.459,2.29,3558,1188,66.61,27.18,56.32
13087000AI0120,2.5,1.8,0.478,0.638,1.32,1167,753,35.48,0.0,24.25
26345000AP0387,2.5,1.4,0.494,0.415,3.36,582,139,76.12,42.44,70.27
84008000AH0074,2.2,1.65,0.551,0.559,3.56,3110,563,81.9,67.62,71.93
841380000O0360,2.45,1.2,0.325,0.804,3.01,346,90,73.99,67.63,66.76
840960000C0192,2.0,1.4,0.494,0.466,1.73,378,171,54.76,2.91,42.33
840220000A0673,2.5,1.4,0.532,0.453,1.66,226,102,54.87,0.44,39.82
841260000F0989,2.05,1.4,0.525,0.589,3.09,1145,264,76.94,60.87,67.69
84102000AB0114,,,,,,,,,,
840300000E1846,2.45,1.65,0.54,0.433,2.41,1588,438,72.42,36.34,58.44
841060000A0905,2.2,1.4,0.383,0.738,2.31,404,144,64.36,51.73,56.68
840870000C0206,2.5,1.6,0.556,0.615,2.11,400,158,60.5,35.75,52.5
071690000C1322,2.4,1.95,0.569,0.408,1.67,615,245,60.16,2.28,40.16
830310000F0726,2.4,2.1,0.565,0.479,1.57,3850,1561,59.45,15.43,36.44
840770000B0238,2.1,1.45,0.439,0.5,3.4,160,35,78.12,56.25,70.62
13110000BH0079,2.45,2.05,0.597,0.448,1.53,1120,408,63.57,18.75,34.46
830730000F1643,2.0,1.8,0.585,0.507,1.31,2049,1032,49.63,0.73,23.87
13082000CP0143,2.2,2.0,0.606,0.432,1.6,5389,1912,64.52,17.83,37.43
070150000C1024,2.4,2.15,0.51,0.373,5.2,639,57,91.08,76.06,80.75
830370000A0041,2.45,2.0,0.574,0.491,8.25,9432,669,92.91,85.56,87.88
262750000I0110,2.5,1.4,0.527,0.516,5.74,2561,307,88.01,76.77,82.58
840490000A0065,2.0,1.65,0.552,0.495,1.51,487,242,50.31,0.0,33.88
26054000AO0208,2.2,1.4,0.53,0.561,5.93,3125,363,88.38,79.3,83.14
840390000F0205,2.3,1.65,0.579,0.625,2.33,200,60,70.0,52.0,57.0
830720000D0313,2.4,2.05,0.592,0.462,2.47,893,204,77.16,50.5,59.46
84127000AX0178,2.25,1.4,0.415,0.856,4.13,1916,327,82.93,80.06,75.78
841220000B0585,2.5,1.35,0.536,0.462,2.52,3047,895,70.63,36.36,60.35
830570000D0076,,,,,,,,,,
830460000D0916,2.1,1.9,0.483,0.521,9.05,534,37,93.07,86.7,88.95
13079000AH0021,2.4,1.85,0.562,0.409,1.58,2801,1154,58.8,0.0,36.81
83136000AO0089,,,,,,,,,,
072680000B0091,2.3,1.4,0.396,0.706,2.02,933,372,60.13,43.52,50.59
840170000C1397,2.4,1.6,0.471,0.623,1.69,247,119,51.82,22.67,40.89
840720000E0162,2.3,1.65,0.573,0.54,1.92,2874,920,67.99,40.74,47.81
84102000BD0097,2.05,1.65,0.461,0.387,11.14,1203,65,94.6,86.03,91.02
840200000B0539,2.25,1.35,0.369,0.693,4.03,2907,526,81.91,73.89,75.2
840960000B0740,2.15,1.15,0.309,0.772,1.78,128,61,52.34,38.28,43.75
26317000AL0246,2.25,1.2,0.399,0.743,2.61,868,254,70.74,60.6,61.75
262750000C0616,2.55,1.4,0.507,0.485,3.68,228,48,78.95,56.58,72.81
84073000AD0041,2.0,1.05,0.383,0.605,26.33,711,23,96.77,94.66,96.2
840390000G0327,2.05,1.6,0.478,0.708,4.27,731,114,84.4,77.98,76.61
840770000B0201,1.7,1.45,0.326,0.565,31.76,540,13,97.59,95.74,96.85
840370000D0563,2.1,1.65,0.558,0.568,1.69,264,105,60.23,29.92,40.91
841090000A0455,2.25,1.65,0.504,0.622,3.94,2454,430,82.48,71.84,74.61
841090000A0124,2.15,1.45,0.448,0.531,10.55,707,43,93.92,88.54,90.52
84104000AI0108,2.2,1.4,0.367,0.765,3.11,716,176,75.42,67.88,67.88
830720000G0011,2.35,1.85,0.416,0.698,12.17,645,37,94.26,91.78,91.78
841340000C0553,2.4,1.4,0.514,0.505,7.68,1697,144,91.51,83.21,86.98
84082000AL0200,2.05,1.65,0.574,0.75,3.32,302,60,80.13,73.51,69.87
841380000Q0313,2.35,1.4,0.528,0.514,2.76,9405,2367,74.83,51.05,63.77
830450000G0048,2.05,1.9,0.564,0.632,7.93,1285,79,93.85,90.27,87.39
830530000C0018,2.1,2.0,0.595,0.518,2.68,796,188,76.38,54.4,62.69
830330000E0462,2.4,1.35,0.357,0.688,1.25,1108,751,32.22,1.53,19.95
830850000D0185,2.55,2.1,0.594,0.398,1.65,785,251,68.03,19.75,39.36
840490000D0776,2.05,1.6,0.448,0.565,1.79,295,139,52.88,16.61,44.07
840200000C0905,2.0,1.35,0.509,0.505,5.51,11840,1531,87.07,74.38,81.84
830850000D0076,1.8,1.95,0.425,0.4,20.78,956,28,97.07,92.68,95.19
830570000B0603,2.5,2.0,0.472,0.747,9.3,949,74,92.2,89.57,89.25
840420000C0130,1.95,1.15,0.425,0.656,15.67,1316,63,95.21,92.71,93.62
840490000D0151,2.15,1.65,0.503,0.425,2.79,826,214,74.09,39.1,64.16
830310000B0046,2.3,2.15,0.614,0.482,1.71,503,178,64.61,26.64,41.35
830570000F0216,2.25,2.0,0.538,0.418,13.65,1692,69,95.92,90.25,92.67
840890000C0820,2.2,1.3,0.506,0.469,2.61,1053,320,69.61,35.14,61.73
84089000AB0144,2.2,1.15,0.52,0.541,2.97,844,260,69.19,43.01,66.35
841060000B0237,2.15,1.4,0.524,0.581,1.79,441,197,55.33,23.13,44.22
84104000AO0059,2.0,1.4,0.55,0.544,1.48,586,318,45.73,0.17,32.42
83050000AP0281,2.35,1.85,0.318,0.5,146.23,1901,8,99.58,99.16,99.32
840490000D0750,2.15,1.65,0.551,0.5,2.26,106,35,66.98,33.96,55.66
26317000AC0177,2.1,1.4,0.535,0.463,1.84,738,315,57.32,7.72,45.53
